parameter,value,unit,predicted,residual,host,rig_epoch,engine,image,model,arch,quant,n_cpu_moe,width,ctx,ubatch,load_mode,cache_type,gpu_mem_util,sleep_mode,depends_on,co_residents,balloon_gib,clearance_gib,swappiness,cold_warm,instrument,date,source,row_key,note
wake_s,86.3242,s,,,srv1,srv1@hosts.json-decl-2026-09-03,llamacpp,llamacpp:b10644-L3,deepseek-coder-v2-16b.gguf,deepseek2,,19,2,8192,512,mapped,f16,,n/a,,,,5.936,unrecorded,cold start,door-return minus StartedAt (rig.wake_from),2026-09-09,records/measurements/flexibility-2026-09-09/results-q1-srv1.json,q1-deepseek-1,
card_steady_mib,5460,MiB,,,srv1,srv1@hosts.json-decl-2026-09-03,llamacpp,llamacpp:b10644-L3,deepseek-coder-v2-16b.gguf,deepseek2,,19,2,8192,512,mapped,f16,,n/a,,,,5.936,unrecorded,,nvidia-smi memory.used after load,2026-09-09,records/measurements/flexibility-2026-09-09/results-q1-srv1.json,q1-deepseek-1,
card_peak_minus_steady_mib,-14,MiB,,,srv1,srv1@hosts.json-decl-2026-09-03,llamacpp,llamacpp:b10644-L3,deepseek-coder-v2-16b.gguf,deepseek2,,19,2,8192,512,mapped,f16,,n/a,,,,5.936,unrecorded,,1 Hz sampler peak minus steady,2026-09-09,records/measurements/flexibility-2026-09-09/results-q1-srv1.json,q1-deepseek-1,
card_C_mib,3067.0,MiB,,,srv1,srv1@hosts.json-decl-2026-09-03,llamacpp,llamacpp:b10644-L3,deepseek-coder-v2-16b.gguf,deepseek2,,19,2,8192,512,mapped,f16,,n/a,,,,5.936,unrecorded,,net card minus vramfit.experts_on_card (headroom.py method),2026-09-09,records/measurements/flexibility-2026-09-09/results-q1-srv1.json,q1-deepseek-1,
shmem_mapped_unit_gib,0.1096,GiB,,,srv1,srv1@hosts.json-decl-2026-09-03,llamacpp,llamacpp:b10644-L3,deepseek-coder-v2-16b.gguf,deepseek2,,19,2,8192,512,mapped,f16,,n/a,,,,5.936,unrecorded,,/proc/meminfo Shmem steady,2026-09-09,records/measurements/flexibility-2026-09-09/results-q1-srv1.json,q1-deepseek-1,
decode_tok_s,34.7269,tok/s,,,srv1,srv1@hosts.json-decl-2026-09-03,llamacpp,llamacpp:b10644-L3,deepseek-coder-v2-16b.gguf,deepseek2,,19,2,8192,512,mapped,f16,,n/a,,,,5.936,unrecorded,"cold (first request, 1 sample)","llama.cpp /completion timings.predicted_per_second, n=160",2026-09-09,records/measurements/flexibility-2026-09-09/results-q1-srv1.json,q1-deepseek-1,
decode_tok_s,34.842,tok/s,,,srv1,srv1@hosts.json-decl-2026-09-03,llamacpp,llamacpp:b10644-L3,deepseek-coder-v2-16b.gguf,deepseek2,,19,2,8192,512,mapped,f16,,n/a,,,,5.936,unrecorded,warm (1 discarded + mean of 3),rig.decode_llamacpp_warm,2026-09-09,records/measurements/flexibility-2026-09-09/results-q1-srv1.json,q1-deepseek-1,"samples=[34.83, 34.85, 34.84]"
restarts,0,count,,,srv1,srv1@hosts.json-decl-2026-09-03,llamacpp,llamacpp:b10644-L3,deepseek-coder-v2-16b.gguf,deepseek2,,19,2,8192,512,mapped,f16,,n/a,,,,5.936,unrecorded,,docker RestartCount,2026-09-09,records/measurements/flexibility-2026-09-09/results-q1-srv1.json,q1-deepseek-1,
majfault_wake,5409,pages,,,srv1,srv1@hosts.json-decl-2026-09-03,llamacpp,llamacpp:b10644-L3,deepseek-coder-v2-16b.gguf,deepseek2,,19,2,8192,512,mapped,f16,,n/a,,,,5.936,unrecorded,,/proc/vmstat pgmajfault delta over wake,2026-09-09,records/measurements/flexibility-2026-09-09/results-q1-srv1.json,q1-deepseek-1,
pswpout_wake,0,pages,,,srv1,srv1@hosts.json-decl-2026-09-03,llamacpp,llamacpp:b10644-L3,deepseek-coder-v2-16b.gguf,deepseek2,,19,2,8192,512,mapped,f16,,n/a,,,,5.936,unrecorded,,/proc/vmstat pswpout delta over wake,2026-09-09,records/measurements/flexibility-2026-09-09/results-q1-srv1.json,q1-deepseek-1,
memavailable_drop_gib,0.7877,GiB,,,srv1,srv1@hosts.json-decl-2026-09-03,llamacpp,llamacpp:b10644-L3,deepseek-coder-v2-16b.gguf,deepseek2,,19,2,8192,512,mapped,f16,,n/a,,,,5.936,unrecorded,,MemAvailable before minus after (includes page cache),2026-09-09,records/measurements/flexibility-2026-09-09/results-q1-srv1.json,q1-deepseek-1,
wake_s,86.4296,s,,,srv1,srv1@hosts.json-decl-2026-09-03,llamacpp,llamacpp:b10644-L3,deepseek-coder-v2-16b.gguf,deepseek2,,19,2,8192,512,mapped,f16,,n/a,,,,5.893,unrecorded,cold start,door-return minus StartedAt (rig.wake_from),2026-09-09,records/measurements/flexibility-2026-09-09/results-q1-srv1.json,q1-deepseek-2,
card_steady_mib,5460,MiB,,,srv1,srv1@hosts.json-decl-2026-09-03,llamacpp,llamacpp:b10644-L3,deepseek-coder-v2-16b.gguf,deepseek2,,19,2,8192,512,mapped,f16,,n/a,,,,5.893,unrecorded,,nvidia-smi memory.used after load,2026-09-09,records/measurements/flexibility-2026-09-09/results-q1-srv1.json,q1-deepseek-2,
card_peak_minus_steady_mib,-14,MiB,,,srv1,srv1@hosts.json-decl-2026-09-03,llamacpp,llamacpp:b10644-L3,deepseek-coder-v2-16b.gguf,deepseek2,,19,2,8192,512,mapped,f16,,n/a,,,,5.893,unrecorded,,1 Hz sampler peak minus steady,2026-09-09,records/measurements/flexibility-2026-09-09/results-q1-srv1.json,q1-deepseek-2,
card_C_mib,3067.0,MiB,,,srv1,srv1@hosts.json-decl-2026-09-03,llamacpp,llamacpp:b10644-L3,deepseek-coder-v2-16b.gguf,deepseek2,,19,2,8192,512,mapped,f16,,n/a,,,,5.893,unrecorded,,net card minus vramfit.experts_on_card (headroom.py method),2026-09-09,records/measurements/flexibility-2026-09-09/results-q1-srv1.json,q1-deepseek-2,
shmem_mapped_unit_gib,0.1096,GiB,,,srv1,srv1@hosts.json-decl-2026-09-03,llamacpp,llamacpp:b10644-L3,deepseek-coder-v2-16b.gguf,deepseek2,,19,2,8192,512,mapped,f16,,n/a,,,,5.893,unrecorded,,/proc/meminfo Shmem steady,2026-09-09,records/measurements/flexibility-2026-09-09/results-q1-srv1.json,q1-deepseek-2,
decode_tok_s,34.6986,tok/s,,,srv1,srv1@hosts.json-decl-2026-09-03,llamacpp,llamacpp:b10644-L3,deepseek-coder-v2-16b.gguf,deepseek2,,19,2,8192,512,mapped,f16,,n/a,,,,5.893,unrecorded,"cold (first request, 1 sample)","llama.cpp /completion timings.predicted_per_second, n=160",2026-09-09,records/measurements/flexibility-2026-09-09/results-q1-srv1.json,q1-deepseek-2,
decode_tok_s,34.8351,tok/s,,,srv1,srv1@hosts.json-decl-2026-09-03,llamacpp,llamacpp:b10644-L3,deepseek-coder-v2-16b.gguf,deepseek2,,19,2,8192,512,mapped,f16,,n/a,,,,5.893,unrecorded,warm (1 discarded + mean of 3),rig.decode_llamacpp_warm,2026-09-09,records/measurements/flexibility-2026-09-09/results-q1-srv1.json,q1-deepseek-2,"samples=[34.84, 34.83, 34.84]"
restarts,0,count,,,srv1,srv1@hosts.json-decl-2026-09-03,llamacpp,llamacpp:b10644-L3,deepseek-coder-v2-16b.gguf,deepseek2,,19,2,8192,512,mapped,f16,,n/a,,,,5.893,unrecorded,,docker RestartCount,2026-09-09,records/measurements/flexibility-2026-09-09/results-q1-srv1.json,q1-deepseek-2,
majfault_wake,5291,pages,,,srv1,srv1@hosts.json-decl-2026-09-03,llamacpp,llamacpp:b10644-L3,deepseek-coder-v2-16b.gguf,deepseek2,,19,2,8192,512,mapped,f16,,n/a,,,,5.893,unrecorded,,/proc/vmstat pgmajfault delta over wake,2026-09-09,records/measurements/flexibility-2026-09-09/results-q1-srv1.json,q1-deepseek-2,
pswpout_wake,0,pages,,,srv1,srv1@hosts.json-decl-2026-09-03,llamacpp,llamacpp:b10644-L3,deepseek-coder-v2-16b.gguf,deepseek2,,19,2,8192,512,mapped,f16,,n/a,,,,5.893,unrecorded,,/proc/vmstat pswpout delta over wake,2026-09-09,records/measurements/flexibility-2026-09-09/results-q1-srv1.json,q1-deepseek-2,
memavailable_drop_gib,0.7809,GiB,,,srv1,srv1@hosts.json-decl-2026-09-03,llamacpp,llamacpp:b10644-L3,deepseek-coder-v2-16b.gguf,deepseek2,,19,2,8192,512,mapped,f16,,n/a,,,,5.893,unrecorded,,MemAvailable before minus after (includes page cache),2026-09-09,records/measurements/flexibility-2026-09-09/results-q1-srv1.json,q1-deepseek-2,
wake_s,127.6821,s,,,srv1,srv1@hosts.json-decl-2026-09-03,llamacpp,llamacpp:b10644-L3,gemma-4-26B-A4B-it-UD-IQ3_XXS.gguf,gemma4,UD-IQ3_XXS,22,2,8192,512,mapped,f16,,n/a,,,,3.573,unrecorded,cold start,door-return minus StartedAt (rig.wake_from),2026-09-09,records/measurements/flexibility-2026-09-09/results-q1-srv1.json,q1-gemma-1,
card_steady_mib,5560,MiB,,,srv1,srv1@hosts.json-decl-2026-09-03,llamacpp,llamacpp:b10644-L3,gemma-4-26B-A4B-it-UD-IQ3_XXS.gguf,gemma4,UD-IQ3_XXS,22,2,8192,512,mapped,f16,,n/a,,,,3.573,unrecorded,,nvidia-smi memory.used after load,2026-09-09,records/measurements/flexibility-2026-09-09/results-q1-srv1.json,q1-gemma-1,
card_peak_minus_steady_mib,-14,MiB,,,srv1,srv1@hosts.json-decl-2026-09-03,llamacpp,llamacpp:b10644-L3,gemma-4-26B-A4B-it-UD-IQ3_XXS.gguf,gemma4,UD-IQ3_XXS,22,2,8192,512,mapped,f16,,n/a,,,,3.573,unrecorded,,1 Hz sampler peak minus steady,2026-09-09,records/measurements/flexibility-2026-09-09/results-q1-srv1.json,q1-gemma-1,
card_C_mib,3039.8086,MiB,,,srv1,srv1@hosts.json-decl-2026-09-03,llamacpp,llamacpp:b10644-L3,gemma-4-26B-A4B-it-UD-IQ3_XXS.gguf,gemma4,UD-IQ3_XXS,22,2,8192,512,mapped,f16,,n/a,,,,3.573,unrecorded,,net card minus vramfit.experts_on_card (headroom.py method),2026-09-09,records/measurements/flexibility-2026-09-09/results-q1-srv1.json,q1-gemma-1,
shmem_mapped_unit_gib,0.03,GiB,,,srv1,srv1@hosts.json-decl-2026-09-03,llamacpp,llamacpp:b10644-L3,gemma-4-26B-A4B-it-UD-IQ3_XXS.gguf,gemma4,UD-IQ3_XXS,22,2,8192,512,mapped,f16,,n/a,,,,3.573,unrecorded,,/proc/meminfo Shmem steady,2026-09-09,records/measurements/flexibility-2026-09-09/results-q1-srv1.json,q1-gemma-1,
decode_tok_s,30.3937,tok/s,,,srv1,srv1@hosts.json-decl-2026-09-03,llamacpp,llamacpp:b10644-L3,gemma-4-26B-A4B-it-UD-IQ3_XXS.gguf,gemma4,UD-IQ3_XXS,22,2,8192,512,mapped,f16,,n/a,,,,3.573,unrecorded,"cold (first request, 1 sample)","llama.cpp /completion timings.predicted_per_second, n=160",2026-09-09,records/measurements/flexibility-2026-09-09/results-q1-srv1.json,q1-gemma-1,
decode_tok_s,31.1638,tok/s,,,srv1,srv1@hosts.json-decl-2026-09-03,llamacpp,llamacpp:b10644-L3,gemma-4-26B-A4B-it-UD-IQ3_XXS.gguf,gemma4,UD-IQ3_XXS,22,2,8192,512,mapped,f16,,n/a,,,,3.573,unrecorded,warm (1 discarded + mean of 3),rig.decode_llamacpp_warm,2026-09-09,records/measurements/flexibility-2026-09-09/results-q1-srv1.json,q1-gemma-1,"samples=[31.21, 31.21, 31.08]"
restarts,0,count,,,srv1,srv1@hosts.json-decl-2026-09-03,llamacpp,llamacpp:b10644-L3,gemma-4-26B-A4B-it-UD-IQ3_XXS.gguf,gemma4,UD-IQ3_XXS,22,2,8192,512,mapped,f16,,n/a,,,,3.573,unrecorded,,docker RestartCount,2026-09-09,records/measurements/flexibility-2026-09-09/results-q1-srv1.json,q1-gemma-1,
majfault_wake,9773,pages,,,srv1,srv1@hosts.json-decl-2026-09-03,llamacpp,llamacpp:b10644-L3,gemma-4-26B-A4B-it-UD-IQ3_XXS.gguf,gemma4,UD-IQ3_XXS,22,2,8192,512,mapped,f16,,n/a,,,,3.573,unrecorded,,/proc/vmstat pgmajfault delta over wake,2026-09-09,records/measurements/flexibility-2026-09-09/results-q1-srv1.json,q1-gemma-1,
pswpout_wake,42339,pages,,,srv1,srv1@hosts.json-decl-2026-09-03,llamacpp,llamacpp:b10644-L3,gemma-4-26B-A4B-it-UD-IQ3_XXS.gguf,gemma4,UD-IQ3_XXS,22,2,8192,512,mapped,f16,,n/a,,,,3.573,unrecorded,,/proc/vmstat pswpout delta over wake,2026-09-09,records/measurements/flexibility-2026-09-09/results-q1-srv1.json,q1-gemma-1,
memavailable_drop_gib,0.6121,GiB,,,srv1,srv1@hosts.json-decl-2026-09-03,llamacpp,llamacpp:b10644-L3,gemma-4-26B-A4B-it-UD-IQ3_XXS.gguf,gemma4,UD-IQ3_XXS,22,2,8192,512,mapped,f16,,n/a,,,,3.573,unrecorded,,MemAvailable before minus after (includes page cache),2026-09-09,records/measurements/flexibility-2026-09-09/results-q1-srv1.json,q1-gemma-1,
wake_s,124.755,s,,,srv1,srv1@hosts.json-decl-2026-09-03,llamacpp,llamacpp:b10644-L3,gemma-4-26B-A4B-it-UD-IQ3_XXS.gguf,gemma4,UD-IQ3_XXS,22,2,8192,512,mapped,f16,,n/a,,,,3.598,unrecorded,cold start,door-return minus StartedAt (rig.wake_from),2026-09-09,records/measurements/flexibility-2026-09-09/results-q1-srv1.json,q1-gemma-2,
card_steady_mib,5560,MiB,,,srv1,srv1@hosts.json-decl-2026-09-03,llamacpp,llamacpp:b10644-L3,gemma-4-26B-A4B-it-UD-IQ3_XXS.gguf,gemma4,UD-IQ3_XXS,22,2,8192,512,mapped,f16,,n/a,,,,3.598,unrecorded,,nvidia-smi memory.used after load,2026-09-09,records/measurements/flexibility-2026-09-09/results-q1-srv1.json,q1-gemma-2,
card_peak_minus_steady_mib,-14,MiB,,,srv1,srv1@hosts.json-decl-2026-09-03,llamacpp,llamacpp:b10644-L3,gemma-4-26B-A4B-it-UD-IQ3_XXS.gguf,gemma4,UD-IQ3_XXS,22,2,8192,512,mapped,f16,,n/a,,,,3.598,unrecorded,,1 Hz sampler peak minus steady,2026-09-09,records/measurements/flexibility-2026-09-09/results-q1-srv1.json,q1-gemma-2,
card_C_mib,3039.8086,MiB,,,srv1,srv1@hosts.json-decl-2026-09-03,llamacpp,llamacpp:b10644-L3,gemma-4-26B-A4B-it-UD-IQ3_XXS.gguf,gemma4,UD-IQ3_XXS,22,2,8192,512,mapped,f16,,n/a,,,,3.598,unrecorded,,net card minus vramfit.experts_on_card (headroom.py method),2026-09-09,records/measurements/flexibility-2026-09-09/results-q1-srv1.json,q1-gemma-2,
shmem_mapped_unit_gib,0.03,GiB,,,srv1,srv1@hosts.json-decl-2026-09-03,llamacpp,llamacpp:b10644-L3,gemma-4-26B-A4B-it-UD-IQ3_XXS.gguf,gemma4,UD-IQ3_XXS,22,2,8192,512,mapped,f16,,n/a,,,,3.598,unrecorded,,/proc/meminfo Shmem steady,2026-09-09,records/measurements/flexibility-2026-09-09/results-q1-srv1.json,q1-gemma-2,
decode_tok_s,30.7792,tok/s,,,srv1,srv1@hosts.json-decl-2026-09-03,llamacpp,llamacpp:b10644-L3,gemma-4-26B-A4B-it-UD-IQ3_XXS.gguf,gemma4,UD-IQ3_XXS,22,2,8192,512,mapped,f16,,n/a,,,,3.598,unrecorded,"cold (first request, 1 sample)","llama.cpp /completion timings.predicted_per_second, n=160",2026-09-09,records/measurements/flexibility-2026-09-09/results-q1-srv1.json,q1-gemma-2,
decode_tok_s,31.064,tok/s,,,srv1,srv1@hosts.json-decl-2026-09-03,llamacpp,llamacpp:b10644-L3,gemma-4-26B-A4B-it-UD-IQ3_XXS.gguf,gemma4,UD-IQ3_XXS,22,2,8192,512,mapped,f16,,n/a,,,,3.598,unrecorded,warm (1 discarded + mean of 3),rig.decode_llamacpp_warm,2026-09-09,records/measurements/flexibility-2026-09-09/results-q1-srv1.json,q1-gemma-2,"samples=[31.07, 31.08, 31.04]"
restarts,0,count,,,srv1,srv1@hosts.json-decl-2026-09-03,llamacpp,llamacpp:b10644-L3,gemma-4-26B-A4B-it-UD-IQ3_XXS.gguf,gemma4,UD-IQ3_XXS,22,2,8192,512,mapped,f16,,n/a,,,,3.598,unrecorded,,docker RestartCount,2026-09-09,records/measurements/flexibility-2026-09-09/results-q1-srv1.json,q1-gemma-2,
majfault_wake,12198,pages,,,srv1,srv1@hosts.json-decl-2026-09-03,llamacpp,llamacpp:b10644-L3,gemma-4-26B-A4B-it-UD-IQ3_XXS.gguf,gemma4,UD-IQ3_XXS,22,2,8192,512,mapped,f16,,n/a,,,,3.598,unrecorded,,/proc/vmstat pgmajfault delta over wake,2026-09-09,records/measurements/flexibility-2026-09-09/results-q1-srv1.json,q1-gemma-2,
pswpout_wake,60399,pages,,,srv1,srv1@hosts.json-decl-2026-09-03,llamacpp,llamacpp:b10644-L3,gemma-4-26B-A4B-it-UD-IQ3_XXS.gguf,gemma4,UD-IQ3_XXS,22,2,8192,512,mapped,f16,,n/a,,,,3.598,unrecorded,,/proc/vmstat pswpout delta over wake,2026-09-09,records/measurements/flexibility-2026-09-09/results-q1-srv1.json,q1-gemma-2,
memavailable_drop_gib,0.6138,GiB,,,srv1,srv1@hosts.json-decl-2026-09-03,llamacpp,llamacpp:b10644-L3,gemma-4-26B-A4B-it-UD-IQ3_XXS.gguf,gemma4,UD-IQ3_XXS,22,2,8192,512,mapped,f16,,n/a,,,,3.598,unrecorded,,MemAvailable before minus after (includes page cache),2026-09-09,records/measurements/flexibility-2026-09-09/results-q1-srv1.json,q1-gemma-2,
wake_s,139.7735,s,,,srv1,srv1@hosts.json-decl-2026-09-03,llamacpp,llamacpp:b10644-L3,Qwen3.6-35B-A3B-UD-IQ3_XXS.gguf,qwen35moe,UD-IQ3_XXS,29,2,8192,512,mapped,f16,,n/a,,,,1.927,unrecorded,cold start,door-return minus StartedAt (rig.wake_from),2026-09-09,records/measurements/flexibility-2026-09-09/results-q1-srv1.json,q1-qwen36-w8192-1,
card_steady_mib,5222,MiB,,,srv1,srv1@hosts.json-decl-2026-09-03,llamacpp,llamacpp:b10644-L3,Qwen3.6-35B-A3B-UD-IQ3_XXS.gguf,qwen35moe,UD-IQ3_XXS,29,2,8192,512,mapped,f16,,n/a,,,,1.927,unrecorded,,nvidia-smi memory.used after load,2026-09-09,records/measurements/flexibility-2026-09-09/results-q1-srv1.json,q1-qwen36-w8192-1,
card_peak_minus_steady_mib,-14,MiB,,,srv1,srv1@hosts.json-decl-2026-09-03,llamacpp,llamacpp:b10644-L3,Qwen3.6-35B-A3B-UD-IQ3_XXS.gguf,qwen35moe,UD-IQ3_XXS,29,2,8192,512,mapped,f16,,n/a,,,,1.927,unrecorded,,1 Hz sampler peak minus steady,2026-09-09,records/measurements/flexibility-2026-09-09/results-q1-srv1.json,q1-qwen36-w8192-1,
card_C_mib,2209.0,MiB,,,srv1,srv1@hosts.json-decl-2026-09-03,llamacpp,llamacpp:b10644-L3,Qwen3.6-35B-A3B-UD-IQ3_XXS.gguf,qwen35moe,UD-IQ3_XXS,29,2,8192,512,mapped,f16,,n/a,,,,1.927,unrecorded,,net card minus vramfit.experts_on_card (headroom.py method),2026-09-09,records/measurements/flexibility-2026-09-09/results-q1-srv1.json,q1-qwen36-w8192-1,
shmem_mapped_unit_gib,0.0256,GiB,,,srv1,srv1@hosts.json-decl-2026-09-03,llamacpp,llamacpp:b10644-L3,Qwen3.6-35B-A3B-UD-IQ3_XXS.gguf,qwen35moe,UD-IQ3_XXS,29,2,8192,512,mapped,f16,,n/a,,,,1.927,unrecorded,,/proc/meminfo Shmem steady,2026-09-09,records/measurements/flexibility-2026-09-09/results-q1-srv1.json,q1-qwen36-w8192-1,
decode_tok_s,25.0993,tok/s,,,srv1,srv1@hosts.json-decl-2026-09-03,llamacpp,llamacpp:b10644-L3,Qwen3.6-35B-A3B-UD-IQ3_XXS.gguf,qwen35moe,UD-IQ3_XXS,29,2,8192,512,mapped,f16,,n/a,,,,1.927,unrecorded,"cold (first request, 1 sample)","llama.cpp /completion timings.predicted_per_second, n=160",2026-09-09,records/measurements/flexibility-2026-09-09/results-q1-srv1.json,q1-qwen36-w8192-1,
decode_tok_s,33.5717,tok/s,,,srv1,srv1@hosts.json-decl-2026-09-03,llamacpp,llamacpp:b10644-L3,Qwen3.6-35B-A3B-UD-IQ3_XXS.gguf,qwen35moe,UD-IQ3_XXS,29,2,8192,512,mapped,f16,,n/a,,,,1.927,unrecorded,warm (1 discarded + mean of 3),rig.decode_llamacpp_warm,2026-09-09,records/measurements/flexibility-2026-09-09/results-q1-srv1.json,q1-qwen36-w8192-1,"samples=[33.68, 33.34, 33.69]"
restarts,0,count,,,srv1,srv1@hosts.json-decl-2026-09-03,llamacpp,llamacpp:b10644-L3,Qwen3.6-35B-A3B-UD-IQ3_XXS.gguf,qwen35moe,UD-IQ3_XXS,29,2,8192,512,mapped,f16,,n/a,,,,1.927,unrecorded,,docker RestartCount,2026-09-09,records/measurements/flexibility-2026-09-09/results-q1-srv1.json,q1-qwen36-w8192-1,
majfault_wake,12233,pages,,,srv1,srv1@hosts.json-decl-2026-09-03,llamacpp,llamacpp:b10644-L3,Qwen3.6-35B-A3B-UD-IQ3_XXS.gguf,qwen35moe,UD-IQ3_XXS,29,2,8192,512,mapped,f16,,n/a,,,,1.927,unrecorded,,/proc/vmstat pgmajfault delta over wake,2026-09-09,records/measurements/flexibility-2026-09-09/results-q1-srv1.json,q1-qwen36-w8192-1,
pswpout_wake,47262,pages,,,srv1,srv1@hosts.json-decl-2026-09-03,llamacpp,llamacpp:b10644-L3,Qwen3.6-35B-A3B-UD-IQ3_XXS.gguf,qwen35moe,UD-IQ3_XXS,29,2,8192,512,mapped,f16,,n/a,,,,1.927,unrecorded,,/proc/vmstat pswpout delta over wake,2026-09-09,records/measurements/flexibility-2026-09-09/results-q1-srv1.json,q1-qwen36-w8192-1,
memavailable_drop_gib,0.7446,GiB,,,srv1,srv1@hosts.json-decl-2026-09-03,llamacpp,llamacpp:b10644-L3,Qwen3.6-35B-A3B-UD-IQ3_XXS.gguf,qwen35moe,UD-IQ3_XXS,29,2,8192,512,mapped,f16,,n/a,,,,1.927,unrecorded,,MemAvailable before minus after (includes page cache),2026-09-09,records/measurements/flexibility-2026-09-09/results-q1-srv1.json,q1-qwen36-w8192-1,
wake_s,142.3761,s,,,srv1,srv1@hosts.json-decl-2026-09-03,llamacpp,llamacpp:b10644-L3,Qwen3.6-35B-A3B-UD-IQ3_XXS.gguf,qwen35moe,UD-IQ3_XXS,29,2,8192,512,mapped,f16,,n/a,,,,1.936,unrecorded,cold start,door-return minus StartedAt (rig.wake_from),2026-09-09,records/measurements/flexibility-2026-09-09/results-q1-srv1.json,q1-qwen36-w8192-2,
card_steady_mib,5222,MiB,,,srv1,srv1@hosts.json-decl-2026-09-03,llamacpp,llamacpp:b10644-L3,Qwen3.6-35B-A3B-UD-IQ3_XXS.gguf,qwen35moe,UD-IQ3_XXS,29,2,8192,512,mapped,f16,,n/a,,,,1.936,unrecorded,,nvidia-smi memory.used after load,2026-09-09,records/measurements/flexibility-2026-09-09/results-q1-srv1.json,q1-qwen36-w8192-2,
card_peak_minus_steady_mib,-14,MiB,,,srv1,srv1@hosts.json-decl-2026-09-03,llamacpp,llamacpp:b10644-L3,Qwen3.6-35B-A3B-UD-IQ3_XXS.gguf,qwen35moe,UD-IQ3_XXS,29,2,8192,512,mapped,f16,,n/a,,,,1.936,unrecorded,,1 Hz sampler peak minus steady,2026-09-09,records/measurements/flexibility-2026-09-09/results-q1-srv1.json,q1-qwen36-w8192-2,
card_C_mib,2209.0,MiB,,,srv1,srv1@hosts.json-decl-2026-09-03,llamacpp,llamacpp:b10644-L3,Qwen3.6-35B-A3B-UD-IQ3_XXS.gguf,qwen35moe,UD-IQ3_XXS,29,2,8192,512,mapped,f16,,n/a,,,,1.936,unrecorded,,net card minus vramfit.experts_on_card (headroom.py method),2026-09-09,records/measurements/flexibility-2026-09-09/results-q1-srv1.json,q1-qwen36-w8192-2,
shmem_mapped_unit_gib,0.0256,GiB,,,srv1,srv1@hosts.json-decl-2026-09-03,llamacpp,llamacpp:b10644-L3,Qwen3.6-35B-A3B-UD-IQ3_XXS.gguf,qwen35moe,UD-IQ3_XXS,29,2,8192,512,mapped,f16,,n/a,,,,1.936,unrecorded,,/proc/meminfo Shmem steady,2026-09-09,records/measurements/flexibility-2026-09-09/results-q1-srv1.json,q1-qwen36-w8192-2,
decode_tok_s,24.3865,tok/s,,,srv1,srv1@hosts.json-decl-2026-09-03,llamacpp,llamacpp:b10644-L3,Qwen3.6-35B-A3B-UD-IQ3_XXS.gguf,qwen35moe,UD-IQ3_XXS,29,2,8192,512,mapped,f16,,n/a,,,,1.936,unrecorded,"cold (first request, 1 sample)","llama.cpp /completion timings.predicted_per_second, n=160",2026-09-09,records/measurements/flexibility-2026-09-09/results-q1-srv1.json,q1-qwen36-w8192-2,
decode_tok_s,31.4806,tok/s,,,srv1,srv1@hosts.json-decl-2026-09-03,llamacpp,llamacpp:b10644-L3,Qwen3.6-35B-A3B-UD-IQ3_XXS.gguf,qwen35moe,UD-IQ3_XXS,29,2,8192,512,mapped,f16,,n/a,,,,1.936,unrecorded,warm (1 discarded + mean of 3),rig.decode_llamacpp_warm,2026-09-09,records/measurements/flexibility-2026-09-09/results-q1-srv1.json,q1-qwen36-w8192-2,"samples=[31.71, 31.5, 31.24]"
restarts,0,count,,,srv1,srv1@hosts.json-decl-2026-09-03,llamacpp,llamacpp:b10644-L3,Qwen3.6-35B-A3B-UD-IQ3_XXS.gguf,qwen35moe,UD-IQ3_XXS,29,2,8192,512,mapped,f16,,n/a,,,,1.936,unrecorded,,docker RestartCount,2026-09-09,records/measurements/flexibility-2026-09-09/results-q1-srv1.json,q1-qwen36-w8192-2,
majfault_wake,12605,pages,,,srv1,srv1@hosts.json-decl-2026-09-03,llamacpp,llamacpp:b10644-L3,Qwen3.6-35B-A3B-UD-IQ3_XXS.gguf,qwen35moe,UD-IQ3_XXS,29,2,8192,512,mapped,f16,,n/a,,,,1.936,unrecorded,,/proc/vmstat pgmajfault delta over wake,2026-09-09,records/measurements/flexibility-2026-09-09/results-q1-srv1.json,q1-qwen36-w8192-2,
pswpout_wake,49843,pages,,,srv1,srv1@hosts.json-decl-2026-09-03,llamacpp,llamacpp:b10644-L3,Qwen3.6-35B-A3B-UD-IQ3_XXS.gguf,qwen35moe,UD-IQ3_XXS,29,2,8192,512,mapped,f16,,n/a,,,,1.936,unrecorded,,/proc/vmstat pswpout delta over wake,2026-09-09,records/measurements/flexibility-2026-09-09/results-q1-srv1.json,q1-qwen36-w8192-2,
memavailable_drop_gib,0.7648,GiB,,,srv1,srv1@hosts.json-decl-2026-09-03,llamacpp,llamacpp:b10644-L3,Qwen3.6-35B-A3B-UD-IQ3_XXS.gguf,qwen35moe,UD-IQ3_XXS,29,2,8192,512,mapped,f16,,n/a,,,,1.936,unrecorded,,MemAvailable before minus after (includes page cache),2026-09-09,records/measurements/flexibility-2026-09-09/results-q1-srv1.json,q1-qwen36-w8192-2,
wake_s,216.02,s,,,srv1,srv1@hosts.json-decl-2026-09-03,llamacpp,llamacpp:b10644-L3,KAT-Coder-V2.5-Dev_Q3_K_M_imatrix_MTP.gguf,qwen35moe,Q3_K_M,32,2,8192,512,mapped,f16,,n/a,,,,-2.663,unrecorded,cold start,door-return minus StartedAt (rig.wake_from),2026-09-09,records/measurements/flexibility-2026-09-09/results-q1-srv1.json,q1-kat-1,
card_steady_mib,5038,MiB,,,srv1,srv1@hosts.json-decl-2026-09-03,llamacpp,llamacpp:b10644-L3,KAT-Coder-V2.5-Dev_Q3_K_M_imatrix_MTP.gguf,qwen35moe,Q3_K_M,32,2,8192,512,mapped,f16,,n/a,,,,-2.663,unrecorded,,nvidia-smi memory.used after load,2026-09-09,records/measurements/flexibility-2026-09-09/results-q1-srv1.json,q1-kat-1,
card_peak_minus_steady_mib,-24,MiB,,,srv1,srv1@hosts.json-decl-2026-09-03,llamacpp,llamacpp:b10644-L3,KAT-Coder-V2.5-Dev_Q3_K_M_imatrix_MTP.gguf,qwen35moe,Q3_K_M,32,2,8192,512,mapped,f16,,n/a,,,,-2.663,unrecorded,,1 Hz sampler peak minus steady,2026-09-09,records/measurements/flexibility-2026-09-09/results-q1-srv1.json,q1-kat-1,
card_C_mib,2109.0,MiB,,,srv1,srv1@hosts.json-decl-2026-09-03,llamacpp,llamacpp:b10644-L3,KAT-Coder-V2.5-Dev_Q3_K_M_imatrix_MTP.gguf,qwen35moe,Q3_K_M,32,2,8192,512,mapped,f16,,n/a,,,,-2.663,unrecorded,,net card minus vramfit.experts_on_card (headroom.py method),2026-09-09,records/measurements/flexibility-2026-09-09/results-q1-srv1.json,q1-kat-1,
shmem_mapped_unit_gib,0.0255,GiB,,,srv1,srv1@hosts.json-decl-2026-09-03,llamacpp,llamacpp:b10644-L3,KAT-Coder-V2.5-Dev_Q3_K_M_imatrix_MTP.gguf,qwen35moe,Q3_K_M,32,2,8192,512,mapped,f16,,n/a,,,,-2.663,unrecorded,,/proc/meminfo Shmem steady,2026-09-09,records/measurements/flexibility-2026-09-09/results-q1-srv1.json,q1-kat-1,
decode_tok_s,22.7558,tok/s,,,srv1,srv1@hosts.json-decl-2026-09-03,llamacpp,llamacpp:b10644-L3,KAT-Coder-V2.5-Dev_Q3_K_M_imatrix_MTP.gguf,qwen35moe,Q3_K_M,32,2,8192,512,mapped,f16,,n/a,,,,-2.663,unrecorded,"cold (first request, 1 sample)","llama.cpp /completion timings.predicted_per_second, n=160",2026-09-09,records/measurements/flexibility-2026-09-09/results-q1-srv1.json,q1-kat-1,
decode_tok_s,41.4507,tok/s,,,srv1,srv1@hosts.json-decl-2026-09-03,llamacpp,llamacpp:b10644-L3,KAT-Coder-V2.5-Dev_Q3_K_M_imatrix_MTP.gguf,qwen35moe,Q3_K_M,32,2,8192,512,mapped,f16,,n/a,,,,-2.663,unrecorded,warm (1 discarded + mean of 3),rig.decode_llamacpp_warm,2026-09-09,records/measurements/flexibility-2026-09-09/results-q1-srv1.json,q1-kat-1,"samples=[41.45, 41.44, 41.45]"
restarts,0,count,,,srv1,srv1@hosts.json-decl-2026-09-03,llamacpp,llamacpp:b10644-L3,KAT-Coder-V2.5-Dev_Q3_K_M_imatrix_MTP.gguf,qwen35moe,Q3_K_M,32,2,8192,512,mapped,f16,,n/a,,,,-2.663,unrecorded,,docker RestartCount,2026-09-09,records/measurements/flexibility-2026-09-09/results-q1-srv1.json,q1-kat-1,
majfault_wake,24546,pages,,,srv1,srv1@hosts.json-decl-2026-09-03,llamacpp,llamacpp:b10644-L3,KAT-Coder-V2.5-Dev_Q3_K_M_imatrix_MTP.gguf,qwen35moe,Q3_K_M,32,2,8192,512,mapped,f16,,n/a,,,,-2.663,unrecorded,,/proc/vmstat pgmajfault delta over wake,2026-09-09,records/measurements/flexibility-2026-09-09/results-q1-srv1.json,q1-kat-1,
pswpout_wake,146085,pages,,,srv1,srv1@hosts.json-decl-2026-09-03,llamacpp,llamacpp:b10644-L3,KAT-Coder-V2.5-Dev_Q3_K_M_imatrix_MTP.gguf,qwen35moe,Q3_K_M,32,2,8192,512,mapped,f16,,n/a,,,,-2.663,unrecorded,,/proc/vmstat pswpout delta over wake,2026-09-09,records/measurements/flexibility-2026-09-09/results-q1-srv1.json,q1-kat-1,
memavailable_drop_gib,0.4481,GiB,,,srv1,srv1@hosts.json-decl-2026-09-03,llamacpp,llamacpp:b10644-L3,KAT-Coder-V2.5-Dev_Q3_K_M_imatrix_MTP.gguf,qwen35moe,Q3_K_M,32,2,8192,512,mapped,f16,,n/a,,,,-2.663,unrecorded,,MemAvailable before minus after (includes page cache),2026-09-09,records/measurements/flexibility-2026-09-09/results-q1-srv1.json,q1-kat-1,
wake_s,215.7648,s,,,srv1,srv1@hosts.json-decl-2026-09-03,llamacpp,llamacpp:b10644-L3,KAT-Coder-V2.5-Dev_Q3_K_M_imatrix_MTP.gguf,qwen35moe,Q3_K_M,32,2,8192,512,mapped,f16,,n/a,,,,-2.64,unrecorded,cold start,door-return minus StartedAt (rig.wake_from),2026-09-09,records/measurements/flexibility-2026-09-09/results-q1-srv1.json,q1-kat-2,
card_steady_mib,5038,MiB,,,srv1,srv1@hosts.json-decl-2026-09-03,llamacpp,llamacpp:b10644-L3,KAT-Coder-V2.5-Dev_Q3_K_M_imatrix_MTP.gguf,qwen35moe,Q3_K_M,32,2,8192,512,mapped,f16,,n/a,,,,-2.64,unrecorded,,nvidia-smi memory.used after load,2026-09-09,records/measurements/flexibility-2026-09-09/results-q1-srv1.json,q1-kat-2,
card_peak_minus_steady_mib,-24,MiB,,,srv1,srv1@hosts.json-decl-2026-09-03,llamacpp,llamacpp:b10644-L3,KAT-Coder-V2.5-Dev_Q3_K_M_imatrix_MTP.gguf,qwen35moe,Q3_K_M,32,2,8192,512,mapped,f16,,n/a,,,,-2.64,unrecorded,,1 Hz sampler peak minus steady,2026-09-09,records/measurements/flexibility-2026-09-09/results-q1-srv1.json,q1-kat-2,
card_C_mib,2109.0,MiB,,,srv1,srv1@hosts.json-decl-2026-09-03,llamacpp,llamacpp:b10644-L3,KAT-Coder-V2.5-Dev_Q3_K_M_imatrix_MTP.gguf,qwen35moe,Q3_K_M,32,2,8192,512,mapped,f16,,n/a,,,,-2.64,unrecorded,,net card minus vramfit.experts_on_card (headroom.py method),2026-09-09,records/measurements/flexibility-2026-09-09/results-q1-srv1.json,q1-kat-2,
shmem_mapped_unit_gib,0.0256,GiB,,,srv1,srv1@hosts.json-decl-2026-09-03,llamacpp,llamacpp:b10644-L3,KAT-Coder-V2.5-Dev_Q3_K_M_imatrix_MTP.gguf,qwen35moe,Q3_K_M,32,2,8192,512,mapped,f16,,n/a,,,,-2.64,unrecorded,,/proc/meminfo Shmem steady,2026-09-09,records/measurements/flexibility-2026-09-09/results-q1-srv1.json,q1-kat-2,
decode_tok_s,23.6532,tok/s,,,srv1,srv1@hosts.json-decl-2026-09-03,llamacpp,llamacpp:b10644-L3,KAT-Coder-V2.5-Dev_Q3_K_M_imatrix_MTP.gguf,qwen35moe,Q3_K_M,32,2,8192,512,mapped,f16,,n/a,,,,-2.64,unrecorded,"cold (first request, 1 sample)","llama.cpp /completion timings.predicted_per_second, n=160",2026-09-09,records/measurements/flexibility-2026-09-09/results-q1-srv1.json,q1-kat-2,
decode_tok_s,41.7682,tok/s,,,srv1,srv1@hosts.json-decl-2026-09-03,llamacpp,llamacpp:b10644-L3,KAT-Coder-V2.5-Dev_Q3_K_M_imatrix_MTP.gguf,qwen35moe,Q3_K_M,32,2,8192,512,mapped,f16,,n/a,,,,-2.64,unrecorded,warm (1 discarded + mean of 3),rig.decode_llamacpp_warm,2026-09-09,records/measurements/flexibility-2026-09-09/results-q1-srv1.json,q1-kat-2,"samples=[41.79, 41.78, 41.73]"
restarts,0,count,,,srv1,srv1@hosts.json-decl-2026-09-03,llamacpp,llamacpp:b10644-L3,KAT-Coder-V2.5-Dev_Q3_K_M_imatrix_MTP.gguf,qwen35moe,Q3_K_M,32,2,8192,512,mapped,f16,,n/a,,,,-2.64,unrecorded,,docker RestartCount,2026-09-09,records/measurements/flexibility-2026-09-09/results-q1-srv1.json,q1-kat-2,
majfault_wake,26968,pages,,,srv1,srv1@hosts.json-decl-2026-09-03,llamacpp,llamacpp:b10644-L3,KAT-Coder-V2.5-Dev_Q3_K_M_imatrix_MTP.gguf,qwen35moe,Q3_K_M,32,2,8192,512,mapped,f16,,n/a,,,,-2.64,unrecorded,,/proc/vmstat pgmajfault delta over wake,2026-09-09,records/measurements/flexibility-2026-09-09/results-q1-srv1.json,q1-kat-2,
pswpout_wake,148202,pages,,,srv1,srv1@hosts.json-decl-2026-09-03,llamacpp,llamacpp:b10644-L3,KAT-Coder-V2.5-Dev_Q3_K_M_imatrix_MTP.gguf,qwen35moe,Q3_K_M,32,2,8192,512,mapped,f16,,n/a,,,,-2.64,unrecorded,,/proc/vmstat pswpout delta over wake,2026-09-09,records/measurements/flexibility-2026-09-09/results-q1-srv1.json,q1-kat-2,
memavailable_drop_gib,0.4926,GiB,,,srv1,srv1@hosts.json-decl-2026-09-03,llamacpp,llamacpp:b10644-L3,KAT-Coder-V2.5-Dev_Q3_K_M_imatrix_MTP.gguf,qwen35moe,Q3_K_M,32,2,8192,512,mapped,f16,,n/a,,,,-2.64,unrecorded,,MemAvailable before minus after (includes page cache),2026-09-09,records/measurements/flexibility-2026-09-09/results-q1-srv1.json,q1-kat-2,
wake_s,216.0305,s,,,srv1,srv1@hosts.json-decl-2026-09-03,llamacpp,llamacpp:b10644-L3,KAT-Coder-V2.5-Dev_Q3_K_M_imatrix_MTP.gguf,qwen35moe,Q3_K_M,32,2,8192,512,mapped,f16,,n/a,,,,-2.634,unrecorded,cold start,door-return minus StartedAt (rig.wake_from),2026-09-09,records/measurements/flexibility-2026-09-09/results-q1-srv1.json,q1-kat-3,
card_steady_mib,5038,MiB,,,srv1,srv1@hosts.json-decl-2026-09-03,llamacpp,llamacpp:b10644-L3,KAT-Coder-V2.5-Dev_Q3_K_M_imatrix_MTP.gguf,qwen35moe,Q3_K_M,32,2,8192,512,mapped,f16,,n/a,,,,-2.634,unrecorded,,nvidia-smi memory.used after load,2026-09-09,records/measurements/flexibility-2026-09-09/results-q1-srv1.json,q1-kat-3,
card_peak_minus_steady_mib,-24,MiB,,,srv1,srv1@hosts.json-decl-2026-09-03,llamacpp,llamacpp:b10644-L3,KAT-Coder-V2.5-Dev_Q3_K_M_imatrix_MTP.gguf,qwen35moe,Q3_K_M,32,2,8192,512,mapped,f16,,n/a,,,,-2.634,unrecorded,,1 Hz sampler peak minus steady,2026-09-09,records/measurements/flexibility-2026-09-09/results-q1-srv1.json,q1-kat-3,
card_C_mib,2109.0,MiB,,,srv1,srv1@hosts.json-decl-2026-09-03,llamacpp,llamacpp:b10644-L3,KAT-Coder-V2.5-Dev_Q3_K_M_imatrix_MTP.gguf,qwen35moe,Q3_K_M,32,2,8192,512,mapped,f16,,n/a,,,,-2.634,unrecorded,,net card minus vramfit.experts_on_card (headroom.py method),2026-09-09,records/measurements/flexibility-2026-09-09/results-q1-srv1.json,q1-kat-3,
shmem_mapped_unit_gib,0.0255,GiB,,,srv1,srv1@hosts.json-decl-2026-09-03,llamacpp,llamacpp:b10644-L3,KAT-Coder-V2.5-Dev_Q3_K_M_imatrix_MTP.gguf,qwen35moe,Q3_K_M,32,2,8192,512,mapped,f16,,n/a,,,,-2.634,unrecorded,,/proc/meminfo Shmem steady,2026-09-09,records/measurements/flexibility-2026-09-09/results-q1-srv1.json,q1-kat-3,
decode_tok_s,24.0892,tok/s,,,srv1,srv1@hosts.json-decl-2026-09-03,llamacpp,llamacpp:b10644-L3,KAT-Coder-V2.5-Dev_Q3_K_M_imatrix_MTP.gguf,qwen35moe,Q3_K_M,32,2,8192,512,mapped,f16,,n/a,,,,-2.634,unrecorded,"cold (first request, 1 sample)","llama.cpp /completion timings.predicted_per_second, n=160",2026-09-09,records/measurements/flexibility-2026-09-09/results-q1-srv1.json,q1-kat-3,
decode_tok_s,41.9294,tok/s,,,srv1,srv1@hosts.json-decl-2026-09-03,llamacpp,llamacpp:b10644-L3,KAT-Coder-V2.5-Dev_Q3_K_M_imatrix_MTP.gguf,qwen35moe,Q3_K_M,32,2,8192,512,mapped,f16,,n/a,,,,-2.634,unrecorded,warm (1 discarded + mean of 3),rig.decode_llamacpp_warm,2026-09-09,records/measurements/flexibility-2026-09-09/results-q1-srv1.json,q1-kat-3,"samples=[41.95, 41.89, 41.95]"
restarts,0,count,,,srv1,srv1@hosts.json-decl-2026-09-03,llamacpp,llamacpp:b10644-L3,KAT-Coder-V2.5-Dev_Q3_K_M_imatrix_MTP.gguf,qwen35moe,Q3_K_M,32,2,8192,512,mapped,f16,,n/a,,,,-2.634,unrecorded,,docker RestartCount,2026-09-09,records/measurements/flexibility-2026-09-09/results-q1-srv1.json,q1-kat-3,
majfault_wake,23906,pages,,,srv1,srv1@hosts.json-decl-2026-09-03,llamacpp,llamacpp:b10644-L3,KAT-Coder-V2.5-Dev_Q3_K_M_imatrix_MTP.gguf,qwen35moe,Q3_K_M,32,2,8192,512,mapped,f16,,n/a,,,,-2.634,unrecorded,,/proc/vmstat pgmajfault delta over wake,2026-09-09,records/measurements/flexibility-2026-09-09/results-q1-srv1.json,q1-kat-3,
pswpout_wake,118866,pages,,,srv1,srv1@hosts.json-decl-2026-09-03,llamacpp,llamacpp:b10644-L3,KAT-Coder-V2.5-Dev_Q3_K_M_imatrix_MTP.gguf,qwen35moe,Q3_K_M,32,2,8192,512,mapped,f16,,n/a,,,,-2.634,unrecorded,,/proc/vmstat pswpout delta over wake,2026-09-09,records/measurements/flexibility-2026-09-09/results-q1-srv1.json,q1-kat-3,
memavailable_drop_gib,0.5768,GiB,,,srv1,srv1@hosts.json-decl-2026-09-03,llamacpp,llamacpp:b10644-L3,KAT-Coder-V2.5-Dev_Q3_K_M_imatrix_MTP.gguf,qwen35moe,Q3_K_M,32,2,8192,512,mapped,f16,,n/a,,,,-2.634,unrecorded,,MemAvailable before minus after (includes page cache),2026-09-09,records/measurements/flexibility-2026-09-09/results-q1-srv1.json,q1-kat-3,
wake_s,60.7355,s,,,srv1,srv1@hosts.json-decl-2026-09-03,llamacpp,llamacpp:b10644-L3,Ling-3.0-tiny-IQ2_M.gguf,bailingmoe3,IQ2_M,0,2,8192,512,mapped,f16,,n/a,,,,11.614,unrecorded,cold start,door-return minus StartedAt (rig.wake_from),2026-09-09,records/measurements/flexibility-2026-09-09/results-q2-ling.json,q2-ling-IQ2_M-1,
card_steady_mib,2872,MiB,,,srv1,srv1@hosts.json-decl-2026-09-03,llamacpp,llamacpp:b10644-L3,Ling-3.0-tiny-IQ2_M.gguf,bailingmoe3,IQ2_M,0,2,8192,512,mapped,f16,,n/a,,,,11.614,unrecorded,,nvidia-smi memory.used after load,2026-09-09,records/measurements/flexibility-2026-09-09/results-q2-ling.json,q2-ling-IQ2_M-1,
card_peak_minus_steady_mib,-26,MiB,,,srv1,srv1@hosts.json-decl-2026-09-03,llamacpp,llamacpp:b10644-L3,Ling-3.0-tiny-IQ2_M.gguf,bailingmoe3,IQ2_M,0,2,8192,512,mapped,f16,,n/a,,,,11.614,unrecorded,,1 Hz sampler peak minus steady,2026-09-09,records/measurements/flexibility-2026-09-09/results-q2-ling.json,q2-ling-IQ2_M-1,
card_C_mib,691.25,MiB,,,srv1,srv1@hosts.json-decl-2026-09-03,llamacpp,llamacpp:b10644-L3,Ling-3.0-tiny-IQ2_M.gguf,bailingmoe3,IQ2_M,0,2,8192,512,mapped,f16,,n/a,,,,11.614,unrecorded,,net card minus vramfit.experts_on_card (headroom.py method),2026-09-09,records/measurements/flexibility-2026-09-09/results-q2-ling.json,q2-ling-IQ2_M-1,
shmem_mapped_unit_gib,0.0237,GiB,,,srv1,srv1@hosts.json-decl-2026-09-03,llamacpp,llamacpp:b10644-L3,Ling-3.0-tiny-IQ2_M.gguf,bailingmoe3,IQ2_M,0,2,8192,512,mapped,f16,,n/a,,,,11.614,unrecorded,,/proc/meminfo Shmem steady,2026-09-09,records/measurements/flexibility-2026-09-09/results-q2-ling.json,q2-ling-IQ2_M-1,
decode_tok_s,107.1465,tok/s,,,srv1,srv1@hosts.json-decl-2026-09-03,llamacpp,llamacpp:b10644-L3,Ling-3.0-tiny-IQ2_M.gguf,bailingmoe3,IQ2_M,0,2,8192,512,mapped,f16,,n/a,,,,11.614,unrecorded,"cold (first request, 1 sample)","llama.cpp /completion timings.predicted_per_second, n=160",2026-09-09,records/measurements/flexibility-2026-09-09/results-q2-ling.json,q2-ling-IQ2_M-1,
decode_tok_s,108.4873,tok/s,,,srv1,srv1@hosts.json-decl-2026-09-03,llamacpp,llamacpp:b10644-L3,Ling-3.0-tiny-IQ2_M.gguf,bailingmoe3,IQ2_M,0,2,8192,512,mapped,f16,,n/a,,,,11.614,unrecorded,warm (1 discarded + mean of 3),rig.decode_llamacpp_warm,2026-09-09,records/measurements/flexibility-2026-09-09/results-q2-ling.json,q2-ling-IQ2_M-1,"samples=[108.47, 108.48, 108.51]"
restarts,0,count,,,srv1,srv1@hosts.json-decl-2026-09-03,llamacpp,llamacpp:b10644-L3,Ling-3.0-tiny-IQ2_M.gguf,bailingmoe3,IQ2_M,0,2,8192,512,mapped,f16,,n/a,,,,11.614,unrecorded,,docker RestartCount,2026-09-09,records/measurements/flexibility-2026-09-09/results-q2-ling.json,q2-ling-IQ2_M-1,
majfault_wake,5790,pages,,,srv1,srv1@hosts.json-decl-2026-09-03,llamacpp,llamacpp:b10644-L3,Ling-3.0-tiny-IQ2_M.gguf,bailingmoe3,IQ2_M,0,2,8192,512,mapped,f16,,n/a,,,,11.614,unrecorded,,/proc/vmstat pgmajfault delta over wake,2026-09-09,records/measurements/flexibility-2026-09-09/results-q2-ling.json,q2-ling-IQ2_M-1,
pswpout_wake,0,pages,,,srv1,srv1@hosts.json-decl-2026-09-03,llamacpp,llamacpp:b10644-L3,Ling-3.0-tiny-IQ2_M.gguf,bailingmoe3,IQ2_M,0,2,8192,512,mapped,f16,,n/a,,,,11.614,unrecorded,,/proc/vmstat pswpout delta over wake,2026-09-09,records/measurements/flexibility-2026-09-09/results-q2-ling.json,q2-ling-IQ2_M-1,
memavailable_drop_gib,0.7202,GiB,,,srv1,srv1@hosts.json-decl-2026-09-03,llamacpp,llamacpp:b10644-L3,Ling-3.0-tiny-IQ2_M.gguf,bailingmoe3,IQ2_M,0,2,8192,512,mapped,f16,,n/a,,,,11.614,unrecorded,,MemAvailable before minus after (includes page cache),2026-09-09,records/measurements/flexibility-2026-09-09/results-q2-ling.json,q2-ling-IQ2_M-1,
wake_s,62.5155,s,,,srv1,srv1@hosts.json-decl-2026-09-03,llamacpp,llamacpp:b10644-L3,Ling-3.0-tiny-IQ2_M.gguf,bailingmoe3,IQ2_M,0,2,8192,512,mapped,f16,,n/a,,,,11.6,unrecorded,cold start,door-return minus StartedAt (rig.wake_from),2026-09-09,records/measurements/flexibility-2026-09-09/results-q2-ling.json,q2-ling-IQ2_M-2,
card_steady_mib,2872,MiB,,,srv1,srv1@hosts.json-decl-2026-09-03,llamacpp,llamacpp:b10644-L3,Ling-3.0-tiny-IQ2_M.gguf,bailingmoe3,IQ2_M,0,2,8192,512,mapped,f16,,n/a,,,,11.6,unrecorded,,nvidia-smi memory.used after load,2026-09-09,records/measurements/flexibility-2026-09-09/results-q2-ling.json,q2-ling-IQ2_M-2,
card_peak_minus_steady_mib,-26,MiB,,,srv1,srv1@hosts.json-decl-2026-09-03,llamacpp,llamacpp:b10644-L3,Ling-3.0-tiny-IQ2_M.gguf,bailingmoe3,IQ2_M,0,2,8192,512,mapped,f16,,n/a,,,,11.6,unrecorded,,1 Hz sampler peak minus steady,2026-09-09,records/measurements/flexibility-2026-09-09/results-q2-ling.json,q2-ling-IQ2_M-2,
card_C_mib,691.25,MiB,,,srv1,srv1@hosts.json-decl-2026-09-03,llamacpp,llamacpp:b10644-L3,Ling-3.0-tiny-IQ2_M.gguf,bailingmoe3,IQ2_M,0,2,8192,512,mapped,f16,,n/a,,,,11.6,unrecorded,,net card minus vramfit.experts_on_card (headroom.py method),2026-09-09,records/measurements/flexibility-2026-09-09/results-q2-ling.json,q2-ling-IQ2_M-2,
shmem_mapped_unit_gib,0.0237,GiB,,,srv1,srv1@hosts.json-decl-2026-09-03,llamacpp,llamacpp:b10644-L3,Ling-3.0-tiny-IQ2_M.gguf,bailingmoe3,IQ2_M,0,2,8192,512,mapped,f16,,n/a,,,,11.6,unrecorded,,/proc/meminfo Shmem steady,2026-09-09,records/measurements/flexibility-2026-09-09/results-q2-ling.json,q2-ling-IQ2_M-2,
decode_tok_s,106.6269,tok/s,,,srv1,srv1@hosts.json-decl-2026-09-03,llamacpp,llamacpp:b10644-L3,Ling-3.0-tiny-IQ2_M.gguf,bailingmoe3,IQ2_M,0,2,8192,512,mapped,f16,,n/a,,,,11.6,unrecorded,"cold (first request, 1 sample)","llama.cpp /completion timings.predicted_per_second, n=160",2026-09-09,records/measurements/flexibility-2026-09-09/results-q2-ling.json,q2-ling-IQ2_M-2,
decode_tok_s,108.5357,tok/s,,,srv1,srv1@hosts.json-decl-2026-09-03,llamacpp,llamacpp:b10644-L3,Ling-3.0-tiny-IQ2_M.gguf,bailingmoe3,IQ2_M,0,2,8192,512,mapped,f16,,n/a,,,,11.6,unrecorded,warm (1 discarded + mean of 3),rig.decode_llamacpp_warm,2026-09-09,records/measurements/flexibility-2026-09-09/results-q2-ling.json,q2-ling-IQ2_M-2,"samples=[108.54, 108.52, 108.54]"
restarts,0,count,,,srv1,srv1@hosts.json-decl-2026-09-03,llamacpp,llamacpp:b10644-L3,Ling-3.0-tiny-IQ2_M.gguf,bailingmoe3,IQ2_M,0,2,8192,512,mapped,f16,,n/a,,,,11.6,unrecorded,,docker RestartCount,2026-09-09,records/measurements/flexibility-2026-09-09/results-q2-ling.json,q2-ling-IQ2_M-2,
majfault_wake,5499,pages,,,srv1,srv1@hosts.json-decl-2026-09-03,llamacpp,llamacpp:b10644-L3,Ling-3.0-tiny-IQ2_M.gguf,bailingmoe3,IQ2_M,0,2,8192,512,mapped,f16,,n/a,,,,11.6,unrecorded,,/proc/vmstat pgmajfault delta over wake,2026-09-09,records/measurements/flexibility-2026-09-09/results-q2-ling.json,q2-ling-IQ2_M-2,
pswpout_wake,0,pages,,,srv1,srv1@hosts.json-decl-2026-09-03,llamacpp,llamacpp:b10644-L3,Ling-3.0-tiny-IQ2_M.gguf,bailingmoe3,IQ2_M,0,2,8192,512,mapped,f16,,n/a,,,,11.6,unrecorded,,/proc/vmstat pswpout delta over wake,2026-09-09,records/measurements/flexibility-2026-09-09/results-q2-ling.json,q2-ling-IQ2_M-2,
memavailable_drop_gib,0.7021,GiB,,,srv1,srv1@hosts.json-decl-2026-09-03,llamacpp,llamacpp:b10644-L3,Ling-3.0-tiny-IQ2_M.gguf,bailingmoe3,IQ2_M,0,2,8192,512,mapped,f16,,n/a,,,,11.6,unrecorded,,MemAvailable before minus after (includes page cache),2026-09-09,records/measurements/flexibility-2026-09-09/results-q2-ling.json,q2-ling-IQ2_M-2,
wake_s,69.1186,s,,,srv1,srv1@hosts.json-decl-2026-09-03,llamacpp,llamacpp:b10644-L3,Ling-3.0-tiny-Q3_K_M.gguf,bailingmoe3,Q3_K_M,0,2,8192,512,mapped,f16,,n/a,,,,10.679,unrecorded,cold start,door-return minus StartedAt (rig.wake_from),2026-09-09,records/measurements/flexibility-2026-09-09/results-q2-ling.json,q2-ling-Q3_K_M-1,
card_steady_mib,3786,MiB,,,srv1,srv1@hosts.json-decl-2026-09-03,llamacpp,llamacpp:b10644-L3,Ling-3.0-tiny-Q3_K_M.gguf,bailingmoe3,Q3_K_M,0,2,8192,512,mapped,f16,,n/a,,,,10.679,unrecorded,,nvidia-smi memory.used after load,2026-09-09,records/measurements/flexibility-2026-09-09/results-q2-ling.json,q2-ling-Q3_K_M-1,
card_peak_minus_steady_mib,-26,MiB,,,srv1,srv1@hosts.json-decl-2026-09-03,llamacpp,llamacpp:b10644-L3,Ling-3.0-tiny-Q3_K_M.gguf,bailingmoe3,Q3_K_M,0,2,8192,512,mapped,f16,,n/a,,,,10.679,unrecorded,,1 Hz sampler peak minus steady,2026-09-09,records/measurements/flexibility-2026-09-09/results-q2-ling.json,q2-ling-Q3_K_M-1,
card_C_mib,782.5,MiB,,,srv1,srv1@hosts.json-decl-2026-09-03,llamacpp,llamacpp:b10644-L3,Ling-3.0-tiny-Q3_K_M.gguf,bailingmoe3,Q3_K_M,0,2,8192,512,mapped,f16,,n/a,,,,10.679,unrecorded,,net card minus vramfit.experts_on_card (headroom.py method),2026-09-09,records/measurements/flexibility-2026-09-09/results-q2-ling.json,q2-ling-Q3_K_M-1,
shmem_mapped_unit_gib,0.0237,GiB,,,srv1,srv1@hosts.json-decl-2026-09-03,llamacpp,llamacpp:b10644-L3,Ling-3.0-tiny-Q3_K_M.gguf,bailingmoe3,Q3_K_M,0,2,8192,512,mapped,f16,,n/a,,,,10.679,unrecorded,,/proc/meminfo Shmem steady,2026-09-09,records/measurements/flexibility-2026-09-09/results-q2-ling.json,q2-ling-Q3_K_M-1,
decode_tok_s,91.9994,tok/s,,,srv1,srv1@hosts.json-decl-2026-09-03,llamacpp,llamacpp:b10644-L3,Ling-3.0-tiny-Q3_K_M.gguf,bailingmoe3,Q3_K_M,0,2,8192,512,mapped,f16,,n/a,,,,10.679,unrecorded,"cold (first request, 1 sample)","llama.cpp /completion timings.predicted_per_second, n=160",2026-09-09,records/measurements/flexibility-2026-09-09/results-q2-ling.json,q2-ling-Q3_K_M-1,
decode_tok_s,93.4685,tok/s,,,srv1,srv1@hosts.json-decl-2026-09-03,llamacpp,llamacpp:b10644-L3,Ling-3.0-tiny-Q3_K_M.gguf,bailingmoe3,Q3_K_M,0,2,8192,512,mapped,f16,,n/a,,,,10.679,unrecorded,warm (1 discarded + mean of 3),rig.decode_llamacpp_warm,2026-09-09,records/measurements/flexibility-2026-09-09/results-q2-ling.json,q2-ling-Q3_K_M-1,"samples=[93.46, 93.46, 93.48]"
restarts,0,count,,,srv1,srv1@hosts.json-decl-2026-09-03,llamacpp,llamacpp:b10644-L3,Ling-3.0-tiny-Q3_K_M.gguf,bailingmoe3,Q3_K_M,0,2,8192,512,mapped,f16,,n/a,,,,10.679,unrecorded,,docker RestartCount,2026-09-09,records/measurements/flexibility-2026-09-09/results-q2-ling.json,q2-ling-Q3_K_M-1,
majfault_wake,5491,pages,,,srv1,srv1@hosts.json-decl-2026-09-03,llamacpp,llamacpp:b10644-L3,Ling-3.0-tiny-Q3_K_M.gguf,bailingmoe3,Q3_K_M,0,2,8192,512,mapped,f16,,n/a,,,,10.679,unrecorded,,/proc/vmstat pgmajfault delta over wake,2026-09-09,records/measurements/flexibility-2026-09-09/results-q2-ling.json,q2-ling-Q3_K_M-1,
pswpout_wake,0,pages,,,srv1,srv1@hosts.json-decl-2026-09-03,llamacpp,llamacpp:b10644-L3,Ling-3.0-tiny-Q3_K_M.gguf,bailingmoe3,Q3_K_M,0,2,8192,512,mapped,f16,,n/a,,,,10.679,unrecorded,,/proc/vmstat pswpout delta over wake,2026-09-09,records/measurements/flexibility-2026-09-09/results-q2-ling.json,q2-ling-Q3_K_M-1,
memavailable_drop_gib,0.6786,GiB,,,srv1,srv1@hosts.json-decl-2026-09-03,llamacpp,llamacpp:b10644-L3,Ling-3.0-tiny-Q3_K_M.gguf,bailingmoe3,Q3_K_M,0,2,8192,512,mapped,f16,,n/a,,,,10.679,unrecorded,,MemAvailable before minus after (includes page cache),2026-09-09,records/measurements/flexibility-2026-09-09/results-q2-ling.json,q2-ling-Q3_K_M-1,
wake_s,67.8752,s,,,srv1,srv1@hosts.json-decl-2026-09-03,llamacpp,llamacpp:b10644-L3,Ling-3.0-tiny-Q3_K_M.gguf,bailingmoe3,Q3_K_M,0,2,8192,512,mapped,f16,,n/a,,,,10.695,unrecorded,cold start,door-return minus StartedAt (rig.wake_from),2026-09-09,records/measurements/flexibility-2026-09-09/results-q2-ling.json,q2-ling-Q3_K_M-2,
card_steady_mib,3786,MiB,,,srv1,srv1@hosts.json-decl-2026-09-03,llamacpp,llamacpp:b10644-L3,Ling-3.0-tiny-Q3_K_M.gguf,bailingmoe3,Q3_K_M,0,2,8192,512,mapped,f16,,n/a,,,,10.695,unrecorded,,nvidia-smi memory.used after load,2026-09-09,records/measurements/flexibility-2026-09-09/results-q2-ling.json,q2-ling-Q3_K_M-2,
card_peak_minus_steady_mib,-26,MiB,,,srv1,srv1@hosts.json-decl-2026-09-03,llamacpp,llamacpp:b10644-L3,Ling-3.0-tiny-Q3_K_M.gguf,bailingmoe3,Q3_K_M,0,2,8192,512,mapped,f16,,n/a,,,,10.695,unrecorded,,1 Hz sampler peak minus steady,2026-09-09,records/measurements/flexibility-2026-09-09/results-q2-ling.json,q2-ling-Q3_K_M-2,
card_C_mib,782.5,MiB,,,srv1,srv1@hosts.json-decl-2026-09-03,llamacpp,llamacpp:b10644-L3,Ling-3.0-tiny-Q3_K_M.gguf,bailingmoe3,Q3_K_M,0,2,8192,512,mapped,f16,,n/a,,,,10.695,unrecorded,,net card minus vramfit.experts_on_card (headroom.py method),2026-09-09,records/measurements/flexibility-2026-09-09/results-q2-ling.json,q2-ling-Q3_K_M-2,
shmem_mapped_unit_gib,0.0237,GiB,,,srv1,srv1@hosts.json-decl-2026-09-03,llamacpp,llamacpp:b10644-L3,Ling-3.0-tiny-Q3_K_M.gguf,bailingmoe3,Q3_K_M,0,2,8192,512,mapped,f16,,n/a,,,,10.695,unrecorded,,/proc/meminfo Shmem steady,2026-09-09,records/measurements/flexibility-2026-09-09/results-q2-ling.json,q2-ling-Q3_K_M-2,
decode_tok_s,91.3841,tok/s,,,srv1,srv1@hosts.json-decl-2026-09-03,llamacpp,llamacpp:b10644-L3,Ling-3.0-tiny-Q3_K_M.gguf,bailingmoe3,Q3_K_M,0,2,8192,512,mapped,f16,,n/a,,,,10.695,unrecorded,"cold (first request, 1 sample)","llama.cpp /completion timings.predicted_per_second, n=160",2026-09-09,records/measurements/flexibility-2026-09-09/results-q2-ling.json,q2-ling-Q3_K_M-2,
decode_tok_s,93.4648,tok/s,,,srv1,srv1@hosts.json-decl-2026-09-03,llamacpp,llamacpp:b10644-L3,Ling-3.0-tiny-Q3_K_M.gguf,bailingmoe3,Q3_K_M,0,2,8192,512,mapped,f16,,n/a,,,,10.695,unrecorded,warm (1 discarded + mean of 3),rig.decode_llamacpp_warm,2026-09-09,records/measurements/flexibility-2026-09-09/results-q2-ling.json,q2-ling-Q3_K_M-2,"samples=[93.47, 93.45, 93.47]"
restarts,0,count,,,srv1,srv1@hosts.json-decl-2026-09-03,llamacpp,llamacpp:b10644-L3,Ling-3.0-tiny-Q3_K_M.gguf,bailingmoe3,Q3_K_M,0,2,8192,512,mapped,f16,,n/a,,,,10.695,unrecorded,,docker RestartCount,2026-09-09,records/measurements/flexibility-2026-09-09/results-q2-ling.json,q2-ling-Q3_K_M-2,
majfault_wake,5440,pages,,,srv1,srv1@hosts.json-decl-2026-09-03,llamacpp,llamacpp:b10644-L3,Ling-3.0-tiny-Q3_K_M.gguf,bailingmoe3,Q3_K_M,0,2,8192,512,mapped,f16,,n/a,,,,10.695,unrecorded,,/proc/vmstat pgmajfault delta over wake,2026-09-09,records/measurements/flexibility-2026-09-09/results-q2-ling.json,q2-ling-Q3_K_M-2,
pswpout_wake,0,pages,,,srv1,srv1@hosts.json-decl-2026-09-03,llamacpp,llamacpp:b10644-L3,Ling-3.0-tiny-Q3_K_M.gguf,bailingmoe3,Q3_K_M,0,2,8192,512,mapped,f16,,n/a,,,,10.695,unrecorded,,/proc/vmstat pswpout delta over wake,2026-09-09,records/measurements/flexibility-2026-09-09/results-q2-ling.json,q2-ling-Q3_K_M-2,
memavailable_drop_gib,0.6887,GiB,,,srv1,srv1@hosts.json-decl-2026-09-03,llamacpp,llamacpp:b10644-L3,Ling-3.0-tiny-Q3_K_M.gguf,bailingmoe3,Q3_K_M,0,2,8192,512,mapped,f16,,n/a,,,,10.695,unrecorded,,MemAvailable before minus after (includes page cache),2026-09-09,records/measurements/flexibility-2026-09-09/results-q2-ling.json,q2-ling-Q3_K_M-2,
wake_s,70.836,s,,,srv1,srv1@hosts.json-decl-2026-09-03,llamacpp,llamacpp:b10644-L3,Ling-3.0-tiny-Q4_K_M.gguf,bailingmoe3,Q4_K_M,0,2,8192,512,mapped,f16,,n/a,,,,9.639,unrecorded,cold start,door-return minus StartedAt (rig.wake_from),2026-09-09,records/measurements/flexibility-2026-09-09/results-q2-ling.json,q2-ling-Q4_K_M-1,
card_steady_mib,4834,MiB,,,srv1,srv1@hosts.json-decl-2026-09-03,llamacpp,llamacpp:b10644-L3,Ling-3.0-tiny-Q4_K_M.gguf,bailingmoe3,Q4_K_M,0,2,8192,512,mapped,f16,,n/a,,,,9.639,unrecorded,,nvidia-smi memory.used after load,2026-09-09,records/measurements/flexibility-2026-09-09/results-q2-ling.json,q2-ling-Q4_K_M-1,
card_peak_minus_steady_mib,-26,MiB,,,srv1,srv1@hosts.json-decl-2026-09-03,llamacpp,llamacpp:b10644-L3,Ling-3.0-tiny-Q4_K_M.gguf,bailingmoe3,Q4_K_M,0,2,8192,512,mapped,f16,,n/a,,,,9.639,unrecorded,,1 Hz sampler peak minus steady,2026-09-09,records/measurements/flexibility-2026-09-09/results-q2-ling.json,q2-ling-Q4_K_M-1,
card_C_mib,818.75,MiB,,,srv1,srv1@hosts.json-decl-2026-09-03,llamacpp,llamacpp:b10644-L3,Ling-3.0-tiny-Q4_K_M.gguf,bailingmoe3,Q4_K_M,0,2,8192,512,mapped,f16,,n/a,,,,9.639,unrecorded,,net card minus vramfit.experts_on_card (headroom.py method),2026-09-09,records/measurements/flexibility-2026-09-09/results-q2-ling.json,q2-ling-Q4_K_M-1,
shmem_mapped_unit_gib,0.0237,GiB,,,srv1,srv1@hosts.json-decl-2026-09-03,llamacpp,llamacpp:b10644-L3,Ling-3.0-tiny-Q4_K_M.gguf,bailingmoe3,Q4_K_M,0,2,8192,512,mapped,f16,,n/a,,,,9.639,unrecorded,,/proc/meminfo Shmem steady,2026-09-09,records/measurements/flexibility-2026-09-09/results-q2-ling.json,q2-ling-Q4_K_M-1,
decode_tok_s,113.306,tok/s,,,srv1,srv1@hosts.json-decl-2026-09-03,llamacpp,llamacpp:b10644-L3,Ling-3.0-tiny-Q4_K_M.gguf,bailingmoe3,Q4_K_M,0,2,8192,512,mapped,f16,,n/a,,,,9.639,unrecorded,"cold (first request, 1 sample)","llama.cpp /completion timings.predicted_per_second, n=160",2026-09-09,records/measurements/flexibility-2026-09-09/results-q2-ling.json,q2-ling-Q4_K_M-1,
decode_tok_s,116.758,tok/s,,,srv1,srv1@hosts.json-decl-2026-09-03,llamacpp,llamacpp:b10644-L3,Ling-3.0-tiny-Q4_K_M.gguf,bailingmoe3,Q4_K_M,0,2,8192,512,mapped,f16,,n/a,,,,9.639,unrecorded,warm (1 discarded + mean of 3),rig.decode_llamacpp_warm,2026-09-09,records/measurements/flexibility-2026-09-09/results-q2-ling.json,q2-ling-Q4_K_M-1,"samples=[116.75, 116.75, 116.77]"
restarts,0,count,,,srv1,srv1@hosts.json-decl-2026-09-03,llamacpp,llamacpp:b10644-L3,Ling-3.0-tiny-Q4_K_M.gguf,bailingmoe3,Q4_K_M,0,2,8192,512,mapped,f16,,n/a,,,,9.639,unrecorded,,docker RestartCount,2026-09-09,records/measurements/flexibility-2026-09-09/results-q2-ling.json,q2-ling-Q4_K_M-1,
majfault_wake,5543,pages,,,srv1,srv1@hosts.json-decl-2026-09-03,llamacpp,llamacpp:b10644-L3,Ling-3.0-tiny-Q4_K_M.gguf,bailingmoe3,Q4_K_M,0,2,8192,512,mapped,f16,,n/a,,,,9.639,unrecorded,,/proc/vmstat pgmajfault delta over wake,2026-09-09,records/measurements/flexibility-2026-09-09/results-q2-ling.json,q2-ling-Q4_K_M-1,
pswpout_wake,0,pages,,,srv1,srv1@hosts.json-decl-2026-09-03,llamacpp,llamacpp:b10644-L3,Ling-3.0-tiny-Q4_K_M.gguf,bailingmoe3,Q4_K_M,0,2,8192,512,mapped,f16,,n/a,,,,9.639,unrecorded,,/proc/vmstat pswpout delta over wake,2026-09-09,records/measurements/flexibility-2026-09-09/results-q2-ling.json,q2-ling-Q4_K_M-1,
memavailable_drop_gib,0.6848,GiB,,,srv1,srv1@hosts.json-decl-2026-09-03,llamacpp,llamacpp:b10644-L3,Ling-3.0-tiny-Q4_K_M.gguf,bailingmoe3,Q4_K_M,0,2,8192,512,mapped,f16,,n/a,,,,9.639,unrecorded,,MemAvailable before minus after (includes page cache),2026-09-09,records/measurements/flexibility-2026-09-09/results-q2-ling.json,q2-ling-Q4_K_M-1,
wake_s,71.6136,s,,,srv1,srv1@hosts.json-decl-2026-09-03,llamacpp,llamacpp:b10644-L3,Ling-3.0-tiny-Q4_K_M.gguf,bailingmoe3,Q4_K_M,0,2,8192,512,mapped,f16,,n/a,,,,9.645,unrecorded,cold start,door-return minus StartedAt (rig.wake_from),2026-09-09,records/measurements/flexibility-2026-09-09/results-q2-ling.json,q2-ling-Q4_K_M-2,
card_steady_mib,4834,MiB,,,srv1,srv1@hosts.json-decl-2026-09-03,llamacpp,llamacpp:b10644-L3,Ling-3.0-tiny-Q4_K_M.gguf,bailingmoe3,Q4_K_M,0,2,8192,512,mapped,f16,,n/a,,,,9.645,unrecorded,,nvidia-smi memory.used after load,2026-09-09,records/measurements/flexibility-2026-09-09/results-q2-ling.json,q2-ling-Q4_K_M-2,
card_peak_minus_steady_mib,-26,MiB,,,srv1,srv1@hosts.json-decl-2026-09-03,llamacpp,llamacpp:b10644-L3,Ling-3.0-tiny-Q4_K_M.gguf,bailingmoe3,Q4_K_M,0,2,8192,512,mapped,f16,,n/a,,,,9.645,unrecorded,,1 Hz sampler peak minus steady,2026-09-09,records/measurements/flexibility-2026-09-09/results-q2-ling.json,q2-ling-Q4_K_M-2,
card_C_mib,818.75,MiB,,,srv1,srv1@hosts.json-decl-2026-09-03,llamacpp,llamacpp:b10644-L3,Ling-3.0-tiny-Q4_K_M.gguf,bailingmoe3,Q4_K_M,0,2,8192,512,mapped,f16,,n/a,,,,9.645,unrecorded,,net card minus vramfit.experts_on_card (headroom.py method),2026-09-09,records/measurements/flexibility-2026-09-09/results-q2-ling.json,q2-ling-Q4_K_M-2,
shmem_mapped_unit_gib,0.0237,GiB,,,srv1,srv1@hosts.json-decl-2026-09-03,llamacpp,llamacpp:b10644-L3,Ling-3.0-tiny-Q4_K_M.gguf,bailingmoe3,Q4_K_M,0,2,8192,512,mapped,f16,,n/a,,,,9.645,unrecorded,,/proc/meminfo Shmem steady,2026-09-09,records/measurements/flexibility-2026-09-09/results-q2-ling.json,q2-ling-Q4_K_M-2,
decode_tok_s,114.843,tok/s,,,srv1,srv1@hosts.json-decl-2026-09-03,llamacpp,llamacpp:b10644-L3,Ling-3.0-tiny-Q4_K_M.gguf,bailingmoe3,Q4_K_M,0,2,8192,512,mapped,f16,,n/a,,,,9.645,unrecorded,"cold (first request, 1 sample)","llama.cpp /completion timings.predicted_per_second, n=160",2026-09-09,records/measurements/flexibility-2026-09-09/results-q2-ling.json,q2-ling-Q4_K_M-2,
decode_tok_s,116.8245,tok/s,,,srv1,srv1@hosts.json-decl-2026-09-03,llamacpp,llamacpp:b10644-L3,Ling-3.0-tiny-Q4_K_M.gguf,bailingmoe3,Q4_K_M,0,2,8192,512,mapped,f16,,n/a,,,,9.645,unrecorded,warm (1 discarded + mean of 3),rig.decode_llamacpp_warm,2026-09-09,records/measurements/flexibility-2026-09-09/results-q2-ling.json,q2-ling-Q4_K_M-2,"samples=[116.78, 116.87, 116.83]"
restarts,0,count,,,srv1,srv1@hosts.json-decl-2026-09-03,llamacpp,llamacpp:b10644-L3,Ling-3.0-tiny-Q4_K_M.gguf,bailingmoe3,Q4_K_M,0,2,8192,512,mapped,f16,,n/a,,,,9.645,unrecorded,,docker RestartCount,2026-09-09,records/measurements/flexibility-2026-09-09/results-q2-ling.json,q2-ling-Q4_K_M-2,
majfault_wake,5459,pages,,,srv1,srv1@hosts.json-decl-2026-09-03,llamacpp,llamacpp:b10644-L3,Ling-3.0-tiny-Q4_K_M.gguf,bailingmoe3,Q4_K_M,0,2,8192,512,mapped,f16,,n/a,,,,9.645,unrecorded,,/proc/vmstat pgmajfault delta over wake,2026-09-09,records/measurements/flexibility-2026-09-09/results-q2-ling.json,q2-ling-Q4_K_M-2,
pswpout_wake,0,pages,,,srv1,srv1@hosts.json-decl-2026-09-03,llamacpp,llamacpp:b10644-L3,Ling-3.0-tiny-Q4_K_M.gguf,bailingmoe3,Q4_K_M,0,2,8192,512,mapped,f16,,n/a,,,,9.645,unrecorded,,/proc/vmstat pswpout delta over wake,2026-09-09,records/measurements/flexibility-2026-09-09/results-q2-ling.json,q2-ling-Q4_K_M-2,
memavailable_drop_gib,0.6883,GiB,,,srv1,srv1@hosts.json-decl-2026-09-03,llamacpp,llamacpp:b10644-L3,Ling-3.0-tiny-Q4_K_M.gguf,bailingmoe3,Q4_K_M,0,2,8192,512,mapped,f16,,n/a,,,,9.645,unrecorded,,MemAvailable before minus after (includes page cache),2026-09-09,records/measurements/flexibility-2026-09-09/results-q2-ling.json,q2-ling-Q4_K_M-2,
wake_s,83.3544,s,,,srv1,srv1@hosts.json-decl-2026-09-03,llamacpp,llamacpp:b10644-L3,Ling-3.0-tiny-Q6_K.gguf,bailingmoe3,Q6_K,6,2,8192,512,mapped,f16,,n/a,,,,7.84,unrecorded,cold start,door-return minus StartedAt (rig.wake_from),2026-09-09,records/measurements/flexibility-2026-09-09/results-q2-ling.json,q2-ling-Q6_K-1,
card_steady_mib,5516,MiB,,,srv1,srv1@hosts.json-decl-2026-09-03,llamacpp,llamacpp:b10644-L3,Ling-3.0-tiny-Q6_K.gguf,bailingmoe3,Q6_K,6,2,8192,512,mapped,f16,,n/a,,,,7.84,unrecorded,,nvidia-smi memory.used after load,2026-09-09,records/measurements/flexibility-2026-09-09/results-q2-ling.json,q2-ling-Q6_K-1,
card_peak_minus_steady_mib,-14,MiB,,,srv1,srv1@hosts.json-decl-2026-09-03,llamacpp,llamacpp:b10644-L3,Ling-3.0-tiny-Q6_K.gguf,bailingmoe3,Q6_K,6,2,8192,512,mapped,f16,,n/a,,,,7.84,unrecorded,,1 Hz sampler peak minus steady,2026-09-09,records/measurements/flexibility-2026-09-09/results-q2-ling.json,q2-ling-Q6_K-1,
card_C_mib,1060.5,MiB,,,srv1,srv1@hosts.json-decl-2026-09-03,llamacpp,llamacpp:b10644-L3,Ling-3.0-tiny-Q6_K.gguf,bailingmoe3,Q6_K,6,2,8192,512,mapped,f16,,n/a,,,,7.84,unrecorded,,net card minus vramfit.experts_on_card (headroom.py method),2026-09-09,records/measurements/flexibility-2026-09-09/results-q2-ling.json,q2-ling-Q6_K-1,
shmem_mapped_unit_gib,0.0237,GiB,,,srv1,srv1@hosts.json-decl-2026-09-03,llamacpp,llamacpp:b10644-L3,Ling-3.0-tiny-Q6_K.gguf,bailingmoe3,Q6_K,6,2,8192,512,mapped,f16,,n/a,,,,7.84,unrecorded,,/proc/meminfo Shmem steady,2026-09-09,records/measurements/flexibility-2026-09-09/results-q2-ling.json,q2-ling-Q6_K-1,
decode_tok_s,86.8314,tok/s,,,srv1,srv1@hosts.json-decl-2026-09-03,llamacpp,llamacpp:b10644-L3,Ling-3.0-tiny-Q6_K.gguf,bailingmoe3,Q6_K,6,2,8192,512,mapped,f16,,n/a,,,,7.84,unrecorded,"cold (first request, 1 sample)","llama.cpp /completion timings.predicted_per_second, n=160",2026-09-09,records/measurements/flexibility-2026-09-09/results-q2-ling.json,q2-ling-Q6_K-1,
decode_tok_s,87.8475,tok/s,,,srv1,srv1@hosts.json-decl-2026-09-03,llamacpp,llamacpp:b10644-L3,Ling-3.0-tiny-Q6_K.gguf,bailingmoe3,Q6_K,6,2,8192,512,mapped,f16,,n/a,,,,7.84,unrecorded,warm (1 discarded + mean of 3),rig.decode_llamacpp_warm,2026-09-09,records/measurements/flexibility-2026-09-09/results-q2-ling.json,q2-ling-Q6_K-1,"samples=[87.85, 87.83, 87.86]"
restarts,0,count,,,srv1,srv1@hosts.json-decl-2026-09-03,llamacpp,llamacpp:b10644-L3,Ling-3.0-tiny-Q6_K.gguf,bailingmoe3,Q6_K,6,2,8192,512,mapped,f16,,n/a,,,,7.84,unrecorded,,docker RestartCount,2026-09-09,records/measurements/flexibility-2026-09-09/results-q2-ling.json,q2-ling-Q6_K-1,
majfault_wake,5409,pages,,,srv1,srv1@hosts.json-decl-2026-09-03,llamacpp,llamacpp:b10644-L3,Ling-3.0-tiny-Q6_K.gguf,bailingmoe3,Q6_K,6,2,8192,512,mapped,f16,,n/a,,,,7.84,unrecorded,,/proc/vmstat pgmajfault delta over wake,2026-09-09,records/measurements/flexibility-2026-09-09/results-q2-ling.json,q2-ling-Q6_K-1,
pswpout_wake,0,pages,,,srv1,srv1@hosts.json-decl-2026-09-03,llamacpp,llamacpp:b10644-L3,Ling-3.0-tiny-Q6_K.gguf,bailingmoe3,Q6_K,6,2,8192,512,mapped,f16,,n/a,,,,7.84,unrecorded,,/proc/vmstat pswpout delta over wake,2026-09-09,records/measurements/flexibility-2026-09-09/results-q2-ling.json,q2-ling-Q6_K-1,
memavailable_drop_gib,0.6808,GiB,,,srv1,srv1@hosts.json-decl-2026-09-03,llamacpp,llamacpp:b10644-L3,Ling-3.0-tiny-Q6_K.gguf,bailingmoe3,Q6_K,6,2,8192,512,mapped,f16,,n/a,,,,7.84,unrecorded,,MemAvailable before minus after (includes page cache),2026-09-09,records/measurements/flexibility-2026-09-09/results-q2-ling.json,q2-ling-Q6_K-1,
wake_s,84.5055,s,,,srv1,srv1@hosts.json-decl-2026-09-03,llamacpp,llamacpp:b10644-L3,Ling-3.0-tiny-Q6_K.gguf,bailingmoe3,Q6_K,6,2,8192,512,mapped,f16,,n/a,,,,7.856,unrecorded,cold start,door-return minus StartedAt (rig.wake_from),2026-09-09,records/measurements/flexibility-2026-09-09/results-q2-ling.json,q2-ling-Q6_K-2,
card_steady_mib,5516,MiB,,,srv1,srv1@hosts.json-decl-2026-09-03,llamacpp,llamacpp:b10644-L3,Ling-3.0-tiny-Q6_K.gguf,bailingmoe3,Q6_K,6,2,8192,512,mapped,f16,,n/a,,,,7.856,unrecorded,,nvidia-smi memory.used after load,2026-09-09,records/measurements/flexibility-2026-09-09/results-q2-ling.json,q2-ling-Q6_K-2,
card_peak_minus_steady_mib,-14,MiB,,,srv1,srv1@hosts.json-decl-2026-09-03,llamacpp,llamacpp:b10644-L3,Ling-3.0-tiny-Q6_K.gguf,bailingmoe3,Q6_K,6,2,8192,512,mapped,f16,,n/a,,,,7.856,unrecorded,,1 Hz sampler peak minus steady,2026-09-09,records/measurements/flexibility-2026-09-09/results-q2-ling.json,q2-ling-Q6_K-2,
card_C_mib,1060.5,MiB,,,srv1,srv1@hosts.json-decl-2026-09-03,llamacpp,llamacpp:b10644-L3,Ling-3.0-tiny-Q6_K.gguf,bailingmoe3,Q6_K,6,2,8192,512,mapped,f16,,n/a,,,,7.856,unrecorded,,net card minus vramfit.experts_on_card (headroom.py method),2026-09-09,records/measurements/flexibility-2026-09-09/results-q2-ling.json,q2-ling-Q6_K-2,
shmem_mapped_unit_gib,0.0237,GiB,,,srv1,srv1@hosts.json-decl-2026-09-03,llamacpp,llamacpp:b10644-L3,Ling-3.0-tiny-Q6_K.gguf,bailingmoe3,Q6_K,6,2,8192,512,mapped,f16,,n/a,,,,7.856,unrecorded,,/proc/meminfo Shmem steady,2026-09-09,records/measurements/flexibility-2026-09-09/results-q2-ling.json,q2-ling-Q6_K-2,
decode_tok_s,85.5694,tok/s,,,srv1,srv1@hosts.json-decl-2026-09-03,llamacpp,llamacpp:b10644-L3,Ling-3.0-tiny-Q6_K.gguf,bailingmoe3,Q6_K,6,2,8192,512,mapped,f16,,n/a,,,,7.856,unrecorded,"cold (first request, 1 sample)","llama.cpp /completion timings.predicted_per_second, n=160",2026-09-09,records/measurements/flexibility-2026-09-09/results-q2-ling.json,q2-ling-Q6_K-2,
decode_tok_s,85.7942,tok/s,,,srv1,srv1@hosts.json-decl-2026-09-03,llamacpp,llamacpp:b10644-L3,Ling-3.0-tiny-Q6_K.gguf,bailingmoe3,Q6_K,6,2,8192,512,mapped,f16,,n/a,,,,7.856,unrecorded,warm (1 discarded + mean of 3),rig.decode_llamacpp_warm,2026-09-09,records/measurements/flexibility-2026-09-09/results-q2-ling.json,q2-ling-Q6_K-2,"samples=[85.75, 85.83, 85.81]"
restarts,0,count,,,srv1,srv1@hosts.json-decl-2026-09-03,llamacpp,llamacpp:b10644-L3,Ling-3.0-tiny-Q6_K.gguf,bailingmoe3,Q6_K,6,2,8192,512,mapped,f16,,n/a,,,,7.856,unrecorded,,docker RestartCount,2026-09-09,records/measurements/flexibility-2026-09-09/results-q2-ling.json,q2-ling-Q6_K-2,
majfault_wake,5452,pages,,,srv1,srv1@hosts.json-decl-2026-09-03,llamacpp,llamacpp:b10644-L3,Ling-3.0-tiny-Q6_K.gguf,bailingmoe3,Q6_K,6,2,8192,512,mapped,f16,,n/a,,,,7.856,unrecorded,,/proc/vmstat pgmajfault delta over wake,2026-09-09,records/measurements/flexibility-2026-09-09/results-q2-ling.json,q2-ling-Q6_K-2,
pswpout_wake,0,pages,,,srv1,srv1@hosts.json-decl-2026-09-03,llamacpp,llamacpp:b10644-L3,Ling-3.0-tiny-Q6_K.gguf,bailingmoe3,Q6_K,6,2,8192,512,mapped,f16,,n/a,,,,7.856,unrecorded,,/proc/vmstat pswpout delta over wake,2026-09-09,records/measurements/flexibility-2026-09-09/results-q2-ling.json,q2-ling-Q6_K-2,
memavailable_drop_gib,0.6861,GiB,,,srv1,srv1@hosts.json-decl-2026-09-03,llamacpp,llamacpp:b10644-L3,Ling-3.0-tiny-Q6_K.gguf,bailingmoe3,Q6_K,6,2,8192,512,mapped,f16,,n/a,,,,7.856,unrecorded,,MemAvailable before minus after (includes page cache),2026-09-09,records/measurements/flexibility-2026-09-09/results-q2-ling.json,q2-ling-Q6_K-2,
wake_s,91.6328,s,,,srv1,srv1@hosts.json-decl-2026-09-03,llamacpp,llamacpp:b10644-L3,Ling-3.0-tiny-Q8_0.gguf,bailingmoe3,Q8_0,10,2,8192,512,mapped,f16,,n/a,,,,6.386,unrecorded,cold start,door-return minus StartedAt (rig.wake_from),2026-09-09,records/measurements/flexibility-2026-09-09/results-q2-ling.json,q2-ling-Q8_0-1,
card_steady_mib,5454,MiB,,,srv1,srv1@hosts.json-decl-2026-09-03,llamacpp,llamacpp:b10644-L3,Ling-3.0-tiny-Q8_0.gguf,bailingmoe3,Q8_0,10,2,8192,512,mapped,f16,,n/a,,,,6.386,unrecorded,,nvidia-smi memory.used after load,2026-09-09,records/measurements/flexibility-2026-09-09/results-q2-ling.json,q2-ling-Q8_0-1,
card_peak_minus_steady_mib,-14,MiB,,,srv1,srv1@hosts.json-decl-2026-09-03,llamacpp,llamacpp:b10644-L3,Ling-3.0-tiny-Q8_0.gguf,bailingmoe3,Q8_0,10,2,8192,512,mapped,f16,,n/a,,,,6.386,unrecorded,,1 Hz sampler peak minus steady,2026-09-09,records/measurements/flexibility-2026-09-09/results-q2-ling.json,q2-ling-Q8_0-1,
card_C_mib,1153.0,MiB,,,srv1,srv1@hosts.json-decl-2026-09-03,llamacpp,llamacpp:b10644-L3,Ling-3.0-tiny-Q8_0.gguf,bailingmoe3,Q8_0,10,2,8192,512,mapped,f16,,n/a,,,,6.386,unrecorded,,net card minus vramfit.experts_on_card (headroom.py method),2026-09-09,records/measurements/flexibility-2026-09-09/results-q2-ling.json,q2-ling-Q8_0-1,
shmem_mapped_unit_gib,0.0237,GiB,,,srv1,srv1@hosts.json-decl-2026-09-03,llamacpp,llamacpp:b10644-L3,Ling-3.0-tiny-Q8_0.gguf,bailingmoe3,Q8_0,10,2,8192,512,mapped,f16,,n/a,,,,6.386,unrecorded,,/proc/meminfo Shmem steady,2026-09-09,records/measurements/flexibility-2026-09-09/results-q2-ling.json,q2-ling-Q8_0-1,
decode_tok_s,73.4717,tok/s,,,srv1,srv1@hosts.json-decl-2026-09-03,llamacpp,llamacpp:b10644-L3,Ling-3.0-tiny-Q8_0.gguf,bailingmoe3,Q8_0,10,2,8192,512,mapped,f16,,n/a,,,,6.386,unrecorded,"cold (first request, 1 sample)","llama.cpp /completion timings.predicted_per_second, n=160",2026-09-09,records/measurements/flexibility-2026-09-09/results-q2-ling.json,q2-ling-Q8_0-1,
decode_tok_s,74.3615,tok/s,,,srv1,srv1@hosts.json-decl-2026-09-03,llamacpp,llamacpp:b10644-L3,Ling-3.0-tiny-Q8_0.gguf,bailingmoe3,Q8_0,10,2,8192,512,mapped,f16,,n/a,,,,6.386,unrecorded,warm (1 discarded + mean of 3),rig.decode_llamacpp_warm,2026-09-09,records/measurements/flexibility-2026-09-09/results-q2-ling.json,q2-ling-Q8_0-1,"samples=[74.22, 74.42, 74.45]"
restarts,0,count,,,srv1,srv1@hosts.json-decl-2026-09-03,llamacpp,llamacpp:b10644-L3,Ling-3.0-tiny-Q8_0.gguf,bailingmoe3,Q8_0,10,2,8192,512,mapped,f16,,n/a,,,,6.386,unrecorded,,docker RestartCount,2026-09-09,records/measurements/flexibility-2026-09-09/results-q2-ling.json,q2-ling-Q8_0-1,
majfault_wake,5428,pages,,,srv1,srv1@hosts.json-decl-2026-09-03,llamacpp,llamacpp:b10644-L3,Ling-3.0-tiny-Q8_0.gguf,bailingmoe3,Q8_0,10,2,8192,512,mapped,f16,,n/a,,,,6.386,unrecorded,,/proc/vmstat pgmajfault delta over wake,2026-09-09,records/measurements/flexibility-2026-09-09/results-q2-ling.json,q2-ling-Q8_0-1,
pswpout_wake,0,pages,,,srv1,srv1@hosts.json-decl-2026-09-03,llamacpp,llamacpp:b10644-L3,Ling-3.0-tiny-Q8_0.gguf,bailingmoe3,Q8_0,10,2,8192,512,mapped,f16,,n/a,,,,6.386,unrecorded,,/proc/vmstat pswpout delta over wake,2026-09-09,records/measurements/flexibility-2026-09-09/results-q2-ling.json,q2-ling-Q8_0-1,
memavailable_drop_gib,0.7016,GiB,,,srv1,srv1@hosts.json-decl-2026-09-03,llamacpp,llamacpp:b10644-L3,Ling-3.0-tiny-Q8_0.gguf,bailingmoe3,Q8_0,10,2,8192,512,mapped,f16,,n/a,,,,6.386,unrecorded,,MemAvailable before minus after (includes page cache),2026-09-09,records/measurements/flexibility-2026-09-09/results-q2-ling.json,q2-ling-Q8_0-1,
wake_s,93.069,s,,,srv1,srv1@hosts.json-decl-2026-09-03,llamacpp,llamacpp:b10644-L3,Ling-3.0-tiny-Q8_0.gguf,bailingmoe3,Q8_0,10,2,8192,512,mapped,f16,,n/a,,,,6.377,unrecorded,cold start,door-return minus StartedAt (rig.wake_from),2026-09-09,records/measurements/flexibility-2026-09-09/results-q2-ling.json,q2-ling-Q8_0-2,
card_steady_mib,5454,MiB,,,srv1,srv1@hosts.json-decl-2026-09-03,llamacpp,llamacpp:b10644-L3,Ling-3.0-tiny-Q8_0.gguf,bailingmoe3,Q8_0,10,2,8192,512,mapped,f16,,n/a,,,,6.377,unrecorded,,nvidia-smi memory.used after load,2026-09-09,records/measurements/flexibility-2026-09-09/results-q2-ling.json,q2-ling-Q8_0-2,
card_peak_minus_steady_mib,-14,MiB,,,srv1,srv1@hosts.json-decl-2026-09-03,llamacpp,llamacpp:b10644-L3,Ling-3.0-tiny-Q8_0.gguf,bailingmoe3,Q8_0,10,2,8192,512,mapped,f16,,n/a,,,,6.377,unrecorded,,1 Hz sampler peak minus steady,2026-09-09,records/measurements/flexibility-2026-09-09/results-q2-ling.json,q2-ling-Q8_0-2,
card_C_mib,1153.0,MiB,,,srv1,srv1@hosts.json-decl-2026-09-03,llamacpp,llamacpp:b10644-L3,Ling-3.0-tiny-Q8_0.gguf,bailingmoe3,Q8_0,10,2,8192,512,mapped,f16,,n/a,,,,6.377,unrecorded,,net card minus vramfit.experts_on_card (headroom.py method),2026-09-09,records/measurements/flexibility-2026-09-09/results-q2-ling.json,q2-ling-Q8_0-2,
shmem_mapped_unit_gib,0.0237,GiB,,,srv1,srv1@hosts.json-decl-2026-09-03,llamacpp,llamacpp:b10644-L3,Ling-3.0-tiny-Q8_0.gguf,bailingmoe3,Q8_0,10,2,8192,512,mapped,f16,,n/a,,,,6.377,unrecorded,,/proc/meminfo Shmem steady,2026-09-09,records/measurements/flexibility-2026-09-09/results-q2-ling.json,q2-ling-Q8_0-2,
decode_tok_s,73.6669,tok/s,,,srv1,srv1@hosts.json-decl-2026-09-03,llamacpp,llamacpp:b10644-L3,Ling-3.0-tiny-Q8_0.gguf,bailingmoe3,Q8_0,10,2,8192,512,mapped,f16,,n/a,,,,6.377,unrecorded,"cold (first request, 1 sample)","llama.cpp /completion timings.predicted_per_second, n=160",2026-09-09,records/measurements/flexibility-2026-09-09/results-q2-ling.json,q2-ling-Q8_0-2,
decode_tok_s,71.4963,tok/s,,,srv1,srv1@hosts.json-decl-2026-09-03,llamacpp,llamacpp:b10644-L3,Ling-3.0-tiny-Q8_0.gguf,bailingmoe3,Q8_0,10,2,8192,512,mapped,f16,,n/a,,,,6.377,unrecorded,warm (1 discarded + mean of 3),rig.decode_llamacpp_warm,2026-09-09,records/measurements/flexibility-2026-09-09/results-q2-ling.json,q2-ling-Q8_0-2,"samples=[74.45, 65.75, 74.29]"
restarts,0,count,,,srv1,srv1@hosts.json-decl-2026-09-03,llamacpp,llamacpp:b10644-L3,Ling-3.0-tiny-Q8_0.gguf,bailingmoe3,Q8_0,10,2,8192,512,mapped,f16,,n/a,,,,6.377,unrecorded,,docker RestartCount,2026-09-09,records/measurements/flexibility-2026-09-09/results-q2-ling.json,q2-ling-Q8_0-2,
majfault_wake,5449,pages,,,srv1,srv1@hosts.json-decl-2026-09-03,llamacpp,llamacpp:b10644-L3,Ling-3.0-tiny-Q8_0.gguf,bailingmoe3,Q8_0,10,2,8192,512,mapped,f16,,n/a,,,,6.377,unrecorded,,/proc/vmstat pgmajfault delta over wake,2026-09-09,records/measurements/flexibility-2026-09-09/results-q2-ling.json,q2-ling-Q8_0-2,
pswpout_wake,0,pages,,,srv1,srv1@hosts.json-decl-2026-09-03,llamacpp,llamacpp:b10644-L3,Ling-3.0-tiny-Q8_0.gguf,bailingmoe3,Q8_0,10,2,8192,512,mapped,f16,,n/a,,,,6.377,unrecorded,,/proc/vmstat pswpout delta over wake,2026-09-09,records/measurements/flexibility-2026-09-09/results-q2-ling.json,q2-ling-Q8_0-2,
memavailable_drop_gib,0.6756,GiB,,,srv1,srv1@hosts.json-decl-2026-09-03,llamacpp,llamacpp:b10644-L3,Ling-3.0-tiny-Q8_0.gguf,bailingmoe3,Q8_0,10,2,8192,512,mapped,f16,,n/a,,,,6.377,unrecorded,,MemAvailable before minus after (includes page cache),2026-09-09,records/measurements/flexibility-2026-09-09/results-q2-ling.json,q2-ling-Q8_0-2,
wake_s,139.1352,s,,,srv1,srv1@hosts.json-decl-2026-09-03,llamacpp,llamacpp:b10644-L3,Qwen3.6-35B-A3B-UD-IQ3_XXS.gguf,qwen35moe,UD-IQ3_XXS,28,2,8192,512,mapped,f16,,n/a,,,,1.964,unrecorded,cold start,door-return minus StartedAt (rig.wake_from),2026-09-09,records/measurements/flexibility-2026-09-09/results-q4q5q6-srv1.json,q4-qwen-n28-1,
card_steady_mib,5484,MiB,,,srv1,srv1@hosts.json-decl-2026-09-03,llamacpp,llamacpp:b10644-L3,Qwen3.6-35B-A3B-UD-IQ3_XXS.gguf,qwen35moe,UD-IQ3_XXS,28,2,8192,512,mapped,f16,,n/a,,,,1.964,unrecorded,,nvidia-smi memory.used after load,2026-09-09,records/measurements/flexibility-2026-09-09/results-q4q5q6-srv1.json,q4-qwen-n28-1,
card_peak_minus_steady_mib,-14,MiB,,,srv1,srv1@hosts.json-decl-2026-09-03,llamacpp,llamacpp:b10644-L3,Qwen3.6-35B-A3B-UD-IQ3_XXS.gguf,qwen35moe,UD-IQ3_XXS,28,2,8192,512,mapped,f16,,n/a,,,,1.964,unrecorded,,1 Hz sampler peak minus steady,2026-09-09,records/measurements/flexibility-2026-09-09/results-q4q5q6-srv1.json,q4-qwen-n28-1,
card_C_mib,2209.0,MiB,,,srv1,srv1@hosts.json-decl-2026-09-03,llamacpp,llamacpp:b10644-L3,Qwen3.6-35B-A3B-UD-IQ3_XXS.gguf,qwen35moe,UD-IQ3_XXS,28,2,8192,512,mapped,f16,,n/a,,,,1.964,unrecorded,,net card minus vramfit.experts_on_card (headroom.py method),2026-09-09,records/measurements/flexibility-2026-09-09/results-q4q5q6-srv1.json,q4-qwen-n28-1,
shmem_mapped_unit_gib,0.0255,GiB,,,srv1,srv1@hosts.json-decl-2026-09-03,llamacpp,llamacpp:b10644-L3,Qwen3.6-35B-A3B-UD-IQ3_XXS.gguf,qwen35moe,UD-IQ3_XXS,28,2,8192,512,mapped,f16,,n/a,,,,1.964,unrecorded,,/proc/meminfo Shmem steady,2026-09-09,records/measurements/flexibility-2026-09-09/results-q4q5q6-srv1.json,q4-qwen-n28-1,
decode_tok_s,24.6284,tok/s,,,srv1,srv1@hosts.json-decl-2026-09-03,llamacpp,llamacpp:b10644-L3,Qwen3.6-35B-A3B-UD-IQ3_XXS.gguf,qwen35moe,UD-IQ3_XXS,28,2,8192,512,mapped,f16,,n/a,,,,1.964,unrecorded,"cold (first request, 1 sample)","llama.cpp /completion timings.predicted_per_second, n=160",2026-09-09,records/measurements/flexibility-2026-09-09/results-q4q5q6-srv1.json,q4-qwen-n28-1,
decode_tok_s,32.5005,tok/s,,,srv1,srv1@hosts.json-decl-2026-09-03,llamacpp,llamacpp:b10644-L3,Qwen3.6-35B-A3B-UD-IQ3_XXS.gguf,qwen35moe,UD-IQ3_XXS,28,2,8192,512,mapped,f16,,n/a,,,,1.964,unrecorded,warm (1 discarded + mean of 3),rig.decode_llamacpp_warm,2026-09-09,records/measurements/flexibility-2026-09-09/results-q4q5q6-srv1.json,q4-qwen-n28-1,"samples=[32.72, 32.09, 32.69]"
restarts,0,count,,,srv1,srv1@hosts.json-decl-2026-09-03,llamacpp,llamacpp:b10644-L3,Qwen3.6-35B-A3B-UD-IQ3_XXS.gguf,qwen35moe,UD-IQ3_XXS,28,2,8192,512,mapped,f16,,n/a,,,,1.964,unrecorded,,docker RestartCount,2026-09-09,records/measurements/flexibility-2026-09-09/results-q4q5q6-srv1.json,q4-qwen-n28-1,
majfault_wake,13141,pages,,,srv1,srv1@hosts.json-decl-2026-09-03,llamacpp,llamacpp:b10644-L3,Qwen3.6-35B-A3B-UD-IQ3_XXS.gguf,qwen35moe,UD-IQ3_XXS,28,2,8192,512,mapped,f16,,n/a,,,,1.964,unrecorded,,/proc/vmstat pgmajfault delta over wake,2026-09-09,records/measurements/flexibility-2026-09-09/results-q4q5q6-srv1.json,q4-qwen-n28-1,
pswpout_wake,47074,pages,,,srv1,srv1@hosts.json-decl-2026-09-03,llamacpp,llamacpp:b10644-L3,Qwen3.6-35B-A3B-UD-IQ3_XXS.gguf,qwen35moe,UD-IQ3_XXS,28,2,8192,512,mapped,f16,,n/a,,,,1.964,unrecorded,,/proc/vmstat pswpout delta over wake,2026-09-09,records/measurements/flexibility-2026-09-09/results-q4q5q6-srv1.json,q4-qwen-n28-1,
memavailable_drop_gib,0.7943,GiB,,,srv1,srv1@hosts.json-decl-2026-09-03,llamacpp,llamacpp:b10644-L3,Qwen3.6-35B-A3B-UD-IQ3_XXS.gguf,qwen35moe,UD-IQ3_XXS,28,2,8192,512,mapped,f16,,n/a,,,,1.964,unrecorded,,MemAvailable before minus after (includes page cache),2026-09-09,records/measurements/flexibility-2026-09-09/results-q4q5q6-srv1.json,q4-qwen-n28-1,
wake_s,141.3252,s,,,srv1,srv1@hosts.json-decl-2026-09-03,llamacpp,llamacpp:b10644-L3,Qwen3.6-35B-A3B-UD-IQ3_XXS.gguf,qwen35moe,UD-IQ3_XXS,28,2,8192,512,mapped,f16,,n/a,,,,1.933,unrecorded,cold start,door-return minus StartedAt (rig.wake_from),2026-09-09,records/measurements/flexibility-2026-09-09/results-q4q5q6-srv1.json,q4-qwen-n28-2,
card_steady_mib,5484,MiB,,,srv1,srv1@hosts.json-decl-2026-09-03,llamacpp,llamacpp:b10644-L3,Qwen3.6-35B-A3B-UD-IQ3_XXS.gguf,qwen35moe,UD-IQ3_XXS,28,2,8192,512,mapped,f16,,n/a,,,,1.933,unrecorded,,nvidia-smi memory.used after load,2026-09-09,records/measurements/flexibility-2026-09-09/results-q4q5q6-srv1.json,q4-qwen-n28-2,
card_peak_minus_steady_mib,-14,MiB,,,srv1,srv1@hosts.json-decl-2026-09-03,llamacpp,llamacpp:b10644-L3,Qwen3.6-35B-A3B-UD-IQ3_XXS.gguf,qwen35moe,UD-IQ3_XXS,28,2,8192,512,mapped,f16,,n/a,,,,1.933,unrecorded,,1 Hz sampler peak minus steady,2026-09-09,records/measurements/flexibility-2026-09-09/results-q4q5q6-srv1.json,q4-qwen-n28-2,
card_C_mib,2209.0,MiB,,,srv1,srv1@hosts.json-decl-2026-09-03,llamacpp,llamacpp:b10644-L3,Qwen3.6-35B-A3B-UD-IQ3_XXS.gguf,qwen35moe,UD-IQ3_XXS,28,2,8192,512,mapped,f16,,n/a,,,,1.933,unrecorded,,net card minus vramfit.experts_on_card (headroom.py method),2026-09-09,records/measurements/flexibility-2026-09-09/results-q4q5q6-srv1.json,q4-qwen-n28-2,
shmem_mapped_unit_gib,0.0256,GiB,,,srv1,srv1@hosts.json-decl-2026-09-03,llamacpp,llamacpp:b10644-L3,Qwen3.6-35B-A3B-UD-IQ3_XXS.gguf,qwen35moe,UD-IQ3_XXS,28,2,8192,512,mapped,f16,,n/a,,,,1.933,unrecorded,,/proc/meminfo Shmem steady,2026-09-09,records/measurements/flexibility-2026-09-09/results-q4q5q6-srv1.json,q4-qwen-n28-2,
decode_tok_s,25.8785,tok/s,,,srv1,srv1@hosts.json-decl-2026-09-03,llamacpp,llamacpp:b10644-L3,Qwen3.6-35B-A3B-UD-IQ3_XXS.gguf,qwen35moe,UD-IQ3_XXS,28,2,8192,512,mapped,f16,,n/a,,,,1.933,unrecorded,"cold (first request, 1 sample)","llama.cpp /completion timings.predicted_per_second, n=160",2026-09-09,records/measurements/flexibility-2026-09-09/results-q4q5q6-srv1.json,q4-qwen-n28-2,
decode_tok_s,34.0537,tok/s,,,srv1,srv1@hosts.json-decl-2026-09-03,llamacpp,llamacpp:b10644-L3,Qwen3.6-35B-A3B-UD-IQ3_XXS.gguf,qwen35moe,UD-IQ3_XXS,28,2,8192,512,mapped,f16,,n/a,,,,1.933,unrecorded,warm (1 discarded + mean of 3),rig.decode_llamacpp_warm,2026-09-09,records/measurements/flexibility-2026-09-09/results-q4q5q6-srv1.json,q4-qwen-n28-2,"samples=[34.08, 34.01, 34.08]"
restarts,0,count,,,srv1,srv1@hosts.json-decl-2026-09-03,llamacpp,llamacpp:b10644-L3,Qwen3.6-35B-A3B-UD-IQ3_XXS.gguf,qwen35moe,UD-IQ3_XXS,28,2,8192,512,mapped,f16,,n/a,,,,1.933,unrecorded,,docker RestartCount,2026-09-09,records/measurements/flexibility-2026-09-09/results-q4q5q6-srv1.json,q4-qwen-n28-2,
majfault_wake,12432,pages,,,srv1,srv1@hosts.json-decl-2026-09-03,llamacpp,llamacpp:b10644-L3,Qwen3.6-35B-A3B-UD-IQ3_XXS.gguf,qwen35moe,UD-IQ3_XXS,28,2,8192,512,mapped,f16,,n/a,,,,1.933,unrecorded,,/proc/vmstat pgmajfault delta over wake,2026-09-09,records/measurements/flexibility-2026-09-09/results-q4q5q6-srv1.json,q4-qwen-n28-2,
pswpout_wake,50163,pages,,,srv1,srv1@hosts.json-decl-2026-09-03,llamacpp,llamacpp:b10644-L3,Qwen3.6-35B-A3B-UD-IQ3_XXS.gguf,qwen35moe,UD-IQ3_XXS,28,2,8192,512,mapped,f16,,n/a,,,,1.933,unrecorded,,/proc/vmstat pswpout delta over wake,2026-09-09,records/measurements/flexibility-2026-09-09/results-q4q5q6-srv1.json,q4-qwen-n28-2,
memavailable_drop_gib,0.7482,GiB,,,srv1,srv1@hosts.json-decl-2026-09-03,llamacpp,llamacpp:b10644-L3,Qwen3.6-35B-A3B-UD-IQ3_XXS.gguf,qwen35moe,UD-IQ3_XXS,28,2,8192,512,mapped,f16,,n/a,,,,1.933,unrecorded,,MemAvailable before minus after (includes page cache),2026-09-09,records/measurements/flexibility-2026-09-09/results-q4q5q6-srv1.json,q4-qwen-n28-2,
wake_s,136.9029,s,,,srv1,srv1@hosts.json-decl-2026-09-03,llamacpp,llamacpp:b10644-L3,Qwen3.6-35B-A3B-UD-IQ3_XXS.gguf,qwen35moe,UD-IQ3_XXS,32,2,8192,512,mapped,f16,,n/a,,,,1.944,unrecorded,cold start,door-return minus StartedAt (rig.wake_from),2026-09-09,records/measurements/flexibility-2026-09-09/results-q4q5q6-srv1.json,q4-qwen-n32-1,
card_steady_mib,4436,MiB,,,srv1,srv1@hosts.json-decl-2026-09-03,llamacpp,llamacpp:b10644-L3,Qwen3.6-35B-A3B-UD-IQ3_XXS.gguf,qwen35moe,UD-IQ3_XXS,32,2,8192,512,mapped,f16,,n/a,,,,1.944,unrecorded,,nvidia-smi memory.used after load,2026-09-09,records/measurements/flexibility-2026-09-09/results-q4q5q6-srv1.json,q4-qwen-n32-1,
card_peak_minus_steady_mib,-14,MiB,,,srv1,srv1@hosts.json-decl-2026-09-03,llamacpp,llamacpp:b10644-L3,Qwen3.6-35B-A3B-UD-IQ3_XXS.gguf,qwen35moe,UD-IQ3_XXS,32,2,8192,512,mapped,f16,,n/a,,,,1.944,unrecorded,,1 Hz sampler peak minus steady,2026-09-09,records/measurements/flexibility-2026-09-09/results-q4q5q6-srv1.json,q4-qwen-n32-1,
card_C_mib,2209.0,MiB,,,srv1,srv1@hosts.json-decl-2026-09-03,llamacpp,llamacpp:b10644-L3,Qwen3.6-35B-A3B-UD-IQ3_XXS.gguf,qwen35moe,UD-IQ3_XXS,32,2,8192,512,mapped,f16,,n/a,,,,1.944,unrecorded,,net card minus vramfit.experts_on_card (headroom.py method),2026-09-09,records/measurements/flexibility-2026-09-09/results-q4q5q6-srv1.json,q4-qwen-n32-1,
shmem_mapped_unit_gib,0.0256,GiB,,,srv1,srv1@hosts.json-decl-2026-09-03,llamacpp,llamacpp:b10644-L3,Qwen3.6-35B-A3B-UD-IQ3_XXS.gguf,qwen35moe,UD-IQ3_XXS,32,2,8192,512,mapped,f16,,n/a,,,,1.944,unrecorded,,/proc/meminfo Shmem steady,2026-09-09,records/measurements/flexibility-2026-09-09/results-q4q5q6-srv1.json,q4-qwen-n32-1,
decode_tok_s,24.9443,tok/s,,,srv1,srv1@hosts.json-decl-2026-09-03,llamacpp,llamacpp:b10644-L3,Qwen3.6-35B-A3B-UD-IQ3_XXS.gguf,qwen35moe,UD-IQ3_XXS,32,2,8192,512,mapped,f16,,n/a,,,,1.944,unrecorded,"cold (first request, 1 sample)","llama.cpp /completion timings.predicted_per_second, n=160",2026-09-09,records/measurements/flexibility-2026-09-09/results-q4q5q6-srv1.json,q4-qwen-n32-1,
decode_tok_s,32.5486,tok/s,,,srv1,srv1@hosts.json-decl-2026-09-03,llamacpp,llamacpp:b10644-L3,Qwen3.6-35B-A3B-UD-IQ3_XXS.gguf,qwen35moe,UD-IQ3_XXS,32,2,8192,512,mapped,f16,,n/a,,,,1.944,unrecorded,warm (1 discarded + mean of 3),rig.decode_llamacpp_warm,2026-09-09,records/measurements/flexibility-2026-09-09/results-q4q5q6-srv1.json,q4-qwen-n32-1,"samples=[32.58, 32.58, 32.49]"
restarts,0,count,,,srv1,srv1@hosts.json-decl-2026-09-03,llamacpp,llamacpp:b10644-L3,Qwen3.6-35B-A3B-UD-IQ3_XXS.gguf,qwen35moe,UD-IQ3_XXS,32,2,8192,512,mapped,f16,,n/a,,,,1.944,unrecorded,,docker RestartCount,2026-09-09,records/measurements/flexibility-2026-09-09/results-q4q5q6-srv1.json,q4-qwen-n32-1,
majfault_wake,12610,pages,,,srv1,srv1@hosts.json-decl-2026-09-03,llamacpp,llamacpp:b10644-L3,Qwen3.6-35B-A3B-UD-IQ3_XXS.gguf,qwen35moe,UD-IQ3_XXS,32,2,8192,512,mapped,f16,,n/a,,,,1.944,unrecorded,,/proc/vmstat pgmajfault delta over wake,2026-09-09,records/measurements/flexibility-2026-09-09/results-q4q5q6-srv1.json,q4-qwen-n32-1,
pswpout_wake,49989,pages,,,srv1,srv1@hosts.json-decl-2026-09-03,llamacpp,llamacpp:b10644-L3,Qwen3.6-35B-A3B-UD-IQ3_XXS.gguf,qwen35moe,UD-IQ3_XXS,32,2,8192,512,mapped,f16,,n/a,,,,1.944,unrecorded,,/proc/vmstat pswpout delta over wake,2026-09-09,records/measurements/flexibility-2026-09-09/results-q4q5q6-srv1.json,q4-qwen-n32-1,
memavailable_drop_gib,0.7586,GiB,,,srv1,srv1@hosts.json-decl-2026-09-03,llamacpp,llamacpp:b10644-L3,Qwen3.6-35B-A3B-UD-IQ3_XXS.gguf,qwen35moe,UD-IQ3_XXS,32,2,8192,512,mapped,f16,,n/a,,,,1.944,unrecorded,,MemAvailable before minus after (includes page cache),2026-09-09,records/measurements/flexibility-2026-09-09/results-q4q5q6-srv1.json,q4-qwen-n32-1,
wake_s,141.0027,s,,,srv1,srv1@hosts.json-decl-2026-09-03,llamacpp,llamacpp:b10644-L3,Qwen3.6-35B-A3B-UD-IQ3_XXS.gguf,qwen35moe,UD-IQ3_XXS,32,2,8192,512,mapped,f16,,n/a,,,,1.945,unrecorded,cold start,door-return minus StartedAt (rig.wake_from),2026-09-09,records/measurements/flexibility-2026-09-09/results-q4q5q6-srv1.json,q4-qwen-n32-2,
card_steady_mib,4436,MiB,,,srv1,srv1@hosts.json-decl-2026-09-03,llamacpp,llamacpp:b10644-L3,Qwen3.6-35B-A3B-UD-IQ3_XXS.gguf,qwen35moe,UD-IQ3_XXS,32,2,8192,512,mapped,f16,,n/a,,,,1.945,unrecorded,,nvidia-smi memory.used after load,2026-09-09,records/measurements/flexibility-2026-09-09/results-q4q5q6-srv1.json,q4-qwen-n32-2,
card_peak_minus_steady_mib,-14,MiB,,,srv1,srv1@hosts.json-decl-2026-09-03,llamacpp,llamacpp:b10644-L3,Qwen3.6-35B-A3B-UD-IQ3_XXS.gguf,qwen35moe,UD-IQ3_XXS,32,2,8192,512,mapped,f16,,n/a,,,,1.945,unrecorded,,1 Hz sampler peak minus steady,2026-09-09,records/measurements/flexibility-2026-09-09/results-q4q5q6-srv1.json,q4-qwen-n32-2,
card_C_mib,2209.0,MiB,,,srv1,srv1@hosts.json-decl-2026-09-03,llamacpp,llamacpp:b10644-L3,Qwen3.6-35B-A3B-UD-IQ3_XXS.gguf,qwen35moe,UD-IQ3_XXS,32,2,8192,512,mapped,f16,,n/a,,,,1.945,unrecorded,,net card minus vramfit.experts_on_card (headroom.py method),2026-09-09,records/measurements/flexibility-2026-09-09/results-q4q5q6-srv1.json,q4-qwen-n32-2,
shmem_mapped_unit_gib,0.0255,GiB,,,srv1,srv1@hosts.json-decl-2026-09-03,llamacpp,llamacpp:b10644-L3,Qwen3.6-35B-A3B-UD-IQ3_XXS.gguf,qwen35moe,UD-IQ3_XXS,32,2,8192,512,mapped,f16,,n/a,,,,1.945,unrecorded,,/proc/meminfo Shmem steady,2026-09-09,records/measurements/flexibility-2026-09-09/results-q4q5q6-srv1.json,q4-qwen-n32-2,
decode_tok_s,24.7669,tok/s,,,srv1,srv1@hosts.json-decl-2026-09-03,llamacpp,llamacpp:b10644-L3,Qwen3.6-35B-A3B-UD-IQ3_XXS.gguf,qwen35moe,UD-IQ3_XXS,32,2,8192,512,mapped,f16,,n/a,,,,1.945,unrecorded,"cold (first request, 1 sample)","llama.cpp /completion timings.predicted_per_second, n=160",2026-09-09,records/measurements/flexibility-2026-09-09/results-q4q5q6-srv1.json,q4-qwen-n32-2,
decode_tok_s,32.3879,tok/s,,,srv1,srv1@hosts.json-decl-2026-09-03,llamacpp,llamacpp:b10644-L3,Qwen3.6-35B-A3B-UD-IQ3_XXS.gguf,qwen35moe,UD-IQ3_XXS,32,2,8192,512,mapped,f16,,n/a,,,,1.945,unrecorded,warm (1 discarded + mean of 3),rig.decode_llamacpp_warm,2026-09-09,records/measurements/flexibility-2026-09-09/results-q4q5q6-srv1.json,q4-qwen-n32-2,"samples=[32.49, 32.19, 32.49]"
restarts,0,count,,,srv1,srv1@hosts.json-decl-2026-09-03,llamacpp,llamacpp:b10644-L3,Qwen3.6-35B-A3B-UD-IQ3_XXS.gguf,qwen35moe,UD-IQ3_XXS,32,2,8192,512,mapped,f16,,n/a,,,,1.945,unrecorded,,docker RestartCount,2026-09-09,records/measurements/flexibility-2026-09-09/results-q4q5q6-srv1.json,q4-qwen-n32-2,
majfault_wake,12215,pages,,,srv1,srv1@hosts.json-decl-2026-09-03,llamacpp,llamacpp:b10644-L3,Qwen3.6-35B-A3B-UD-IQ3_XXS.gguf,qwen35moe,UD-IQ3_XXS,32,2,8192,512,mapped,f16,,n/a,,,,1.945,unrecorded,,/proc/vmstat pgmajfault delta over wake,2026-09-09,records/measurements/flexibility-2026-09-09/results-q4q5q6-srv1.json,q4-qwen-n32-2,
pswpout_wake,44561,pages,,,srv1,srv1@hosts.json-decl-2026-09-03,llamacpp,llamacpp:b10644-L3,Qwen3.6-35B-A3B-UD-IQ3_XXS.gguf,qwen35moe,UD-IQ3_XXS,32,2,8192,512,mapped,f16,,n/a,,,,1.945,unrecorded,,/proc/vmstat pswpout delta over wake,2026-09-09,records/measurements/flexibility-2026-09-09/results-q4q5q6-srv1.json,q4-qwen-n32-2,
memavailable_drop_gib,0.7744,GiB,,,srv1,srv1@hosts.json-decl-2026-09-03,llamacpp,llamacpp:b10644-L3,Qwen3.6-35B-A3B-UD-IQ3_XXS.gguf,qwen35moe,UD-IQ3_XXS,32,2,8192,512,mapped,f16,,n/a,,,,1.945,unrecorded,,MemAvailable before minus after (includes page cache),2026-09-09,records/measurements/flexibility-2026-09-09/results-q4q5q6-srv1.json,q4-qwen-n32-2,
wake_s,132.9902,s,,,srv1,srv1@hosts.json-decl-2026-09-03,llamacpp,llamacpp:b10644-L3,Qwen3.6-35B-A3B-UD-IQ3_XXS.gguf,qwen35moe,UD-IQ3_XXS,29,2,8192,512,none,f16,,n/a,,,5.53,-3.598,unrecorded,cold start,door-return minus StartedAt (rig.wake_from),2026-09-09,records/measurements/flexibility-2026-09-09/results-q4q5q6-srv1.json,q5-experts-0.50-1,
card_steady_mib,5236,MiB,,,srv1,srv1@hosts.json-decl-2026-09-03,llamacpp,llamacpp:b10644-L3,Qwen3.6-35B-A3B-UD-IQ3_XXS.gguf,qwen35moe,UD-IQ3_XXS,29,2,8192,512,none,f16,,n/a,,,5.53,-3.598,unrecorded,,nvidia-smi memory.used after load,2026-09-09,records/measurements/flexibility-2026-09-09/results-q4q5q6-srv1.json,q5-experts-0.50-1,
card_peak_minus_steady_mib,-14,MiB,,,srv1,srv1@hosts.json-decl-2026-09-03,llamacpp,llamacpp:b10644-L3,Qwen3.6-35B-A3B-UD-IQ3_XXS.gguf,qwen35moe,UD-IQ3_XXS,29,2,8192,512,none,f16,,n/a,,,5.53,-3.598,unrecorded,,1 Hz sampler peak minus steady,2026-09-09,records/measurements/flexibility-2026-09-09/results-q4q5q6-srv1.json,q5-experts-0.50-1,
card_C_mib,2223.0,MiB,,,srv1,srv1@hosts.json-decl-2026-09-03,llamacpp,llamacpp:b10644-L3,Qwen3.6-35B-A3B-UD-IQ3_XXS.gguf,qwen35moe,UD-IQ3_XXS,29,2,8192,512,none,f16,,n/a,,,5.53,-3.598,unrecorded,,net card minus vramfit.experts_on_card (headroom.py method),2026-09-09,records/measurements/flexibility-2026-09-09/results-q4q5q6-srv1.json,q5-experts-0.50-1,
shmem_unmapped_gib,7.834,GiB,7.4199,0.4141,srv1,srv1@hosts.json-decl-2026-09-03,llamacpp,llamacpp:b10644-L3,Qwen3.6-35B-A3B-UD-IQ3_XXS.gguf,qwen35moe,UD-IQ3_XXS,29,2,8192,512,none,f16,,n/a,,,5.53,-3.598,unrecorded,,"/proc/meminfo Shmem steady (absolute, idle not subtracted)",2026-09-09,records/measurements/flexibility-2026-09-09/results-q4q5q6-srv1.json,q5-experts-0.50-1,
decode_tok_s,28.9739,tok/s,,,srv1,srv1@hosts.json-decl-2026-09-03,llamacpp,llamacpp:b10644-L3,Qwen3.6-35B-A3B-UD-IQ3_XXS.gguf,qwen35moe,UD-IQ3_XXS,29,2,8192,512,none,f16,,n/a,,,5.53,-3.598,unrecorded,"cold (first request, 1 sample)","llama.cpp /completion timings.predicted_per_second, n=160",2026-09-09,records/measurements/flexibility-2026-09-09/results-q4q5q6-srv1.json,q5-experts-0.50-1,
decode_tok_s,33.7458,tok/s,,,srv1,srv1@hosts.json-decl-2026-09-03,llamacpp,llamacpp:b10644-L3,Qwen3.6-35B-A3B-UD-IQ3_XXS.gguf,qwen35moe,UD-IQ3_XXS,29,2,8192,512,none,f16,,n/a,,,5.53,-3.598,unrecorded,warm (1 discarded + mean of 3),rig.decode_llamacpp_warm,2026-09-09,records/measurements/flexibility-2026-09-09/results-q4q5q6-srv1.json,q5-experts-0.50-1,"samples=[33.75, 33.75, 33.74]"
restarts,0,count,,,srv1,srv1@hosts.json-decl-2026-09-03,llamacpp,llamacpp:b10644-L3,Qwen3.6-35B-A3B-UD-IQ3_XXS.gguf,qwen35moe,UD-IQ3_XXS,29,2,8192,512,none,f16,,n/a,,,5.53,-3.598,unrecorded,,docker RestartCount,2026-09-09,records/measurements/flexibility-2026-09-09/results-q4q5q6-srv1.json,q5-experts-0.50-1,
majfault_wake,12321,pages,,,srv1,srv1@hosts.json-decl-2026-09-03,llamacpp,llamacpp:b10644-L3,Qwen3.6-35B-A3B-UD-IQ3_XXS.gguf,qwen35moe,UD-IQ3_XXS,29,2,8192,512,none,f16,,n/a,,,5.53,-3.598,unrecorded,,/proc/vmstat pgmajfault delta over wake,2026-09-09,records/measurements/flexibility-2026-09-09/results-q4q5q6-srv1.json,q5-experts-0.50-1,
pswpout_wake,83043,pages,,,srv1,srv1@hosts.json-decl-2026-09-03,llamacpp,llamacpp:b10644-L3,Qwen3.6-35B-A3B-UD-IQ3_XXS.gguf,qwen35moe,UD-IQ3_XXS,29,2,8192,512,none,f16,,n/a,,,5.53,-3.598,unrecorded,,/proc/vmstat pswpout delta over wake,2026-09-09,records/measurements/flexibility-2026-09-09/results-q4q5q6-srv1.json,q5-experts-0.50-1,
memavailable_drop_gib,8.5157,GiB,,,srv1,srv1@hosts.json-decl-2026-09-03,llamacpp,llamacpp:b10644-L3,Qwen3.6-35B-A3B-UD-IQ3_XXS.gguf,qwen35moe,UD-IQ3_XXS,29,2,8192,512,none,f16,,n/a,,,5.53,-3.598,unrecorded,,MemAvailable before minus after (includes page cache),2026-09-09,records/measurements/flexibility-2026-09-09/results-q4q5q6-srv1.json,q5-experts-0.50-1,
wake_s,136.8655,s,,,srv1,srv1@hosts.json-decl-2026-09-03,llamacpp,llamacpp:b10644-L3,Qwen3.6-35B-A3B-UD-IQ3_XXS.gguf,qwen35moe,UD-IQ3_XXS,29,2,8192,512,none,f16,,n/a,,,5.53,-3.594,unrecorded,cold start,door-return minus StartedAt (rig.wake_from),2026-09-09,records/measurements/flexibility-2026-09-09/results-q4q5q6-srv1.json,q5-experts-0.50-2,
card_steady_mib,5236,MiB,,,srv1,srv1@hosts.json-decl-2026-09-03,llamacpp,llamacpp:b10644-L3,Qwen3.6-35B-A3B-UD-IQ3_XXS.gguf,qwen35moe,UD-IQ3_XXS,29,2,8192,512,none,f16,,n/a,,,5.53,-3.594,unrecorded,,nvidia-smi memory.used after load,2026-09-09,records/measurements/flexibility-2026-09-09/results-q4q5q6-srv1.json,q5-experts-0.50-2,
card_peak_minus_steady_mib,-14,MiB,,,srv1,srv1@hosts.json-decl-2026-09-03,llamacpp,llamacpp:b10644-L3,Qwen3.6-35B-A3B-UD-IQ3_XXS.gguf,qwen35moe,UD-IQ3_XXS,29,2,8192,512,none,f16,,n/a,,,5.53,-3.594,unrecorded,,1 Hz sampler peak minus steady,2026-09-09,records/measurements/flexibility-2026-09-09/results-q4q5q6-srv1.json,q5-experts-0.50-2,
card_C_mib,2223.0,MiB,,,srv1,srv1@hosts.json-decl-2026-09-03,llamacpp,llamacpp:b10644-L3,Qwen3.6-35B-A3B-UD-IQ3_XXS.gguf,qwen35moe,UD-IQ3_XXS,29,2,8192,512,none,f16,,n/a,,,5.53,-3.594,unrecorded,,net card minus vramfit.experts_on_card (headroom.py method),2026-09-09,records/measurements/flexibility-2026-09-09/results-q4q5q6-srv1.json,q5-experts-0.50-2,
shmem_unmapped_gib,7.8339,GiB,7.4199,0.414,srv1,srv1@hosts.json-decl-2026-09-03,llamacpp,llamacpp:b10644-L3,Qwen3.6-35B-A3B-UD-IQ3_XXS.gguf,qwen35moe,UD-IQ3_XXS,29,2,8192,512,none,f16,,n/a,,,5.53,-3.594,unrecorded,,"/proc/meminfo Shmem steady (absolute, idle not subtracted)",2026-09-09,records/measurements/flexibility-2026-09-09/results-q4q5q6-srv1.json,q5-experts-0.50-2,
decode_tok_s,29.0209,tok/s,,,srv1,srv1@hosts.json-decl-2026-09-03,llamacpp,llamacpp:b10644-L3,Qwen3.6-35B-A3B-UD-IQ3_XXS.gguf,qwen35moe,UD-IQ3_XXS,29,2,8192,512,none,f16,,n/a,,,5.53,-3.594,unrecorded,"cold (first request, 1 sample)","llama.cpp /completion timings.predicted_per_second, n=160",2026-09-09,records/measurements/flexibility-2026-09-09/results-q4q5q6-srv1.json,q5-experts-0.50-2,
decode_tok_s,33.6181,tok/s,,,srv1,srv1@hosts.json-decl-2026-09-03,llamacpp,llamacpp:b10644-L3,Qwen3.6-35B-A3B-UD-IQ3_XXS.gguf,qwen35moe,UD-IQ3_XXS,29,2,8192,512,none,f16,,n/a,,,5.53,-3.594,unrecorded,warm (1 discarded + mean of 3),rig.decode_llamacpp_warm,2026-09-09,records/measurements/flexibility-2026-09-09/results-q4q5q6-srv1.json,q5-experts-0.50-2,"samples=[33.63, 33.62, 33.61]"
restarts,0,count,,,srv1,srv1@hosts.json-decl-2026-09-03,llamacpp,llamacpp:b10644-L3,Qwen3.6-35B-A3B-UD-IQ3_XXS.gguf,qwen35moe,UD-IQ3_XXS,29,2,8192,512,none,f16,,n/a,,,5.53,-3.594,unrecorded,,docker RestartCount,2026-09-09,records/measurements/flexibility-2026-09-09/results-q4q5q6-srv1.json,q5-experts-0.50-2,
majfault_wake,16839,pages,,,srv1,srv1@hosts.json-decl-2026-09-03,llamacpp,llamacpp:b10644-L3,Qwen3.6-35B-A3B-UD-IQ3_XXS.gguf,qwen35moe,UD-IQ3_XXS,29,2,8192,512,none,f16,,n/a,,,5.53,-3.594,unrecorded,,/proc/vmstat pgmajfault delta over wake,2026-09-09,records/measurements/flexibility-2026-09-09/results-q4q5q6-srv1.json,q5-experts-0.50-2,
pswpout_wake,77162,pages,,,srv1,srv1@hosts.json-decl-2026-09-03,llamacpp,llamacpp:b10644-L3,Qwen3.6-35B-A3B-UD-IQ3_XXS.gguf,qwen35moe,UD-IQ3_XXS,29,2,8192,512,none,f16,,n/a,,,5.53,-3.594,unrecorded,,/proc/vmstat pswpout delta over wake,2026-09-09,records/measurements/flexibility-2026-09-09/results-q4q5q6-srv1.json,q5-experts-0.50-2,
memavailable_drop_gib,8.5783,GiB,,,srv1,srv1@hosts.json-decl-2026-09-03,llamacpp,llamacpp:b10644-L3,Qwen3.6-35B-A3B-UD-IQ3_XXS.gguf,qwen35moe,UD-IQ3_XXS,29,2,8192,512,none,f16,,n/a,,,5.53,-3.594,unrecorded,,MemAvailable before minus after (includes page cache),2026-09-09,records/measurements/flexibility-2026-09-09/results-q4q5q6-srv1.json,q5-experts-0.50-2,
wake_s,135.6403,s,,,srv1,srv1@hosts.json-decl-2026-09-03,llamacpp,llamacpp:b10644-L3,Qwen3.6-35B-A3B-UD-IQ3_XXS.gguf,qwen35moe,UD-IQ3_XXS,29,2,8192,512,none,f16,,n/a,,,5.68,-3.755,unrecorded,cold start,door-return minus StartedAt (rig.wake_from),2026-09-09,records/measurements/flexibility-2026-09-09/results-q4q5q6-srv1.json,q5-experts-0.65-1,
card_steady_mib,5236,MiB,,,srv1,srv1@hosts.json-decl-2026-09-03,llamacpp,llamacpp:b10644-L3,Qwen3.6-35B-A3B-UD-IQ3_XXS.gguf,qwen35moe,UD-IQ3_XXS,29,2,8192,512,none,f16,,n/a,,,5.68,-3.755,unrecorded,,nvidia-smi memory.used after load,2026-09-09,records/measurements/flexibility-2026-09-09/results-q4q5q6-srv1.json,q5-experts-0.65-1,
card_peak_minus_steady_mib,-14,MiB,,,srv1,srv1@hosts.json-decl-2026-09-03,llamacpp,llamacpp:b10644-L3,Qwen3.6-35B-A3B-UD-IQ3_XXS.gguf,qwen35moe,UD-IQ3_XXS,29,2,8192,512,none,f16,,n/a,,,5.68,-3.755,unrecorded,,1 Hz sampler peak minus steady,2026-09-09,records/measurements/flexibility-2026-09-09/results-q4q5q6-srv1.json,q5-experts-0.65-1,
card_C_mib,2223.0,MiB,,,srv1,srv1@hosts.json-decl-2026-09-03,llamacpp,llamacpp:b10644-L3,Qwen3.6-35B-A3B-UD-IQ3_XXS.gguf,qwen35moe,UD-IQ3_XXS,29,2,8192,512,none,f16,,n/a,,,5.68,-3.755,unrecorded,,net card minus vramfit.experts_on_card (headroom.py method),2026-09-09,records/measurements/flexibility-2026-09-09/results-q4q5q6-srv1.json,q5-experts-0.65-1,
shmem_unmapped_gib,7.8339,GiB,7.4199,0.414,srv1,srv1@hosts.json-decl-2026-09-03,llamacpp,llamacpp:b10644-L3,Qwen3.6-35B-A3B-UD-IQ3_XXS.gguf,qwen35moe,UD-IQ3_XXS,29,2,8192,512,none,f16,,n/a,,,5.68,-3.755,unrecorded,,"/proc/meminfo Shmem steady (absolute, idle not subtracted)",2026-09-09,records/measurements/flexibility-2026-09-09/results-q4q5q6-srv1.json,q5-experts-0.65-1,
decode_tok_s,28.9842,tok/s,,,srv1,srv1@hosts.json-decl-2026-09-03,llamacpp,llamacpp:b10644-L3,Qwen3.6-35B-A3B-UD-IQ3_XXS.gguf,qwen35moe,UD-IQ3_XXS,29,2,8192,512,none,f16,,n/a,,,5.68,-3.755,unrecorded,"cold (first request, 1 sample)","llama.cpp /completion timings.predicted_per_second, n=160",2026-09-09,records/measurements/flexibility-2026-09-09/results-q4q5q6-srv1.json,q5-experts-0.65-1,
decode_tok_s,33.4379,tok/s,,,srv1,srv1@hosts.json-decl-2026-09-03,llamacpp,llamacpp:b10644-L3,Qwen3.6-35B-A3B-UD-IQ3_XXS.gguf,qwen35moe,UD-IQ3_XXS,29,2,8192,512,none,f16,,n/a,,,5.68,-3.755,unrecorded,warm (1 discarded + mean of 3),rig.decode_llamacpp_warm,2026-09-09,records/measurements/flexibility-2026-09-09/results-q4q5q6-srv1.json,q5-experts-0.65-1,"samples=[33.35, 33.45, 33.52]"
restarts,0,count,,,srv1,srv1@hosts.json-decl-2026-09-03,llamacpp,llamacpp:b10644-L3,Qwen3.6-35B-A3B-UD-IQ3_XXS.gguf,qwen35moe,UD-IQ3_XXS,29,2,8192,512,none,f16,,n/a,,,5.68,-3.755,unrecorded,,docker RestartCount,2026-09-09,records/measurements/flexibility-2026-09-09/results-q4q5q6-srv1.json,q5-experts-0.65-1,
majfault_wake,27726,pages,,,srv1,srv1@hosts.json-decl-2026-09-03,llamacpp,llamacpp:b10644-L3,Qwen3.6-35B-A3B-UD-IQ3_XXS.gguf,qwen35moe,UD-IQ3_XXS,29,2,8192,512,none,f16,,n/a,,,5.68,-3.755,unrecorded,,/proc/vmstat pgmajfault delta over wake,2026-09-09,records/measurements/flexibility-2026-09-09/results-q4q5q6-srv1.json,q5-experts-0.65-1,
pswpout_wake,114219,pages,,,srv1,srv1@hosts.json-decl-2026-09-03,llamacpp,llamacpp:b10644-L3,Qwen3.6-35B-A3B-UD-IQ3_XXS.gguf,qwen35moe,UD-IQ3_XXS,29,2,8192,512,none,f16,,n/a,,,5.68,-3.755,unrecorded,,/proc/vmstat pswpout delta over wake,2026-09-09,records/measurements/flexibility-2026-09-09/results-q4q5q6-srv1.json,q5-experts-0.65-1,
memavailable_drop_gib,8.4349,GiB,,,srv1,srv1@hosts.json-decl-2026-09-03,llamacpp,llamacpp:b10644-L3,Qwen3.6-35B-A3B-UD-IQ3_XXS.gguf,qwen35moe,UD-IQ3_XXS,29,2,8192,512,none,f16,,n/a,,,5.68,-3.755,unrecorded,,MemAvailable before minus after (includes page cache),2026-09-09,records/measurements/flexibility-2026-09-09/results-q4q5q6-srv1.json,q5-experts-0.65-1,
wake_s,135.7398,s,,,srv1,srv1@hosts.json-decl-2026-09-03,llamacpp,llamacpp:b10644-L3,Qwen3.6-35B-A3B-UD-IQ3_XXS.gguf,qwen35moe,UD-IQ3_XXS,29,2,8192,512,none,f16,,n/a,,,5.68,-3.732,unrecorded,cold start,door-return minus StartedAt (rig.wake_from),2026-09-09,records/measurements/flexibility-2026-09-09/results-q4q5q6-srv1.json,q5-experts-0.65-2,
card_steady_mib,5236,MiB,,,srv1,srv1@hosts.json-decl-2026-09-03,llamacpp,llamacpp:b10644-L3,Qwen3.6-35B-A3B-UD-IQ3_XXS.gguf,qwen35moe,UD-IQ3_XXS,29,2,8192,512,none,f16,,n/a,,,5.68,-3.732,unrecorded,,nvidia-smi memory.used after load,2026-09-09,records/measurements/flexibility-2026-09-09/results-q4q5q6-srv1.json,q5-experts-0.65-2,
card_peak_minus_steady_mib,-14,MiB,,,srv1,srv1@hosts.json-decl-2026-09-03,llamacpp,llamacpp:b10644-L3,Qwen3.6-35B-A3B-UD-IQ3_XXS.gguf,qwen35moe,UD-IQ3_XXS,29,2,8192,512,none,f16,,n/a,,,5.68,-3.732,unrecorded,,1 Hz sampler peak minus steady,2026-09-09,records/measurements/flexibility-2026-09-09/results-q4q5q6-srv1.json,q5-experts-0.65-2,
card_C_mib,2223.0,MiB,,,srv1,srv1@hosts.json-decl-2026-09-03,llamacpp,llamacpp:b10644-L3,Qwen3.6-35B-A3B-UD-IQ3_XXS.gguf,qwen35moe,UD-IQ3_XXS,29,2,8192,512,none,f16,,n/a,,,5.68,-3.732,unrecorded,,net card minus vramfit.experts_on_card (headroom.py method),2026-09-09,records/measurements/flexibility-2026-09-09/results-q4q5q6-srv1.json,q5-experts-0.65-2,
shmem_unmapped_gib,7.8339,GiB,7.4199,0.414,srv1,srv1@hosts.json-decl-2026-09-03,llamacpp,llamacpp:b10644-L3,Qwen3.6-35B-A3B-UD-IQ3_XXS.gguf,qwen35moe,UD-IQ3_XXS,29,2,8192,512,none,f16,,n/a,,,5.68,-3.732,unrecorded,,"/proc/meminfo Shmem steady (absolute, idle not subtracted)",2026-09-09,records/measurements/flexibility-2026-09-09/results-q4q5q6-srv1.json,q5-experts-0.65-2,
decode_tok_s,28.5154,tok/s,,,srv1,srv1@hosts.json-decl-2026-09-03,llamacpp,llamacpp:b10644-L3,Qwen3.6-35B-A3B-UD-IQ3_XXS.gguf,qwen35moe,UD-IQ3_XXS,29,2,8192,512,none,f16,,n/a,,,5.68,-3.732,unrecorded,"cold (first request, 1 sample)","llama.cpp /completion timings.predicted_per_second, n=160",2026-09-09,records/measurements/flexibility-2026-09-09/results-q4q5q6-srv1.json,q5-experts-0.65-2,
decode_tok_s,33.5737,tok/s,,,srv1,srv1@hosts.json-decl-2026-09-03,llamacpp,llamacpp:b10644-L3,Qwen3.6-35B-A3B-UD-IQ3_XXS.gguf,qwen35moe,UD-IQ3_XXS,29,2,8192,512,none,f16,,n/a,,,5.68,-3.732,unrecorded,warm (1 discarded + mean of 3),rig.decode_llamacpp_warm,2026-09-09,records/measurements/flexibility-2026-09-09/results-q4q5q6-srv1.json,q5-experts-0.65-2,"samples=[33.63, 33.62, 33.47]"
restarts,0,count,,,srv1,srv1@hosts.json-decl-2026-09-03,llamacpp,llamacpp:b10644-L3,Qwen3.6-35B-A3B-UD-IQ3_XXS.gguf,qwen35moe,UD-IQ3_XXS,29,2,8192,512,none,f16,,n/a,,,5.68,-3.732,unrecorded,,docker RestartCount,2026-09-09,records/measurements/flexibility-2026-09-09/results-q4q5q6-srv1.json,q5-experts-0.65-2,
majfault_wake,26798,pages,,,srv1,srv1@hosts.json-decl-2026-09-03,llamacpp,llamacpp:b10644-L3,Qwen3.6-35B-A3B-UD-IQ3_XXS.gguf,qwen35moe,UD-IQ3_XXS,29,2,8192,512,none,f16,,n/a,,,5.68,-3.732,unrecorded,,/proc/vmstat pgmajfault delta over wake,2026-09-09,records/measurements/flexibility-2026-09-09/results-q4q5q6-srv1.json,q5-experts-0.65-2,
pswpout_wake,118230,pages,,,srv1,srv1@hosts.json-decl-2026-09-03,llamacpp,llamacpp:b10644-L3,Qwen3.6-35B-A3B-UD-IQ3_XXS.gguf,qwen35moe,UD-IQ3_XXS,29,2,8192,512,none,f16,,n/a,,,5.68,-3.732,unrecorded,,/proc/vmstat pswpout delta over wake,2026-09-09,records/measurements/flexibility-2026-09-09/results-q4q5q6-srv1.json,q5-experts-0.65-2,
memavailable_drop_gib,8.4436,GiB,,,srv1,srv1@hosts.json-decl-2026-09-03,llamacpp,llamacpp:b10644-L3,Qwen3.6-35B-A3B-UD-IQ3_XXS.gguf,qwen35moe,UD-IQ3_XXS,29,2,8192,512,none,f16,,n/a,,,5.68,-3.732,unrecorded,,MemAvailable before minus after (includes page cache),2026-09-09,records/measurements/flexibility-2026-09-09/results-q4q5q6-srv1.json,q5-experts-0.65-2,
wake_s,140.1325,s,,,srv1,srv1@hosts.json-decl-2026-09-03,llamacpp,llamacpp:b10644-L3,Qwen3.6-35B-A3B-UD-IQ3_XXS.gguf,qwen35moe,UD-IQ3_XXS,29,2,8192,512,none,f16,,n/a,,,5.83,-3.894,unrecorded,cold start,door-return minus StartedAt (rig.wake_from),2026-09-09,records/measurements/flexibility-2026-09-09/results-q4q5q6-srv1.json,q5-experts-0.80-1,
card_steady_mib,5236,MiB,,,srv1,srv1@hosts.json-decl-2026-09-03,llamacpp,llamacpp:b10644-L3,Qwen3.6-35B-A3B-UD-IQ3_XXS.gguf,qwen35moe,UD-IQ3_XXS,29,2,8192,512,none,f16,,n/a,,,5.83,-3.894,unrecorded,,nvidia-smi memory.used after load,2026-09-09,records/measurements/flexibility-2026-09-09/results-q4q5q6-srv1.json,q5-experts-0.80-1,
card_peak_minus_steady_mib,-14,MiB,,,srv1,srv1@hosts.json-decl-2026-09-03,llamacpp,llamacpp:b10644-L3,Qwen3.6-35B-A3B-UD-IQ3_XXS.gguf,qwen35moe,UD-IQ3_XXS,29,2,8192,512,none,f16,,n/a,,,5.83,-3.894,unrecorded,,1 Hz sampler peak minus steady,2026-09-09,records/measurements/flexibility-2026-09-09/results-q4q5q6-srv1.json,q5-experts-0.80-1,
card_C_mib,2223.0,MiB,,,srv1,srv1@hosts.json-decl-2026-09-03,llamacpp,llamacpp:b10644-L3,Qwen3.6-35B-A3B-UD-IQ3_XXS.gguf,qwen35moe,UD-IQ3_XXS,29,2,8192,512,none,f16,,n/a,,,5.83,-3.894,unrecorded,,net card minus vramfit.experts_on_card (headroom.py method),2026-09-09,records/measurements/flexibility-2026-09-09/results-q4q5q6-srv1.json,q5-experts-0.80-1,
shmem_unmapped_gib,7.8339,GiB,7.4199,0.414,srv1,srv1@hosts.json-decl-2026-09-03,llamacpp,llamacpp:b10644-L3,Qwen3.6-35B-A3B-UD-IQ3_XXS.gguf,qwen35moe,UD-IQ3_XXS,29,2,8192,512,none,f16,,n/a,,,5.83,-3.894,unrecorded,,"/proc/meminfo Shmem steady (absolute, idle not subtracted)",2026-09-09,records/measurements/flexibility-2026-09-09/results-q4q5q6-srv1.json,q5-experts-0.80-1,
decode_tok_s,28.9131,tok/s,,,srv1,srv1@hosts.json-decl-2026-09-03,llamacpp,llamacpp:b10644-L3,Qwen3.6-35B-A3B-UD-IQ3_XXS.gguf,qwen35moe,UD-IQ3_XXS,29,2,8192,512,none,f16,,n/a,,,5.83,-3.894,unrecorded,"cold (first request, 1 sample)","llama.cpp /completion timings.predicted_per_second, n=160",2026-09-09,records/measurements/flexibility-2026-09-09/results-q4q5q6-srv1.json,q5-experts-0.80-1,
decode_tok_s,33.4584,tok/s,,,srv1,srv1@hosts.json-decl-2026-09-03,llamacpp,llamacpp:b10644-L3,Qwen3.6-35B-A3B-UD-IQ3_XXS.gguf,qwen35moe,UD-IQ3_XXS,29,2,8192,512,none,f16,,n/a,,,5.83,-3.894,unrecorded,warm (1 discarded + mean of 3),rig.decode_llamacpp_warm,2026-09-09,records/measurements/flexibility-2026-09-09/results-q4q5q6-srv1.json,q5-experts-0.80-1,"samples=[33.42, 33.47, 33.48]"
restarts,0,count,,,srv1,srv1@hosts.json-decl-2026-09-03,llamacpp,llamacpp:b10644-L3,Qwen3.6-35B-A3B-UD-IQ3_XXS.gguf,qwen35moe,UD-IQ3_XXS,29,2,8192,512,none,f16,,n/a,,,5.83,-3.894,unrecorded,,docker RestartCount,2026-09-09,records/measurements/flexibility-2026-09-09/results-q4q5q6-srv1.json,q5-experts-0.80-1,
majfault_wake,48786,pages,,,srv1,srv1@hosts.json-decl-2026-09-03,llamacpp,llamacpp:b10644-L3,Qwen3.6-35B-A3B-UD-IQ3_XXS.gguf,qwen35moe,UD-IQ3_XXS,29,2,8192,512,none,f16,,n/a,,,5.83,-3.894,unrecorded,,/proc/vmstat pgmajfault delta over wake,2026-09-09,records/measurements/flexibility-2026-09-09/results-q4q5q6-srv1.json,q5-experts-0.80-1,
pswpout_wake,196039,pages,,,srv1,srv1@hosts.json-decl-2026-09-03,llamacpp,llamacpp:b10644-L3,Qwen3.6-35B-A3B-UD-IQ3_XXS.gguf,qwen35moe,UD-IQ3_XXS,29,2,8192,512,none,f16,,n/a,,,5.83,-3.894,unrecorded,,/proc/vmstat pswpout delta over wake,2026-09-09,records/measurements/flexibility-2026-09-09/results-q4q5q6-srv1.json,q5-experts-0.80-1,
memavailable_drop_gib,8.3065,GiB,,,srv1,srv1@hosts.json-decl-2026-09-03,llamacpp,llamacpp:b10644-L3,Qwen3.6-35B-A3B-UD-IQ3_XXS.gguf,qwen35moe,UD-IQ3_XXS,29,2,8192,512,none,f16,,n/a,,,5.83,-3.894,unrecorded,,MemAvailable before minus after (includes page cache),2026-09-09,records/measurements/flexibility-2026-09-09/results-q4q5q6-srv1.json,q5-experts-0.80-1,
wake_s,140.3801,s,,,srv1,srv1@hosts.json-decl-2026-09-03,llamacpp,llamacpp:b10644-L3,Qwen3.6-35B-A3B-UD-IQ3_XXS.gguf,qwen35moe,UD-IQ3_XXS,29,2,8192,512,none,f16,,n/a,,,5.83,-3.895,unrecorded,cold start,door-return minus StartedAt (rig.wake_from),2026-09-09,records/measurements/flexibility-2026-09-09/results-q4q5q6-srv1.json,q5-experts-0.80-2,
card_steady_mib,5236,MiB,,,srv1,srv1@hosts.json-decl-2026-09-03,llamacpp,llamacpp:b10644-L3,Qwen3.6-35B-A3B-UD-IQ3_XXS.gguf,qwen35moe,UD-IQ3_XXS,29,2,8192,512,none,f16,,n/a,,,5.83,-3.895,unrecorded,,nvidia-smi memory.used after load,2026-09-09,records/measurements/flexibility-2026-09-09/results-q4q5q6-srv1.json,q5-experts-0.80-2,
card_peak_minus_steady_mib,-14,MiB,,,srv1,srv1@hosts.json-decl-2026-09-03,llamacpp,llamacpp:b10644-L3,Qwen3.6-35B-A3B-UD-IQ3_XXS.gguf,qwen35moe,UD-IQ3_XXS,29,2,8192,512,none,f16,,n/a,,,5.83,-3.895,unrecorded,,1 Hz sampler peak minus steady,2026-09-09,records/measurements/flexibility-2026-09-09/results-q4q5q6-srv1.json,q5-experts-0.80-2,
card_C_mib,2223.0,MiB,,,srv1,srv1@hosts.json-decl-2026-09-03,llamacpp,llamacpp:b10644-L3,Qwen3.6-35B-A3B-UD-IQ3_XXS.gguf,qwen35moe,UD-IQ3_XXS,29,2,8192,512,none,f16,,n/a,,,5.83,-3.895,unrecorded,,net card minus vramfit.experts_on_card (headroom.py method),2026-09-09,records/measurements/flexibility-2026-09-09/results-q4q5q6-srv1.json,q5-experts-0.80-2,
shmem_unmapped_gib,7.8339,GiB,7.4199,0.414,srv1,srv1@hosts.json-decl-2026-09-03,llamacpp,llamacpp:b10644-L3,Qwen3.6-35B-A3B-UD-IQ3_XXS.gguf,qwen35moe,UD-IQ3_XXS,29,2,8192,512,none,f16,,n/a,,,5.83,-3.895,unrecorded,,"/proc/meminfo Shmem steady (absolute, idle not subtracted)",2026-09-09,records/measurements/flexibility-2026-09-09/results-q4q5q6-srv1.json,q5-experts-0.80-2,
decode_tok_s,28.0834,tok/s,,,srv1,srv1@hosts.json-decl-2026-09-03,llamacpp,llamacpp:b10644-L3,Qwen3.6-35B-A3B-UD-IQ3_XXS.gguf,qwen35moe,UD-IQ3_XXS,29,2,8192,512,none,f16,,n/a,,,5.83,-3.895,unrecorded,"cold (first request, 1 sample)","llama.cpp /completion timings.predicted_per_second, n=160",2026-09-09,records/measurements/flexibility-2026-09-09/results-q4q5q6-srv1.json,q5-experts-0.80-2,
decode_tok_s,33.5684,tok/s,,,srv1,srv1@hosts.json-decl-2026-09-03,llamacpp,llamacpp:b10644-L3,Qwen3.6-35B-A3B-UD-IQ3_XXS.gguf,qwen35moe,UD-IQ3_XXS,29,2,8192,512,none,f16,,n/a,,,5.83,-3.895,unrecorded,warm (1 discarded + mean of 3),rig.decode_llamacpp_warm,2026-09-09,records/measurements/flexibility-2026-09-09/results-q4q5q6-srv1.json,q5-experts-0.80-2,"samples=[33.57, 33.56, 33.57]"
restarts,0,count,,,srv1,srv1@hosts.json-decl-2026-09-03,llamacpp,llamacpp:b10644-L3,Qwen3.6-35B-A3B-UD-IQ3_XXS.gguf,qwen35moe,UD-IQ3_XXS,29,2,8192,512,none,f16,,n/a,,,5.83,-3.895,unrecorded,,docker RestartCount,2026-09-09,records/measurements/flexibility-2026-09-09/results-q4q5q6-srv1.json,q5-experts-0.80-2,
majfault_wake,52883,pages,,,srv1,srv1@hosts.json-decl-2026-09-03,llamacpp,llamacpp:b10644-L3,Qwen3.6-35B-A3B-UD-IQ3_XXS.gguf,qwen35moe,UD-IQ3_XXS,29,2,8192,512,none,f16,,n/a,,,5.83,-3.895,unrecorded,,/proc/vmstat pgmajfault delta over wake,2026-09-09,records/measurements/flexibility-2026-09-09/results-q4q5q6-srv1.json,q5-experts-0.80-2,
pswpout_wake,191918,pages,,,srv1,srv1@hosts.json-decl-2026-09-03,llamacpp,llamacpp:b10644-L3,Qwen3.6-35B-A3B-UD-IQ3_XXS.gguf,qwen35moe,UD-IQ3_XXS,29,2,8192,512,none,f16,,n/a,,,5.83,-3.895,unrecorded,,/proc/vmstat pswpout delta over wake,2026-09-09,records/measurements/flexibility-2026-09-09/results-q4q5q6-srv1.json,q5-experts-0.80-2,
memavailable_drop_gib,8.33,GiB,,,srv1,srv1@hosts.json-decl-2026-09-03,llamacpp,llamacpp:b10644-L3,Qwen3.6-35B-A3B-UD-IQ3_XXS.gguf,qwen35moe,UD-IQ3_XXS,29,2,8192,512,none,f16,,n/a,,,5.83,-3.895,unrecorded,,MemAvailable before minus after (includes page cache),2026-09-09,records/measurements/flexibility-2026-09-09/results-q4q5q6-srv1.json,q5-experts-0.80-2,
wake_s,169.9315,s,,,srv1,srv1@hosts.json-decl-2026-09-03,llamacpp,llamacpp:b10644-L3,Qwen3.6-35B-A3B-UD-IQ3_XXS.gguf,qwen35moe,UD-IQ3_XXS,29,2,8192,512,mapped,f16,,n/a,,,4.39,-2.439,unrecorded,cold start,door-return minus StartedAt (rig.wake_from),2026-09-09,records/measurements/flexibility-2026-09-09/results-q4q5q6-srv1.json,q6-blob-2.50-1,
card_steady_mib,5220,MiB,,,srv1,srv1@hosts.json-decl-2026-09-03,llamacpp,llamacpp:b10644-L3,Qwen3.6-35B-A3B-UD-IQ3_XXS.gguf,qwen35moe,UD-IQ3_XXS,29,2,8192,512,mapped,f16,,n/a,,,4.39,-2.439,unrecorded,,nvidia-smi memory.used after load,2026-09-09,records/measurements/flexibility-2026-09-09/results-q4q5q6-srv1.json,q6-blob-2.50-1,
card_peak_minus_steady_mib,-20,MiB,,,srv1,srv1@hosts.json-decl-2026-09-03,llamacpp,llamacpp:b10644-L3,Qwen3.6-35B-A3B-UD-IQ3_XXS.gguf,qwen35moe,UD-IQ3_XXS,29,2,8192,512,mapped,f16,,n/a,,,4.39,-2.439,unrecorded,,1 Hz sampler peak minus steady,2026-09-09,records/measurements/flexibility-2026-09-09/results-q4q5q6-srv1.json,q6-blob-2.50-1,
card_C_mib,2207.0,MiB,,,srv1,srv1@hosts.json-decl-2026-09-03,llamacpp,llamacpp:b10644-L3,Qwen3.6-35B-A3B-UD-IQ3_XXS.gguf,qwen35moe,UD-IQ3_XXS,29,2,8192,512,mapped,f16,,n/a,,,4.39,-2.439,unrecorded,,net card minus vramfit.experts_on_card (headroom.py method),2026-09-09,records/measurements/flexibility-2026-09-09/results-q4q5q6-srv1.json,q6-blob-2.50-1,
shmem_mapped_unit_gib,0.0255,GiB,,,srv1,srv1@hosts.json-decl-2026-09-03,llamacpp,llamacpp:b10644-L3,Qwen3.6-35B-A3B-UD-IQ3_XXS.gguf,qwen35moe,UD-IQ3_XXS,29,2,8192,512,mapped,f16,,n/a,,,4.39,-2.439,unrecorded,,/proc/meminfo Shmem steady,2026-09-09,records/measurements/flexibility-2026-09-09/results-q4q5q6-srv1.json,q6-blob-2.50-1,
decode_tok_s,22.9034,tok/s,,,srv1,srv1@hosts.json-decl-2026-09-03,llamacpp,llamacpp:b10644-L3,Qwen3.6-35B-A3B-UD-IQ3_XXS.gguf,qwen35moe,UD-IQ3_XXS,29,2,8192,512,mapped,f16,,n/a,,,4.39,-2.439,unrecorded,"cold (first request, 1 sample)","llama.cpp /completion timings.predicted_per_second, n=160",2026-09-09,records/measurements/flexibility-2026-09-09/results-q4q5q6-srv1.json,q6-blob-2.50-1,
decode_tok_s,33.07,tok/s,,,srv1,srv1@hosts.json-decl-2026-09-03,llamacpp,llamacpp:b10644-L3,Qwen3.6-35B-A3B-UD-IQ3_XXS.gguf,qwen35moe,UD-IQ3_XXS,29,2,8192,512,mapped,f16,,n/a,,,4.39,-2.439,unrecorded,warm (1 discarded + mean of 3),rig.decode_llamacpp_warm,2026-09-09,records/measurements/flexibility-2026-09-09/results-q4q5q6-srv1.json,q6-blob-2.50-1,"samples=[33.1, 33.07, 33.05]"
restarts,0,count,,,srv1,srv1@hosts.json-decl-2026-09-03,llamacpp,llamacpp:b10644-L3,Qwen3.6-35B-A3B-UD-IQ3_XXS.gguf,qwen35moe,UD-IQ3_XXS,29,2,8192,512,mapped,f16,,n/a,,,4.39,-2.439,unrecorded,,docker RestartCount,2026-09-09,records/measurements/flexibility-2026-09-09/results-q4q5q6-srv1.json,q6-blob-2.50-1,
majfault_wake,29583,pages,,,srv1,srv1@hosts.json-decl-2026-09-03,llamacpp,llamacpp:b10644-L3,Qwen3.6-35B-A3B-UD-IQ3_XXS.gguf,qwen35moe,UD-IQ3_XXS,29,2,8192,512,mapped,f16,,n/a,,,4.39,-2.439,unrecorded,,/proc/vmstat pgmajfault delta over wake,2026-09-09,records/measurements/flexibility-2026-09-09/results-q4q5q6-srv1.json,q6-blob-2.50-1,
pswpout_wake,156656,pages,,,srv1,srv1@hosts.json-decl-2026-09-03,llamacpp,llamacpp:b10644-L3,Qwen3.6-35B-A3B-UD-IQ3_XXS.gguf,qwen35moe,UD-IQ3_XXS,29,2,8192,512,mapped,f16,,n/a,,,4.39,-2.439,unrecorded,,/proc/vmstat pswpout delta over wake,2026-09-09,records/measurements/flexibility-2026-09-09/results-q4q5q6-srv1.json,q6-blob-2.50-1,
memavailable_drop_gib,0.4853,GiB,,,srv1,srv1@hosts.json-decl-2026-09-03,llamacpp,llamacpp:b10644-L3,Qwen3.6-35B-A3B-UD-IQ3_XXS.gguf,qwen35moe,UD-IQ3_XXS,29,2,8192,512,mapped,f16,,n/a,,,4.39,-2.439,unrecorded,,MemAvailable before minus after (includes page cache),2026-09-09,records/measurements/flexibility-2026-09-09/results-q4q5q6-srv1.json,q6-blob-2.50-1,
wake_s,168.349,s,,,srv1,srv1@hosts.json-decl-2026-09-03,llamacpp,llamacpp:b10644-L3,Qwen3.6-35B-A3B-UD-IQ3_XXS.gguf,qwen35moe,UD-IQ3_XXS,29,2,8192,512,mapped,f16,,n/a,,,4.39,-2.442,unrecorded,cold start,door-return minus StartedAt (rig.wake_from),2026-09-09,records/measurements/flexibility-2026-09-09/results-q4q5q6-srv1.json,q6-blob-2.50-2,
card_steady_mib,5220,MiB,,,srv1,srv1@hosts.json-decl-2026-09-03,llamacpp,llamacpp:b10644-L3,Qwen3.6-35B-A3B-UD-IQ3_XXS.gguf,qwen35moe,UD-IQ3_XXS,29,2,8192,512,mapped,f16,,n/a,,,4.39,-2.442,unrecorded,,nvidia-smi memory.used after load,2026-09-09,records/measurements/flexibility-2026-09-09/results-q4q5q6-srv1.json,q6-blob-2.50-2,
card_peak_minus_steady_mib,-20,MiB,,,srv1,srv1@hosts.json-decl-2026-09-03,llamacpp,llamacpp:b10644-L3,Qwen3.6-35B-A3B-UD-IQ3_XXS.gguf,qwen35moe,UD-IQ3_XXS,29,2,8192,512,mapped,f16,,n/a,,,4.39,-2.442,unrecorded,,1 Hz sampler peak minus steady,2026-09-09,records/measurements/flexibility-2026-09-09/results-q4q5q6-srv1.json,q6-blob-2.50-2,
card_C_mib,2207.0,MiB,,,srv1,srv1@hosts.json-decl-2026-09-03,llamacpp,llamacpp:b10644-L3,Qwen3.6-35B-A3B-UD-IQ3_XXS.gguf,qwen35moe,UD-IQ3_XXS,29,2,8192,512,mapped,f16,,n/a,,,4.39,-2.442,unrecorded,,net card minus vramfit.experts_on_card (headroom.py method),2026-09-09,records/measurements/flexibility-2026-09-09/results-q4q5q6-srv1.json,q6-blob-2.50-2,
shmem_mapped_unit_gib,0.0255,GiB,,,srv1,srv1@hosts.json-decl-2026-09-03,llamacpp,llamacpp:b10644-L3,Qwen3.6-35B-A3B-UD-IQ3_XXS.gguf,qwen35moe,UD-IQ3_XXS,29,2,8192,512,mapped,f16,,n/a,,,4.39,-2.442,unrecorded,,/proc/meminfo Shmem steady,2026-09-09,records/measurements/flexibility-2026-09-09/results-q4q5q6-srv1.json,q6-blob-2.50-2,
decode_tok_s,23.1673,tok/s,,,srv1,srv1@hosts.json-decl-2026-09-03,llamacpp,llamacpp:b10644-L3,Qwen3.6-35B-A3B-UD-IQ3_XXS.gguf,qwen35moe,UD-IQ3_XXS,29,2,8192,512,mapped,f16,,n/a,,,4.39,-2.442,unrecorded,"cold (first request, 1 sample)","llama.cpp /completion timings.predicted_per_second, n=160",2026-09-09,records/measurements/flexibility-2026-09-09/results-q4q5q6-srv1.json,q6-blob-2.50-2,
decode_tok_s,33.516,tok/s,,,srv1,srv1@hosts.json-decl-2026-09-03,llamacpp,llamacpp:b10644-L3,Qwen3.6-35B-A3B-UD-IQ3_XXS.gguf,qwen35moe,UD-IQ3_XXS,29,2,8192,512,mapped,f16,,n/a,,,4.39,-2.442,unrecorded,warm (1 discarded + mean of 3),rig.decode_llamacpp_warm,2026-09-09,records/measurements/flexibility-2026-09-09/results-q4q5q6-srv1.json,q6-blob-2.50-2,"samples=[33.52, 33.51, 33.52]"
restarts,0,count,,,srv1,srv1@hosts.json-decl-2026-09-03,llamacpp,llamacpp:b10644-L3,Qwen3.6-35B-A3B-UD-IQ3_XXS.gguf,qwen35moe,UD-IQ3_XXS,29,2,8192,512,mapped,f16,,n/a,,,4.39,-2.442,unrecorded,,docker RestartCount,2026-09-09,records/measurements/flexibility-2026-09-09/results-q4q5q6-srv1.json,q6-blob-2.50-2,
majfault_wake,18382,pages,,,srv1,srv1@hosts.json-decl-2026-09-03,llamacpp,llamacpp:b10644-L3,Qwen3.6-35B-A3B-UD-IQ3_XXS.gguf,qwen35moe,UD-IQ3_XXS,29,2,8192,512,mapped,f16,,n/a,,,4.39,-2.442,unrecorded,,/proc/vmstat pgmajfault delta over wake,2026-09-09,records/measurements/flexibility-2026-09-09/results-q4q5q6-srv1.json,q6-blob-2.50-2,
pswpout_wake,51620,pages,,,srv1,srv1@hosts.json-decl-2026-09-03,llamacpp,llamacpp:b10644-L3,Qwen3.6-35B-A3B-UD-IQ3_XXS.gguf,qwen35moe,UD-IQ3_XXS,29,2,8192,512,mapped,f16,,n/a,,,4.39,-2.442,unrecorded,,/proc/vmstat pswpout delta over wake,2026-09-09,records/measurements/flexibility-2026-09-09/results-q4q5q6-srv1.json,q6-blob-2.50-2,
memavailable_drop_gib,0.7801,GiB,,,srv1,srv1@hosts.json-decl-2026-09-03,llamacpp,llamacpp:b10644-L3,Qwen3.6-35B-A3B-UD-IQ3_XXS.gguf,qwen35moe,UD-IQ3_XXS,29,2,8192,512,mapped,f16,,n/a,,,4.39,-2.442,unrecorded,,MemAvailable before minus after (includes page cache),2026-09-09,records/measurements/flexibility-2026-09-09/results-q4q5q6-srv1.json,q6-blob-2.50-2,
wake_s,170.6629,s,,,srv1,srv1@hosts.json-decl-2026-09-03,llamacpp,llamacpp:b10644-L3,Qwen3.6-35B-A3B-UD-IQ3_XXS.gguf,qwen35moe,UD-IQ3_XXS,29,2,8192,512,mapped,f16,,n/a,,,4.92,-2.988,unrecorded,cold start,door-return minus StartedAt (rig.wake_from),2026-09-09,records/measurements/flexibility-2026-09-09/results-q4q5q6-srv1.json,q6-blob-3.03-1,
card_steady_mib,5220,MiB,,,srv1,srv1@hosts.json-decl-2026-09-03,llamacpp,llamacpp:b10644-L3,Qwen3.6-35B-A3B-UD-IQ3_XXS.gguf,qwen35moe,UD-IQ3_XXS,29,2,8192,512,mapped,f16,,n/a,,,4.92,-2.988,unrecorded,,nvidia-smi memory.used after load,2026-09-09,records/measurements/flexibility-2026-09-09/results-q4q5q6-srv1.json,q6-blob-3.03-1,
card_peak_minus_steady_mib,-20,MiB,,,srv1,srv1@hosts.json-decl-2026-09-03,llamacpp,llamacpp:b10644-L3,Qwen3.6-35B-A3B-UD-IQ3_XXS.gguf,qwen35moe,UD-IQ3_XXS,29,2,8192,512,mapped,f16,,n/a,,,4.92,-2.988,unrecorded,,1 Hz sampler peak minus steady,2026-09-09,records/measurements/flexibility-2026-09-09/results-q4q5q6-srv1.json,q6-blob-3.03-1,
card_C_mib,2207.0,MiB,,,srv1,srv1@hosts.json-decl-2026-09-03,llamacpp,llamacpp:b10644-L3,Qwen3.6-35B-A3B-UD-IQ3_XXS.gguf,qwen35moe,UD-IQ3_XXS,29,2,8192,512,mapped,f16,,n/a,,,4.92,-2.988,unrecorded,,net card minus vramfit.experts_on_card (headroom.py method),2026-09-09,records/measurements/flexibility-2026-09-09/results-q4q5q6-srv1.json,q6-blob-3.03-1,
shmem_mapped_unit_gib,0.0256,GiB,,,srv1,srv1@hosts.json-decl-2026-09-03,llamacpp,llamacpp:b10644-L3,Qwen3.6-35B-A3B-UD-IQ3_XXS.gguf,qwen35moe,UD-IQ3_XXS,29,2,8192,512,mapped,f16,,n/a,,,4.92,-2.988,unrecorded,,/proc/meminfo Shmem steady,2026-09-09,records/measurements/flexibility-2026-09-09/results-q4q5q6-srv1.json,q6-blob-3.03-1,
decode_tok_s,22.9941,tok/s,,,srv1,srv1@hosts.json-decl-2026-09-03,llamacpp,llamacpp:b10644-L3,Qwen3.6-35B-A3B-UD-IQ3_XXS.gguf,qwen35moe,UD-IQ3_XXS,29,2,8192,512,mapped,f16,,n/a,,,4.92,-2.988,unrecorded,"cold (first request, 1 sample)","llama.cpp /completion timings.predicted_per_second, n=160",2026-09-09,records/measurements/flexibility-2026-09-09/results-q4q5q6-srv1.json,q6-blob-3.03-1,
decode_tok_s,32.3917,tok/s,,,srv1,srv1@hosts.json-decl-2026-09-03,llamacpp,llamacpp:b10644-L3,Qwen3.6-35B-A3B-UD-IQ3_XXS.gguf,qwen35moe,UD-IQ3_XXS,29,2,8192,512,mapped,f16,,n/a,,,4.92,-2.988,unrecorded,warm (1 discarded + mean of 3),rig.decode_llamacpp_warm,2026-09-09,records/measurements/flexibility-2026-09-09/results-q4q5q6-srv1.json,q6-blob-3.03-1,"samples=[32.42, 32.4, 32.36]"
restarts,0,count,,,srv1,srv1@hosts.json-decl-2026-09-03,llamacpp,llamacpp:b10644-L3,Qwen3.6-35B-A3B-UD-IQ3_XXS.gguf,qwen35moe,UD-IQ3_XXS,29,2,8192,512,mapped,f16,,n/a,,,4.92,-2.988,unrecorded,,docker RestartCount,2026-09-09,records/measurements/flexibility-2026-09-09/results-q4q5q6-srv1.json,q6-blob-3.03-1,
majfault_wake,19153,pages,,,srv1,srv1@hosts.json-decl-2026-09-03,llamacpp,llamacpp:b10644-L3,Qwen3.6-35B-A3B-UD-IQ3_XXS.gguf,qwen35moe,UD-IQ3_XXS,29,2,8192,512,mapped,f16,,n/a,,,4.92,-2.988,unrecorded,,/proc/vmstat pgmajfault delta over wake,2026-09-09,records/measurements/flexibility-2026-09-09/results-q4q5q6-srv1.json,q6-blob-3.03-1,
pswpout_wake,53296,pages,,,srv1,srv1@hosts.json-decl-2026-09-03,llamacpp,llamacpp:b10644-L3,Qwen3.6-35B-A3B-UD-IQ3_XXS.gguf,qwen35moe,UD-IQ3_XXS,29,2,8192,512,mapped,f16,,n/a,,,4.92,-2.988,unrecorded,,/proc/vmstat pswpout delta over wake,2026-09-09,records/measurements/flexibility-2026-09-09/results-q4q5q6-srv1.json,q6-blob-3.03-1,
memavailable_drop_gib,0.7823,GiB,,,srv1,srv1@hosts.json-decl-2026-09-03,llamacpp,llamacpp:b10644-L3,Qwen3.6-35B-A3B-UD-IQ3_XXS.gguf,qwen35moe,UD-IQ3_XXS,29,2,8192,512,mapped,f16,,n/a,,,4.92,-2.988,unrecorded,,MemAvailable before minus after (includes page cache),2026-09-09,records/measurements/flexibility-2026-09-09/results-q4q5q6-srv1.json,q6-blob-3.03-1,
wake_s,171.48,s,,,srv1,srv1@hosts.json-decl-2026-09-03,llamacpp,llamacpp:b10644-L3,Qwen3.6-35B-A3B-UD-IQ3_XXS.gguf,qwen35moe,UD-IQ3_XXS,29,2,8192,512,mapped,f16,,n/a,,,4.92,-2.98,unrecorded,cold start,door-return minus StartedAt (rig.wake_from),2026-09-09,records/measurements/flexibility-2026-09-09/results-q4q5q6-srv1.json,q6-blob-3.03-2,
card_steady_mib,5220,MiB,,,srv1,srv1@hosts.json-decl-2026-09-03,llamacpp,llamacpp:b10644-L3,Qwen3.6-35B-A3B-UD-IQ3_XXS.gguf,qwen35moe,UD-IQ3_XXS,29,2,8192,512,mapped,f16,,n/a,,,4.92,-2.98,unrecorded,,nvidia-smi memory.used after load,2026-09-09,records/measurements/flexibility-2026-09-09/results-q4q5q6-srv1.json,q6-blob-3.03-2,
card_peak_minus_steady_mib,-22,MiB,,,srv1,srv1@hosts.json-decl-2026-09-03,llamacpp,llamacpp:b10644-L3,Qwen3.6-35B-A3B-UD-IQ3_XXS.gguf,qwen35moe,UD-IQ3_XXS,29,2,8192,512,mapped,f16,,n/a,,,4.92,-2.98,unrecorded,,1 Hz sampler peak minus steady,2026-09-09,records/measurements/flexibility-2026-09-09/results-q4q5q6-srv1.json,q6-blob-3.03-2,
card_C_mib,2207.0,MiB,,,srv1,srv1@hosts.json-decl-2026-09-03,llamacpp,llamacpp:b10644-L3,Qwen3.6-35B-A3B-UD-IQ3_XXS.gguf,qwen35moe,UD-IQ3_XXS,29,2,8192,512,mapped,f16,,n/a,,,4.92,-2.98,unrecorded,,net card minus vramfit.experts_on_card (headroom.py method),2026-09-09,records/measurements/flexibility-2026-09-09/results-q4q5q6-srv1.json,q6-blob-3.03-2,
shmem_mapped_unit_gib,0.0255,GiB,,,srv1,srv1@hosts.json-decl-2026-09-03,llamacpp,llamacpp:b10644-L3,Qwen3.6-35B-A3B-UD-IQ3_XXS.gguf,qwen35moe,UD-IQ3_XXS,29,2,8192,512,mapped,f16,,n/a,,,4.92,-2.98,unrecorded,,/proc/meminfo Shmem steady,2026-09-09,records/measurements/flexibility-2026-09-09/results-q4q5q6-srv1.json,q6-blob-3.03-2,
decode_tok_s,21.8068,tok/s,,,srv1,srv1@hosts.json-decl-2026-09-03,llamacpp,llamacpp:b10644-L3,Qwen3.6-35B-A3B-UD-IQ3_XXS.gguf,qwen35moe,UD-IQ3_XXS,29,2,8192,512,mapped,f16,,n/a,,,4.92,-2.98,unrecorded,"cold (first request, 1 sample)","llama.cpp /completion timings.predicted_per_second, n=160",2026-09-09,records/measurements/flexibility-2026-09-09/results-q4q5q6-srv1.json,q6-blob-3.03-2,
decode_tok_s,31.7541,tok/s,,,srv1,srv1@hosts.json-decl-2026-09-03,llamacpp,llamacpp:b10644-L3,Qwen3.6-35B-A3B-UD-IQ3_XXS.gguf,qwen35moe,UD-IQ3_XXS,29,2,8192,512,mapped,f16,,n/a,,,4.92,-2.98,unrecorded,warm (1 discarded + mean of 3),rig.decode_llamacpp_warm,2026-09-09,records/measurements/flexibility-2026-09-09/results-q4q5q6-srv1.json,q6-blob-3.03-2,"samples=[31.85, 31.71, 31.7]"
restarts,0,count,,,srv1,srv1@hosts.json-decl-2026-09-03,llamacpp,llamacpp:b10644-L3,Qwen3.6-35B-A3B-UD-IQ3_XXS.gguf,qwen35moe,UD-IQ3_XXS,29,2,8192,512,mapped,f16,,n/a,,,4.92,-2.98,unrecorded,,docker RestartCount,2026-09-09,records/measurements/flexibility-2026-09-09/results-q4q5q6-srv1.json,q6-blob-3.03-2,
majfault_wake,25472,pages,,,srv1,srv1@hosts.json-decl-2026-09-03,llamacpp,llamacpp:b10644-L3,Qwen3.6-35B-A3B-UD-IQ3_XXS.gguf,qwen35moe,UD-IQ3_XXS,29,2,8192,512,mapped,f16,,n/a,,,4.92,-2.98,unrecorded,,/proc/vmstat pgmajfault delta over wake,2026-09-09,records/measurements/flexibility-2026-09-09/results-q4q5q6-srv1.json,q6-blob-3.03-2,
pswpout_wake,150724,pages,,,srv1,srv1@hosts.json-decl-2026-09-03,llamacpp,llamacpp:b10644-L3,Qwen3.6-35B-A3B-UD-IQ3_XXS.gguf,qwen35moe,UD-IQ3_XXS,29,2,8192,512,mapped,f16,,n/a,,,4.92,-2.98,unrecorded,,/proc/vmstat pswpout delta over wake,2026-09-09,records/measurements/flexibility-2026-09-09/results-q4q5q6-srv1.json,q6-blob-3.03-2,
memavailable_drop_gib,0.4617,GiB,,,srv1,srv1@hosts.json-decl-2026-09-03,llamacpp,llamacpp:b10644-L3,Qwen3.6-35B-A3B-UD-IQ3_XXS.gguf,qwen35moe,UD-IQ3_XXS,29,2,8192,512,mapped,f16,,n/a,,,4.92,-2.98,unrecorded,,MemAvailable before minus after (includes page cache),2026-09-09,records/measurements/flexibility-2026-09-09/results-q4q5q6-srv1.json,q6-blob-3.03-2,
wake_s,106.0271,s,,,srv2,srv2@hosts.json-decl-2026-09-03,llamacpp,llamacpp:b10644-L3,Qwen3-Next-80B-A3B-Instruct-Q3_K_M.gguf,qwen3next,Q3_K_M,35,2,8192,512,mapped,f16,,n/a,,,,8.997,unrecorded,cold start,door-return minus StartedAt (rig.wake_from),2026-09-09,records/measurements/flexibility-2026-09-09/results-arms-q10-80b.json,q10-80b-mapped-n35-1,
card_steady_mib,11895,MiB,,,srv2,srv2@hosts.json-decl-2026-09-03,llamacpp,llamacpp:b10644-L3,Qwen3-Next-80B-A3B-Instruct-Q3_K_M.gguf,qwen3next,Q3_K_M,35,2,8192,512,mapped,f16,,n/a,,,,8.997,unrecorded,,nvidia-smi memory.used after load,2026-09-09,records/measurements/flexibility-2026-09-09/results-arms-q10-80b.json,q10-80b-mapped-n35-1,
card_peak_minus_steady_mib,-2,MiB,,,srv2,srv2@hosts.json-decl-2026-09-03,llamacpp,llamacpp:b10644-L3,Qwen3-Next-80B-A3B-Instruct-Q3_K_M.gguf,qwen3next,Q3_K_M,35,2,8192,512,mapped,f16,,n/a,,,,8.997,unrecorded,,1 Hz sampler peak minus steady,2026-09-09,records/measurements/flexibility-2026-09-09/results-arms-q10-80b.json,q10-80b-mapped-n35-1,
card_C_mib,2430.0,MiB,,,srv2,srv2@hosts.json-decl-2026-09-03,llamacpp,llamacpp:b10644-L3,Qwen3-Next-80B-A3B-Instruct-Q3_K_M.gguf,qwen3next,Q3_K_M,35,2,8192,512,mapped,f16,,n/a,,,,8.997,unrecorded,,net card minus vramfit.experts_on_card (headroom.py method),2026-09-09,records/measurements/flexibility-2026-09-09/results-arms-q10-80b.json,q10-80b-mapped-n35-1,
shmem_mapped_unit_gib,0.024,GiB,,,srv2,srv2@hosts.json-decl-2026-09-03,llamacpp,llamacpp:b10644-L3,Qwen3-Next-80B-A3B-Instruct-Q3_K_M.gguf,qwen3next,Q3_K_M,35,2,8192,512,mapped,f16,,n/a,,,,8.997,unrecorded,,/proc/meminfo Shmem steady,2026-09-09,records/measurements/flexibility-2026-09-09/results-arms-q10-80b.json,q10-80b-mapped-n35-1,
decode_tok_s,12.7501,tok/s,,,srv2,srv2@hosts.json-decl-2026-09-03,llamacpp,llamacpp:b10644-L3,Qwen3-Next-80B-A3B-Instruct-Q3_K_M.gguf,qwen3next,Q3_K_M,35,2,8192,512,mapped,f16,,n/a,,,,8.997,unrecorded,"cold (first request, 1 sample)","llama.cpp /completion timings.predicted_per_second, n=160",2026-09-09,records/measurements/flexibility-2026-09-09/results-arms-q10-80b.json,q10-80b-mapped-n35-1,
decode_tok_s,26.1325,tok/s,,,srv2,srv2@hosts.json-decl-2026-09-03,llamacpp,llamacpp:b10644-L3,Qwen3-Next-80B-A3B-Instruct-Q3_K_M.gguf,qwen3next,Q3_K_M,35,2,8192,512,mapped,f16,,n/a,,,,8.997,unrecorded,warm (1 discarded + mean of 3),rig.decode_llamacpp_warm,2026-09-09,records/measurements/flexibility-2026-09-09/results-arms-q10-80b.json,q10-80b-mapped-n35-1,"samples=[26.14, 26.21, 26.05]"
restarts,0,count,,,srv2,srv2@hosts.json-decl-2026-09-03,llamacpp,llamacpp:b10644-L3,Qwen3-Next-80B-A3B-Instruct-Q3_K_M.gguf,qwen3next,Q3_K_M,35,2,8192,512,mapped,f16,,n/a,,,,8.997,unrecorded,,docker RestartCount,2026-09-09,records/measurements/flexibility-2026-09-09/results-arms-q10-80b.json,q10-80b-mapped-n35-1,
majfault_wake,5537,pages,,,srv2,srv2@hosts.json-decl-2026-09-03,llamacpp,llamacpp:b10644-L3,Qwen3-Next-80B-A3B-Instruct-Q3_K_M.gguf,qwen3next,Q3_K_M,35,2,8192,512,mapped,f16,,n/a,,,,8.997,unrecorded,,/proc/vmstat pgmajfault delta over wake,2026-09-09,records/measurements/flexibility-2026-09-09/results-arms-q10-80b.json,q10-80b-mapped-n35-1,
pswpout_wake,0,pages,,,srv2,srv2@hosts.json-decl-2026-09-03,llamacpp,llamacpp:b10644-L3,Qwen3-Next-80B-A3B-Instruct-Q3_K_M.gguf,qwen3next,Q3_K_M,35,2,8192,512,mapped,f16,,n/a,,,,8.997,unrecorded,,/proc/vmstat pswpout delta over wake,2026-09-09,records/measurements/flexibility-2026-09-09/results-arms-q10-80b.json,q10-80b-mapped-n35-1,
memavailable_drop_gib,1.1626,GiB,,,srv2,srv2@hosts.json-decl-2026-09-03,llamacpp,llamacpp:b10644-L3,Qwen3-Next-80B-A3B-Instruct-Q3_K_M.gguf,qwen3next,Q3_K_M,35,2,8192,512,mapped,f16,,n/a,,,,8.997,unrecorded,,MemAvailable before minus after (includes page cache),2026-09-09,records/measurements/flexibility-2026-09-09/results-arms-q10-80b.json,q10-80b-mapped-n35-1,
wake_s,106.1091,s,,,srv2,srv2@hosts.json-decl-2026-09-03,llamacpp,llamacpp:b10644-L3,Qwen3-Next-80B-A3B-Instruct-Q3_K_M.gguf,qwen3next,Q3_K_M,35,2,8192,512,mapped,f16,,n/a,,,,9.017,unrecorded,cold start,door-return minus StartedAt (rig.wake_from),2026-09-09,records/measurements/flexibility-2026-09-09/results-arms-q10-80b.json,q10-80b-mapped-n35-2,
card_steady_mib,11895,MiB,,,srv2,srv2@hosts.json-decl-2026-09-03,llamacpp,llamacpp:b10644-L3,Qwen3-Next-80B-A3B-Instruct-Q3_K_M.gguf,qwen3next,Q3_K_M,35,2,8192,512,mapped,f16,,n/a,,,,9.017,unrecorded,,nvidia-smi memory.used after load,2026-09-09,records/measurements/flexibility-2026-09-09/results-arms-q10-80b.json,q10-80b-mapped-n35-2,
card_peak_minus_steady_mib,-2,MiB,,,srv2,srv2@hosts.json-decl-2026-09-03,llamacpp,llamacpp:b10644-L3,Qwen3-Next-80B-A3B-Instruct-Q3_K_M.gguf,qwen3next,Q3_K_M,35,2,8192,512,mapped,f16,,n/a,,,,9.017,unrecorded,,1 Hz sampler peak minus steady,2026-09-09,records/measurements/flexibility-2026-09-09/results-arms-q10-80b.json,q10-80b-mapped-n35-2,
card_C_mib,2430.0,MiB,,,srv2,srv2@hosts.json-decl-2026-09-03,llamacpp,llamacpp:b10644-L3,Qwen3-Next-80B-A3B-Instruct-Q3_K_M.gguf,qwen3next,Q3_K_M,35,2,8192,512,mapped,f16,,n/a,,,,9.017,unrecorded,,net card minus vramfit.experts_on_card (headroom.py method),2026-09-09,records/measurements/flexibility-2026-09-09/results-arms-q10-80b.json,q10-80b-mapped-n35-2,
shmem_mapped_unit_gib,0.0241,GiB,,,srv2,srv2@hosts.json-decl-2026-09-03,llamacpp,llamacpp:b10644-L3,Qwen3-Next-80B-A3B-Instruct-Q3_K_M.gguf,qwen3next,Q3_K_M,35,2,8192,512,mapped,f16,,n/a,,,,9.017,unrecorded,,/proc/meminfo Shmem steady,2026-09-09,records/measurements/flexibility-2026-09-09/results-arms-q10-80b.json,q10-80b-mapped-n35-2,
decode_tok_s,13.3919,tok/s,,,srv2,srv2@hosts.json-decl-2026-09-03,llamacpp,llamacpp:b10644-L3,Qwen3-Next-80B-A3B-Instruct-Q3_K_M.gguf,qwen3next,Q3_K_M,35,2,8192,512,mapped,f16,,n/a,,,,9.017,unrecorded,"cold (first request, 1 sample)","llama.cpp /completion timings.predicted_per_second, n=160",2026-09-09,records/measurements/flexibility-2026-09-09/results-arms-q10-80b.json,q10-80b-mapped-n35-2,
decode_tok_s,29.2949,tok/s,,,srv2,srv2@hosts.json-decl-2026-09-03,llamacpp,llamacpp:b10644-L3,Qwen3-Next-80B-A3B-Instruct-Q3_K_M.gguf,qwen3next,Q3_K_M,35,2,8192,512,mapped,f16,,n/a,,,,9.017,unrecorded,warm (1 discarded + mean of 3),rig.decode_llamacpp_warm,2026-09-09,records/measurements/flexibility-2026-09-09/results-arms-q10-80b.json,q10-80b-mapped-n35-2,"samples=[29.36, 29.39, 29.14]"
restarts,0,count,,,srv2,srv2@hosts.json-decl-2026-09-03,llamacpp,llamacpp:b10644-L3,Qwen3-Next-80B-A3B-Instruct-Q3_K_M.gguf,qwen3next,Q3_K_M,35,2,8192,512,mapped,f16,,n/a,,,,9.017,unrecorded,,docker RestartCount,2026-09-09,records/measurements/flexibility-2026-09-09/results-arms-q10-80b.json,q10-80b-mapped-n35-2,
majfault_wake,5782,pages,,,srv2,srv2@hosts.json-decl-2026-09-03,llamacpp,llamacpp:b10644-L3,Qwen3-Next-80B-A3B-Instruct-Q3_K_M.gguf,qwen3next,Q3_K_M,35,2,8192,512,mapped,f16,,n/a,,,,9.017,unrecorded,,/proc/vmstat pgmajfault delta over wake,2026-09-09,records/measurements/flexibility-2026-09-09/results-arms-q10-80b.json,q10-80b-mapped-n35-2,
pswpout_wake,0,pages,,,srv2,srv2@hosts.json-decl-2026-09-03,llamacpp,llamacpp:b10644-L3,Qwen3-Next-80B-A3B-Instruct-Q3_K_M.gguf,qwen3next,Q3_K_M,35,2,8192,512,mapped,f16,,n/a,,,,9.017,unrecorded,,/proc/vmstat pswpout delta over wake,2026-09-09,records/measurements/flexibility-2026-09-09/results-arms-q10-80b.json,q10-80b-mapped-n35-2,
memavailable_drop_gib,1.1859,GiB,,,srv2,srv2@hosts.json-decl-2026-09-03,llamacpp,llamacpp:b10644-L3,Qwen3-Next-80B-A3B-Instruct-Q3_K_M.gguf,qwen3next,Q3_K_M,35,2,8192,512,mapped,f16,,n/a,,,,9.017,unrecorded,,MemAvailable before minus after (includes page cache),2026-09-09,records/measurements/flexibility-2026-09-09/results-arms-q10-80b.json,q10-80b-mapped-n35-2,
wake_s,104.4092,s,,,srv2,srv2@hosts.json-decl-2026-09-03,llamacpp,llamacpp:b10644-L3,Qwen3-Next-80B-A3B-Instruct-Q3_K_M.gguf,qwen3next,Q3_K_M,36,2,8192,512,mapped,f16,,n/a,,,,8.993,unrecorded,cold start,door-return minus StartedAt (rig.wake_from),2026-09-09,records/measurements/flexibility-2026-09-09/results-arms-q10-80b.json,q10-80b-mapped-n36-1,
card_steady_mib,11167,MiB,,,srv2,srv2@hosts.json-decl-2026-09-03,llamacpp,llamacpp:b10644-L3,Qwen3-Next-80B-A3B-Instruct-Q3_K_M.gguf,qwen3next,Q3_K_M,36,2,8192,512,mapped,f16,,n/a,,,,8.993,unrecorded,,nvidia-smi memory.used after load,2026-09-09,records/measurements/flexibility-2026-09-09/results-arms-q10-80b.json,q10-80b-mapped-n36-1,
card_peak_minus_steady_mib,-2,MiB,,,srv2,srv2@hosts.json-decl-2026-09-03,llamacpp,llamacpp:b10644-L3,Qwen3-Next-80B-A3B-Instruct-Q3_K_M.gguf,qwen3next,Q3_K_M,36,2,8192,512,mapped,f16,,n/a,,,,8.993,unrecorded,,1 Hz sampler peak minus steady,2026-09-09,records/measurements/flexibility-2026-09-09/results-arms-q10-80b.json,q10-80b-mapped-n36-1,
card_C_mib,2430.0,MiB,,,srv2,srv2@hosts.json-decl-2026-09-03,llamacpp,llamacpp:b10644-L3,Qwen3-Next-80B-A3B-Instruct-Q3_K_M.gguf,qwen3next,Q3_K_M,36,2,8192,512,mapped,f16,,n/a,,,,8.993,unrecorded,,net card minus vramfit.experts_on_card (headroom.py method),2026-09-09,records/measurements/flexibility-2026-09-09/results-arms-q10-80b.json,q10-80b-mapped-n36-1,
shmem_mapped_unit_gib,0.0241,GiB,,,srv2,srv2@hosts.json-decl-2026-09-03,llamacpp,llamacpp:b10644-L3,Qwen3-Next-80B-A3B-Instruct-Q3_K_M.gguf,qwen3next,Q3_K_M,36,2,8192,512,mapped,f16,,n/a,,,,8.993,unrecorded,,/proc/meminfo Shmem steady,2026-09-09,records/measurements/flexibility-2026-09-09/results-arms-q10-80b.json,q10-80b-mapped-n36-1,
decode_tok_s,13.4013,tok/s,,,srv2,srv2@hosts.json-decl-2026-09-03,llamacpp,llamacpp:b10644-L3,Qwen3-Next-80B-A3B-Instruct-Q3_K_M.gguf,qwen3next,Q3_K_M,36,2,8192,512,mapped,f16,,n/a,,,,8.993,unrecorded,"cold (first request, 1 sample)","llama.cpp /completion timings.predicted_per_second, n=160",2026-09-09,records/measurements/flexibility-2026-09-09/results-arms-q10-80b.json,q10-80b-mapped-n36-1,
decode_tok_s,28.7237,tok/s,,,srv2,srv2@hosts.json-decl-2026-09-03,llamacpp,llamacpp:b10644-L3,Qwen3-Next-80B-A3B-Instruct-Q3_K_M.gguf,qwen3next,Q3_K_M,36,2,8192,512,mapped,f16,,n/a,,,,8.993,unrecorded,warm (1 discarded + mean of 3),rig.decode_llamacpp_warm,2026-09-09,records/measurements/flexibility-2026-09-09/results-arms-q10-80b.json,q10-80b-mapped-n36-1,"samples=[28.66, 28.81, 28.69]"
restarts,0,count,,,srv2,srv2@hosts.json-decl-2026-09-03,llamacpp,llamacpp:b10644-L3,Qwen3-Next-80B-A3B-Instruct-Q3_K_M.gguf,qwen3next,Q3_K_M,36,2,8192,512,mapped,f16,,n/a,,,,8.993,unrecorded,,docker RestartCount,2026-09-09,records/measurements/flexibility-2026-09-09/results-arms-q10-80b.json,q10-80b-mapped-n36-1,
majfault_wake,5507,pages,,,srv2,srv2@hosts.json-decl-2026-09-03,llamacpp,llamacpp:b10644-L3,Qwen3-Next-80B-A3B-Instruct-Q3_K_M.gguf,qwen3next,Q3_K_M,36,2,8192,512,mapped,f16,,n/a,,,,8.993,unrecorded,,/proc/vmstat pgmajfault delta over wake,2026-09-09,records/measurements/flexibility-2026-09-09/results-arms-q10-80b.json,q10-80b-mapped-n36-1,
pswpout_wake,0,pages,,,srv2,srv2@hosts.json-decl-2026-09-03,llamacpp,llamacpp:b10644-L3,Qwen3-Next-80B-A3B-Instruct-Q3_K_M.gguf,qwen3next,Q3_K_M,36,2,8192,512,mapped,f16,,n/a,,,,8.993,unrecorded,,/proc/vmstat pswpout delta over wake,2026-09-09,records/measurements/flexibility-2026-09-09/results-arms-q10-80b.json,q10-80b-mapped-n36-1,
memavailable_drop_gib,1.1703,GiB,,,srv2,srv2@hosts.json-decl-2026-09-03,llamacpp,llamacpp:b10644-L3,Qwen3-Next-80B-A3B-Instruct-Q3_K_M.gguf,qwen3next,Q3_K_M,36,2,8192,512,mapped,f16,,n/a,,,,8.993,unrecorded,,MemAvailable before minus after (includes page cache),2026-09-09,records/measurements/flexibility-2026-09-09/results-arms-q10-80b.json,q10-80b-mapped-n36-1,
wake_s,104.7997,s,,,srv2,srv2@hosts.json-decl-2026-09-03,llamacpp,llamacpp:b10644-L3,Qwen3-Next-80B-A3B-Instruct-Q3_K_M.gguf,qwen3next,Q3_K_M,36,2,8192,512,mapped,f16,,n/a,,,,9.004,unrecorded,cold start,door-return minus StartedAt (rig.wake_from),2026-09-09,records/measurements/flexibility-2026-09-09/results-arms-q10-80b.json,q10-80b-mapped-n36-2,
card_steady_mib,11167,MiB,,,srv2,srv2@hosts.json-decl-2026-09-03,llamacpp,llamacpp:b10644-L3,Qwen3-Next-80B-A3B-Instruct-Q3_K_M.gguf,qwen3next,Q3_K_M,36,2,8192,512,mapped,f16,,n/a,,,,9.004,unrecorded,,nvidia-smi memory.used after load,2026-09-09,records/measurements/flexibility-2026-09-09/results-arms-q10-80b.json,q10-80b-mapped-n36-2,
card_peak_minus_steady_mib,-2,MiB,,,srv2,srv2@hosts.json-decl-2026-09-03,llamacpp,llamacpp:b10644-L3,Qwen3-Next-80B-A3B-Instruct-Q3_K_M.gguf,qwen3next,Q3_K_M,36,2,8192,512,mapped,f16,,n/a,,,,9.004,unrecorded,,1 Hz sampler peak minus steady,2026-09-09,records/measurements/flexibility-2026-09-09/results-arms-q10-80b.json,q10-80b-mapped-n36-2,
card_C_mib,2430.0,MiB,,,srv2,srv2@hosts.json-decl-2026-09-03,llamacpp,llamacpp:b10644-L3,Qwen3-Next-80B-A3B-Instruct-Q3_K_M.gguf,qwen3next,Q3_K_M,36,2,8192,512,mapped,f16,,n/a,,,,9.004,unrecorded,,net card minus vramfit.experts_on_card (headroom.py method),2026-09-09,records/measurements/flexibility-2026-09-09/results-arms-q10-80b.json,q10-80b-mapped-n36-2,
shmem_mapped_unit_gib,0.0241,GiB,,,srv2,srv2@hosts.json-decl-2026-09-03,llamacpp,llamacpp:b10644-L3,Qwen3-Next-80B-A3B-Instruct-Q3_K_M.gguf,qwen3next,Q3_K_M,36,2,8192,512,mapped,f16,,n/a,,,,9.004,unrecorded,,/proc/meminfo Shmem steady,2026-09-09,records/measurements/flexibility-2026-09-09/results-arms-q10-80b.json,q10-80b-mapped-n36-2,
decode_tok_s,13.2406,tok/s,,,srv2,srv2@hosts.json-decl-2026-09-03,llamacpp,llamacpp:b10644-L3,Qwen3-Next-80B-A3B-Instruct-Q3_K_M.gguf,qwen3next,Q3_K_M,36,2,8192,512,mapped,f16,,n/a,,,,9.004,unrecorded,"cold (first request, 1 sample)","llama.cpp /completion timings.predicted_per_second, n=160",2026-09-09,records/measurements/flexibility-2026-09-09/results-arms-q10-80b.json,q10-80b-mapped-n36-2,
decode_tok_s,28.9553,tok/s,,,srv2,srv2@hosts.json-decl-2026-09-03,llamacpp,llamacpp:b10644-L3,Qwen3-Next-80B-A3B-Instruct-Q3_K_M.gguf,qwen3next,Q3_K_M,36,2,8192,512,mapped,f16,,n/a,,,,9.004,unrecorded,warm (1 discarded + mean of 3),rig.decode_llamacpp_warm,2026-09-09,records/measurements/flexibility-2026-09-09/results-arms-q10-80b.json,q10-80b-mapped-n36-2,"samples=[29.0, 29.12, 28.74]"
restarts,0,count,,,srv2,srv2@hosts.json-decl-2026-09-03,llamacpp,llamacpp:b10644-L3,Qwen3-Next-80B-A3B-Instruct-Q3_K_M.gguf,qwen3next,Q3_K_M,36,2,8192,512,mapped,f16,,n/a,,,,9.004,unrecorded,,docker RestartCount,2026-09-09,records/measurements/flexibility-2026-09-09/results-arms-q10-80b.json,q10-80b-mapped-n36-2,
majfault_wake,5568,pages,,,srv2,srv2@hosts.json-decl-2026-09-03,llamacpp,llamacpp:b10644-L3,Qwen3-Next-80B-A3B-Instruct-Q3_K_M.gguf,qwen3next,Q3_K_M,36,2,8192,512,mapped,f16,,n/a,,,,9.004,unrecorded,,/proc/vmstat pgmajfault delta over wake,2026-09-09,records/measurements/flexibility-2026-09-09/results-arms-q10-80b.json,q10-80b-mapped-n36-2,
pswpout_wake,0,pages,,,srv2,srv2@hosts.json-decl-2026-09-03,llamacpp,llamacpp:b10644-L3,Qwen3-Next-80B-A3B-Instruct-Q3_K_M.gguf,qwen3next,Q3_K_M,36,2,8192,512,mapped,f16,,n/a,,,,9.004,unrecorded,,/proc/vmstat pswpout delta over wake,2026-09-09,records/measurements/flexibility-2026-09-09/results-arms-q10-80b.json,q10-80b-mapped-n36-2,
memavailable_drop_gib,1.1753,GiB,,,srv2,srv2@hosts.json-decl-2026-09-03,llamacpp,llamacpp:b10644-L3,Qwen3-Next-80B-A3B-Instruct-Q3_K_M.gguf,qwen3next,Q3_K_M,36,2,8192,512,mapped,f16,,n/a,,,,9.004,unrecorded,,MemAvailable before minus after (includes page cache),2026-09-09,records/measurements/flexibility-2026-09-09/results-arms-q10-80b.json,q10-80b-mapped-n36-2,
wake_s,101.6268,s,,,srv2,srv2@hosts.json-decl-2026-09-03,llamacpp,llamacpp:b10644-L3,Qwen3-Next-80B-A3B-Instruct-Q3_K_M.gguf,qwen3next,Q3_K_M,38,2,8192,512,mapped,f16,,n/a,,,,9.014,unrecorded,cold start,door-return minus StartedAt (rig.wake_from),2026-09-09,records/measurements/flexibility-2026-09-09/results-arms-q10-80b.json,q10-80b-mapped-n38-1,
card_steady_mib,9711,MiB,,,srv2,srv2@hosts.json-decl-2026-09-03,llamacpp,llamacpp:b10644-L3,Qwen3-Next-80B-A3B-Instruct-Q3_K_M.gguf,qwen3next,Q3_K_M,38,2,8192,512,mapped,f16,,n/a,,,,9.014,unrecorded,,nvidia-smi memory.used after load,2026-09-09,records/measurements/flexibility-2026-09-09/results-arms-q10-80b.json,q10-80b-mapped-n38-1,
card_peak_minus_steady_mib,-2,MiB,,,srv2,srv2@hosts.json-decl-2026-09-03,llamacpp,llamacpp:b10644-L3,Qwen3-Next-80B-A3B-Instruct-Q3_K_M.gguf,qwen3next,Q3_K_M,38,2,8192,512,mapped,f16,,n/a,,,,9.014,unrecorded,,1 Hz sampler peak minus steady,2026-09-09,records/measurements/flexibility-2026-09-09/results-arms-q10-80b.json,q10-80b-mapped-n38-1,
card_C_mib,2430.0,MiB,,,srv2,srv2@hosts.json-decl-2026-09-03,llamacpp,llamacpp:b10644-L3,Qwen3-Next-80B-A3B-Instruct-Q3_K_M.gguf,qwen3next,Q3_K_M,38,2,8192,512,mapped,f16,,n/a,,,,9.014,unrecorded,,net card minus vramfit.experts_on_card (headroom.py method),2026-09-09,records/measurements/flexibility-2026-09-09/results-arms-q10-80b.json,q10-80b-mapped-n38-1,
shmem_mapped_unit_gib,0.0241,GiB,,,srv2,srv2@hosts.json-decl-2026-09-03,llamacpp,llamacpp:b10644-L3,Qwen3-Next-80B-A3B-Instruct-Q3_K_M.gguf,qwen3next,Q3_K_M,38,2,8192,512,mapped,f16,,n/a,,,,9.014,unrecorded,,/proc/meminfo Shmem steady,2026-09-09,records/measurements/flexibility-2026-09-09/results-arms-q10-80b.json,q10-80b-mapped-n38-1,
decode_tok_s,12.941,tok/s,,,srv2,srv2@hosts.json-decl-2026-09-03,llamacpp,llamacpp:b10644-L3,Qwen3-Next-80B-A3B-Instruct-Q3_K_M.gguf,qwen3next,Q3_K_M,38,2,8192,512,mapped,f16,,n/a,,,,9.014,unrecorded,"cold (first request, 1 sample)","llama.cpp /completion timings.predicted_per_second, n=160",2026-09-09,records/measurements/flexibility-2026-09-09/results-arms-q10-80b.json,q10-80b-mapped-n38-1,
decode_tok_s,27.4798,tok/s,,,srv2,srv2@hosts.json-decl-2026-09-03,llamacpp,llamacpp:b10644-L3,Qwen3-Next-80B-A3B-Instruct-Q3_K_M.gguf,qwen3next,Q3_K_M,38,2,8192,512,mapped,f16,,n/a,,,,9.014,unrecorded,warm (1 discarded + mean of 3),rig.decode_llamacpp_warm,2026-09-09,records/measurements/flexibility-2026-09-09/results-arms-q10-80b.json,q10-80b-mapped-n38-1,"samples=[27.64, 27.52, 27.28]"
restarts,0,count,,,srv2,srv2@hosts.json-decl-2026-09-03,llamacpp,llamacpp:b10644-L3,Qwen3-Next-80B-A3B-Instruct-Q3_K_M.gguf,qwen3next,Q3_K_M,38,2,8192,512,mapped,f16,,n/a,,,,9.014,unrecorded,,docker RestartCount,2026-09-09,records/measurements/flexibility-2026-09-09/results-arms-q10-80b.json,q10-80b-mapped-n38-1,
majfault_wake,5532,pages,,,srv2,srv2@hosts.json-decl-2026-09-03,llamacpp,llamacpp:b10644-L3,Qwen3-Next-80B-A3B-Instruct-Q3_K_M.gguf,qwen3next,Q3_K_M,38,2,8192,512,mapped,f16,,n/a,,,,9.014,unrecorded,,/proc/vmstat pgmajfault delta over wake,2026-09-09,records/measurements/flexibility-2026-09-09/results-arms-q10-80b.json,q10-80b-mapped-n38-1,
pswpout_wake,0,pages,,,srv2,srv2@hosts.json-decl-2026-09-03,llamacpp,llamacpp:b10644-L3,Qwen3-Next-80B-A3B-Instruct-Q3_K_M.gguf,qwen3next,Q3_K_M,38,2,8192,512,mapped,f16,,n/a,,,,9.014,unrecorded,,/proc/vmstat pswpout delta over wake,2026-09-09,records/measurements/flexibility-2026-09-09/results-arms-q10-80b.json,q10-80b-mapped-n38-1,
memavailable_drop_gib,1.1931,GiB,,,srv2,srv2@hosts.json-decl-2026-09-03,llamacpp,llamacpp:b10644-L3,Qwen3-Next-80B-A3B-Instruct-Q3_K_M.gguf,qwen3next,Q3_K_M,38,2,8192,512,mapped,f16,,n/a,,,,9.014,unrecorded,,MemAvailable before minus after (includes page cache),2026-09-09,records/measurements/flexibility-2026-09-09/results-arms-q10-80b.json,q10-80b-mapped-n38-1,
wake_s,106.8376,s,,,srv2,srv2@hosts.json-decl-2026-09-03,llamacpp,llamacpp:b10644-L3,Qwen3-Next-80B-A3B-Instruct-Q3_K_M.gguf,qwen3next,Q3_K_M,38,2,8192,512,mapped,f16,,n/a,,,,9.017,unrecorded,cold start,door-return minus StartedAt (rig.wake_from),2026-09-09,records/measurements/flexibility-2026-09-09/results-arms-q10-80b.json,q10-80b-mapped-n38-2,
card_steady_mib,9711,MiB,,,srv2,srv2@hosts.json-decl-2026-09-03,llamacpp,llamacpp:b10644-L3,Qwen3-Next-80B-A3B-Instruct-Q3_K_M.gguf,qwen3next,Q3_K_M,38,2,8192,512,mapped,f16,,n/a,,,,9.017,unrecorded,,nvidia-smi memory.used after load,2026-09-09,records/measurements/flexibility-2026-09-09/results-arms-q10-80b.json,q10-80b-mapped-n38-2,
card_peak_minus_steady_mib,-2,MiB,,,srv2,srv2@hosts.json-decl-2026-09-03,llamacpp,llamacpp:b10644-L3,Qwen3-Next-80B-A3B-Instruct-Q3_K_M.gguf,qwen3next,Q3_K_M,38,2,8192,512,mapped,f16,,n/a,,,,9.017,unrecorded,,1 Hz sampler peak minus steady,2026-09-09,records/measurements/flexibility-2026-09-09/results-arms-q10-80b.json,q10-80b-mapped-n38-2,
card_C_mib,2430.0,MiB,,,srv2,srv2@hosts.json-decl-2026-09-03,llamacpp,llamacpp:b10644-L3,Qwen3-Next-80B-A3B-Instruct-Q3_K_M.gguf,qwen3next,Q3_K_M,38,2,8192,512,mapped,f16,,n/a,,,,9.017,unrecorded,,net card minus vramfit.experts_on_card (headroom.py method),2026-09-09,records/measurements/flexibility-2026-09-09/results-arms-q10-80b.json,q10-80b-mapped-n38-2,
shmem_mapped_unit_gib,0.0241,GiB,,,srv2,srv2@hosts.json-decl-2026-09-03,llamacpp,llamacpp:b10644-L3,Qwen3-Next-80B-A3B-Instruct-Q3_K_M.gguf,qwen3next,Q3_K_M,38,2,8192,512,mapped,f16,,n/a,,,,9.017,unrecorded,,/proc/meminfo Shmem steady,2026-09-09,records/measurements/flexibility-2026-09-09/results-arms-q10-80b.json,q10-80b-mapped-n38-2,
decode_tok_s,12.6306,tok/s,,,srv2,srv2@hosts.json-decl-2026-09-03,llamacpp,llamacpp:b10644-L3,Qwen3-Next-80B-A3B-Instruct-Q3_K_M.gguf,qwen3next,Q3_K_M,38,2,8192,512,mapped,f16,,n/a,,,,9.017,unrecorded,"cold (first request, 1 sample)","llama.cpp /completion timings.predicted_per_second, n=160",2026-09-09,records/measurements/flexibility-2026-09-09/results-arms-q10-80b.json,q10-80b-mapped-n38-2,
decode_tok_s,26.7163,tok/s,,,srv2,srv2@hosts.json-decl-2026-09-03,llamacpp,llamacpp:b10644-L3,Qwen3-Next-80B-A3B-Instruct-Q3_K_M.gguf,qwen3next,Q3_K_M,38,2,8192,512,mapped,f16,,n/a,,,,9.017,unrecorded,warm (1 discarded + mean of 3),rig.decode_llamacpp_warm,2026-09-09,records/measurements/flexibility-2026-09-09/results-arms-q10-80b.json,q10-80b-mapped-n38-2,"samples=[26.77, 26.74, 26.64]"
restarts,0,count,,,srv2,srv2@hosts.json-decl-2026-09-03,llamacpp,llamacpp:b10644-L3,Qwen3-Next-80B-A3B-Instruct-Q3_K_M.gguf,qwen3next,Q3_K_M,38,2,8192,512,mapped,f16,,n/a,,,,9.017,unrecorded,,docker RestartCount,2026-09-09,records/measurements/flexibility-2026-09-09/results-arms-q10-80b.json,q10-80b-mapped-n38-2,
majfault_wake,5505,pages,,,srv2,srv2@hosts.json-decl-2026-09-03,llamacpp,llamacpp:b10644-L3,Qwen3-Next-80B-A3B-Instruct-Q3_K_M.gguf,qwen3next,Q3_K_M,38,2,8192,512,mapped,f16,,n/a,,,,9.017,unrecorded,,/proc/vmstat pgmajfault delta over wake,2026-09-09,records/measurements/flexibility-2026-09-09/results-arms-q10-80b.json,q10-80b-mapped-n38-2,
pswpout_wake,0,pages,,,srv2,srv2@hosts.json-decl-2026-09-03,llamacpp,llamacpp:b10644-L3,Qwen3-Next-80B-A3B-Instruct-Q3_K_M.gguf,qwen3next,Q3_K_M,38,2,8192,512,mapped,f16,,n/a,,,,9.017,unrecorded,,/proc/vmstat pswpout delta over wake,2026-09-09,records/measurements/flexibility-2026-09-09/results-arms-q10-80b.json,q10-80b-mapped-n38-2,
memavailable_drop_gib,1.1757,GiB,,,srv2,srv2@hosts.json-decl-2026-09-03,llamacpp,llamacpp:b10644-L3,Qwen3-Next-80B-A3B-Instruct-Q3_K_M.gguf,qwen3next,Q3_K_M,38,2,8192,512,mapped,f16,,n/a,,,,9.017,unrecorded,,MemAvailable before minus after (includes page cache),2026-09-09,records/measurements/flexibility-2026-09-09/results-arms-q10-80b.json,q10-80b-mapped-n38-2,
wake_s,102.6493,s,,,srv2,srv2@hosts.json-decl-2026-09-03,llamacpp,llamacpp:b10644-L3,Qwen3-Next-80B-A3B-Instruct-Q3_K_M.gguf,qwen3next,Q3_K_M,40,2,8192,512,mapped,f16,,n/a,,,,9.015,unrecorded,cold start,door-return minus StartedAt (rig.wake_from),2026-09-09,records/measurements/flexibility-2026-09-09/results-arms-q10-80b.json,q10-80b-mapped-n40-1,
card_steady_mib,8255,MiB,,,srv2,srv2@hosts.json-decl-2026-09-03,llamacpp,llamacpp:b10644-L3,Qwen3-Next-80B-A3B-Instruct-Q3_K_M.gguf,qwen3next,Q3_K_M,40,2,8192,512,mapped,f16,,n/a,,,,9.015,unrecorded,,nvidia-smi memory.used after load,2026-09-09,records/measurements/flexibility-2026-09-09/results-arms-q10-80b.json,q10-80b-mapped-n40-1,
card_peak_minus_steady_mib,-2,MiB,,,srv2,srv2@hosts.json-decl-2026-09-03,llamacpp,llamacpp:b10644-L3,Qwen3-Next-80B-A3B-Instruct-Q3_K_M.gguf,qwen3next,Q3_K_M,40,2,8192,512,mapped,f16,,n/a,,,,9.015,unrecorded,,1 Hz sampler peak minus steady,2026-09-09,records/measurements/flexibility-2026-09-09/results-arms-q10-80b.json,q10-80b-mapped-n40-1,
card_C_mib,2430.0,MiB,,,srv2,srv2@hosts.json-decl-2026-09-03,llamacpp,llamacpp:b10644-L3,Qwen3-Next-80B-A3B-Instruct-Q3_K_M.gguf,qwen3next,Q3_K_M,40,2,8192,512,mapped,f16,,n/a,,,,9.015,unrecorded,,net card minus vramfit.experts_on_card (headroom.py method),2026-09-09,records/measurements/flexibility-2026-09-09/results-arms-q10-80b.json,q10-80b-mapped-n40-1,
shmem_mapped_unit_gib,0.0241,GiB,,,srv2,srv2@hosts.json-decl-2026-09-03,llamacpp,llamacpp:b10644-L3,Qwen3-Next-80B-A3B-Instruct-Q3_K_M.gguf,qwen3next,Q3_K_M,40,2,8192,512,mapped,f16,,n/a,,,,9.015,unrecorded,,/proc/meminfo Shmem steady,2026-09-09,records/measurements/flexibility-2026-09-09/results-arms-q10-80b.json,q10-80b-mapped-n40-1,
decode_tok_s,12.8183,tok/s,,,srv2,srv2@hosts.json-decl-2026-09-03,llamacpp,llamacpp:b10644-L3,Qwen3-Next-80B-A3B-Instruct-Q3_K_M.gguf,qwen3next,Q3_K_M,40,2,8192,512,mapped,f16,,n/a,,,,9.015,unrecorded,"cold (first request, 1 sample)","llama.cpp /completion timings.predicted_per_second, n=160",2026-09-09,records/measurements/flexibility-2026-09-09/results-arms-q10-80b.json,q10-80b-mapped-n40-1,
decode_tok_s,26.8419,tok/s,,,srv2,srv2@hosts.json-decl-2026-09-03,llamacpp,llamacpp:b10644-L3,Qwen3-Next-80B-A3B-Instruct-Q3_K_M.gguf,qwen3next,Q3_K_M,40,2,8192,512,mapped,f16,,n/a,,,,9.015,unrecorded,warm (1 discarded + mean of 3),rig.decode_llamacpp_warm,2026-09-09,records/measurements/flexibility-2026-09-09/results-arms-q10-80b.json,q10-80b-mapped-n40-1,"samples=[26.94, 26.82, 26.77]"
restarts,0,count,,,srv2,srv2@hosts.json-decl-2026-09-03,llamacpp,llamacpp:b10644-L3,Qwen3-Next-80B-A3B-Instruct-Q3_K_M.gguf,qwen3next,Q3_K_M,40,2,8192,512,mapped,f16,,n/a,,,,9.015,unrecorded,,docker RestartCount,2026-09-09,records/measurements/flexibility-2026-09-09/results-arms-q10-80b.json,q10-80b-mapped-n40-1,
majfault_wake,5522,pages,,,srv2,srv2@hosts.json-decl-2026-09-03,llamacpp,llamacpp:b10644-L3,Qwen3-Next-80B-A3B-Instruct-Q3_K_M.gguf,qwen3next,Q3_K_M,40,2,8192,512,mapped,f16,,n/a,,,,9.015,unrecorded,,/proc/vmstat pgmajfault delta over wake,2026-09-09,records/measurements/flexibility-2026-09-09/results-arms-q10-80b.json,q10-80b-mapped-n40-1,
pswpout_wake,0,pages,,,srv2,srv2@hosts.json-decl-2026-09-03,llamacpp,llamacpp:b10644-L3,Qwen3-Next-80B-A3B-Instruct-Q3_K_M.gguf,qwen3next,Q3_K_M,40,2,8192,512,mapped,f16,,n/a,,,,9.015,unrecorded,,/proc/vmstat pswpout delta over wake,2026-09-09,records/measurements/flexibility-2026-09-09/results-arms-q10-80b.json,q10-80b-mapped-n40-1,
memavailable_drop_gib,1.1811,GiB,,,srv2,srv2@hosts.json-decl-2026-09-03,llamacpp,llamacpp:b10644-L3,Qwen3-Next-80B-A3B-Instruct-Q3_K_M.gguf,qwen3next,Q3_K_M,40,2,8192,512,mapped,f16,,n/a,,,,9.015,unrecorded,,MemAvailable before minus after (includes page cache),2026-09-09,records/measurements/flexibility-2026-09-09/results-arms-q10-80b.json,q10-80b-mapped-n40-1,
wake_s,105.1028,s,,,srv2,srv2@hosts.json-decl-2026-09-03,llamacpp,llamacpp:b10644-L3,Qwen3-Next-80B-A3B-Instruct-Q3_K_M.gguf,qwen3next,Q3_K_M,40,2,8192,512,mapped,f16,,n/a,,,,9.002,unrecorded,cold start,door-return minus StartedAt (rig.wake_from),2026-09-09,records/measurements/flexibility-2026-09-09/results-arms-q10-80b.json,q10-80b-mapped-n40-2,
card_steady_mib,8255,MiB,,,srv2,srv2@hosts.json-decl-2026-09-03,llamacpp,llamacpp:b10644-L3,Qwen3-Next-80B-A3B-Instruct-Q3_K_M.gguf,qwen3next,Q3_K_M,40,2,8192,512,mapped,f16,,n/a,,,,9.002,unrecorded,,nvidia-smi memory.used after load,2026-09-09,records/measurements/flexibility-2026-09-09/results-arms-q10-80b.json,q10-80b-mapped-n40-2,
card_peak_minus_steady_mib,-2,MiB,,,srv2,srv2@hosts.json-decl-2026-09-03,llamacpp,llamacpp:b10644-L3,Qwen3-Next-80B-A3B-Instruct-Q3_K_M.gguf,qwen3next,Q3_K_M,40,2,8192,512,mapped,f16,,n/a,,,,9.002,unrecorded,,1 Hz sampler peak minus steady,2026-09-09,records/measurements/flexibility-2026-09-09/results-arms-q10-80b.json,q10-80b-mapped-n40-2,
card_C_mib,2430.0,MiB,,,srv2,srv2@hosts.json-decl-2026-09-03,llamacpp,llamacpp:b10644-L3,Qwen3-Next-80B-A3B-Instruct-Q3_K_M.gguf,qwen3next,Q3_K_M,40,2,8192,512,mapped,f16,,n/a,,,,9.002,unrecorded,,net card minus vramfit.experts_on_card (headroom.py method),2026-09-09,records/measurements/flexibility-2026-09-09/results-arms-q10-80b.json,q10-80b-mapped-n40-2,
shmem_mapped_unit_gib,0.0241,GiB,,,srv2,srv2@hosts.json-decl-2026-09-03,llamacpp,llamacpp:b10644-L3,Qwen3-Next-80B-A3B-Instruct-Q3_K_M.gguf,qwen3next,Q3_K_M,40,2,8192,512,mapped,f16,,n/a,,,,9.002,unrecorded,,/proc/meminfo Shmem steady,2026-09-09,records/measurements/flexibility-2026-09-09/results-arms-q10-80b.json,q10-80b-mapped-n40-2,
decode_tok_s,12.5192,tok/s,,,srv2,srv2@hosts.json-decl-2026-09-03,llamacpp,llamacpp:b10644-L3,Qwen3-Next-80B-A3B-Instruct-Q3_K_M.gguf,qwen3next,Q3_K_M,40,2,8192,512,mapped,f16,,n/a,,,,9.002,unrecorded,"cold (first request, 1 sample)","llama.cpp /completion timings.predicted_per_second, n=160",2026-09-09,records/measurements/flexibility-2026-09-09/results-arms-q10-80b.json,q10-80b-mapped-n40-2,
decode_tok_s,25.0086,tok/s,,,srv2,srv2@hosts.json-decl-2026-09-03,llamacpp,llamacpp:b10644-L3,Qwen3-Next-80B-A3B-Instruct-Q3_K_M.gguf,qwen3next,Q3_K_M,40,2,8192,512,mapped,f16,,n/a,,,,9.002,unrecorded,warm (1 discarded + mean of 3),rig.decode_llamacpp_warm,2026-09-09,records/measurements/flexibility-2026-09-09/results-arms-q10-80b.json,q10-80b-mapped-n40-2,"samples=[24.78, 25.17, 25.08]"
restarts,0,count,,,srv2,srv2@hosts.json-decl-2026-09-03,llamacpp,llamacpp:b10644-L3,Qwen3-Next-80B-A3B-Instruct-Q3_K_M.gguf,qwen3next,Q3_K_M,40,2,8192,512,mapped,f16,,n/a,,,,9.002,unrecorded,,docker RestartCount,2026-09-09,records/measurements/flexibility-2026-09-09/results-arms-q10-80b.json,q10-80b-mapped-n40-2,
majfault_wake,5521,pages,,,srv2,srv2@hosts.json-decl-2026-09-03,llamacpp,llamacpp:b10644-L3,Qwen3-Next-80B-A3B-Instruct-Q3_K_M.gguf,qwen3next,Q3_K_M,40,2,8192,512,mapped,f16,,n/a,,,,9.002,unrecorded,,/proc/vmstat pgmajfault delta over wake,2026-09-09,records/measurements/flexibility-2026-09-09/results-arms-q10-80b.json,q10-80b-mapped-n40-2,
pswpout_wake,0,pages,,,srv2,srv2@hosts.json-decl-2026-09-03,llamacpp,llamacpp:b10644-L3,Qwen3-Next-80B-A3B-Instruct-Q3_K_M.gguf,qwen3next,Q3_K_M,40,2,8192,512,mapped,f16,,n/a,,,,9.002,unrecorded,,/proc/vmstat pswpout delta over wake,2026-09-09,records/measurements/flexibility-2026-09-09/results-arms-q10-80b.json,q10-80b-mapped-n40-2,
memavailable_drop_gib,1.1413,GiB,,,srv2,srv2@hosts.json-decl-2026-09-03,llamacpp,llamacpp:b10644-L3,Qwen3-Next-80B-A3B-Instruct-Q3_K_M.gguf,qwen3next,Q3_K_M,40,2,8192,512,mapped,f16,,n/a,,,,9.002,unrecorded,,MemAvailable before minus after (includes page cache),2026-09-09,records/measurements/flexibility-2026-09-09/results-arms-q10-80b.json,q10-80b-mapped-n40-2,
wake_s,106.1114,s,,,srv2,srv2@hosts.json-decl-2026-09-03,llamacpp,llamacpp:b10644-L3,Qwen3-Next-80B-A3B-Instruct-Q3_K_M.gguf,qwen3next,Q3_K_M,41,2,8192,512,mapped,f16,,n/a,,,,8.996,unrecorded,cold start,door-return minus StartedAt (rig.wake_from),2026-09-09,records/measurements/flexibility-2026-09-09/results-arms-q10-80b.json,q10-80b-mapped-n41-1,
card_steady_mib,7527,MiB,,,srv2,srv2@hosts.json-decl-2026-09-03,llamacpp,llamacpp:b10644-L3,Qwen3-Next-80B-A3B-Instruct-Q3_K_M.gguf,qwen3next,Q3_K_M,41,2,8192,512,mapped,f16,,n/a,,,,8.996,unrecorded,,nvidia-smi memory.used after load,2026-09-09,records/measurements/flexibility-2026-09-09/results-arms-q10-80b.json,q10-80b-mapped-n41-1,
card_peak_minus_steady_mib,-2,MiB,,,srv2,srv2@hosts.json-decl-2026-09-03,llamacpp,llamacpp:b10644-L3,Qwen3-Next-80B-A3B-Instruct-Q3_K_M.gguf,qwen3next,Q3_K_M,41,2,8192,512,mapped,f16,,n/a,,,,8.996,unrecorded,,1 Hz sampler peak minus steady,2026-09-09,records/measurements/flexibility-2026-09-09/results-arms-q10-80b.json,q10-80b-mapped-n41-1,
card_C_mib,2430.0,MiB,,,srv2,srv2@hosts.json-decl-2026-09-03,llamacpp,llamacpp:b10644-L3,Qwen3-Next-80B-A3B-Instruct-Q3_K_M.gguf,qwen3next,Q3_K_M,41,2,8192,512,mapped,f16,,n/a,,,,8.996,unrecorded,,net card minus vramfit.experts_on_card (headroom.py method),2026-09-09,records/measurements/flexibility-2026-09-09/results-arms-q10-80b.json,q10-80b-mapped-n41-1,
shmem_mapped_unit_gib,0.0241,GiB,,,srv2,srv2@hosts.json-decl-2026-09-03,llamacpp,llamacpp:b10644-L3,Qwen3-Next-80B-A3B-Instruct-Q3_K_M.gguf,qwen3next,Q3_K_M,41,2,8192,512,mapped,f16,,n/a,,,,8.996,unrecorded,,/proc/meminfo Shmem steady,2026-09-09,records/measurements/flexibility-2026-09-09/results-arms-q10-80b.json,q10-80b-mapped-n41-1,
decode_tok_s,12.812,tok/s,,,srv2,srv2@hosts.json-decl-2026-09-03,llamacpp,llamacpp:b10644-L3,Qwen3-Next-80B-A3B-Instruct-Q3_K_M.gguf,qwen3next,Q3_K_M,41,2,8192,512,mapped,f16,,n/a,,,,8.996,unrecorded,"cold (first request, 1 sample)","llama.cpp /completion timings.predicted_per_second, n=160",2026-09-09,records/measurements/flexibility-2026-09-09/results-arms-q10-80b.json,q10-80b-mapped-n41-1,
decode_tok_s,26.8262,tok/s,,,srv2,srv2@hosts.json-decl-2026-09-03,llamacpp,llamacpp:b10644-L3,Qwen3-Next-80B-A3B-Instruct-Q3_K_M.gguf,qwen3next,Q3_K_M,41,2,8192,512,mapped,f16,,n/a,,,,8.996,unrecorded,warm (1 discarded + mean of 3),rig.decode_llamacpp_warm,2026-09-09,records/measurements/flexibility-2026-09-09/results-arms-q10-80b.json,q10-80b-mapped-n41-1,"samples=[26.82, 26.84, 26.82]"
restarts,0,count,,,srv2,srv2@hosts.json-decl-2026-09-03,llamacpp,llamacpp:b10644-L3,Qwen3-Next-80B-A3B-Instruct-Q3_K_M.gguf,qwen3next,Q3_K_M,41,2,8192,512,mapped,f16,,n/a,,,,8.996,unrecorded,,docker RestartCount,2026-09-09,records/measurements/flexibility-2026-09-09/results-arms-q10-80b.json,q10-80b-mapped-n41-1,
majfault_wake,5510,pages,,,srv2,srv2@hosts.json-decl-2026-09-03,llamacpp,llamacpp:b10644-L3,Qwen3-Next-80B-A3B-Instruct-Q3_K_M.gguf,qwen3next,Q3_K_M,41,2,8192,512,mapped,f16,,n/a,,,,8.996,unrecorded,,/proc/vmstat pgmajfault delta over wake,2026-09-09,records/measurements/flexibility-2026-09-09/results-arms-q10-80b.json,q10-80b-mapped-n41-1,
pswpout_wake,0,pages,,,srv2,srv2@hosts.json-decl-2026-09-03,llamacpp,llamacpp:b10644-L3,Qwen3-Next-80B-A3B-Instruct-Q3_K_M.gguf,qwen3next,Q3_K_M,41,2,8192,512,mapped,f16,,n/a,,,,8.996,unrecorded,,/proc/vmstat pswpout delta over wake,2026-09-09,records/measurements/flexibility-2026-09-09/results-arms-q10-80b.json,q10-80b-mapped-n41-1,
memavailable_drop_gib,1.1701,GiB,,,srv2,srv2@hosts.json-decl-2026-09-03,llamacpp,llamacpp:b10644-L3,Qwen3-Next-80B-A3B-Instruct-Q3_K_M.gguf,qwen3next,Q3_K_M,41,2,8192,512,mapped,f16,,n/a,,,,8.996,unrecorded,,MemAvailable before minus after (includes page cache),2026-09-09,records/measurements/flexibility-2026-09-09/results-arms-q10-80b.json,q10-80b-mapped-n41-1,
wake_s,102.5264,s,,,srv2,srv2@hosts.json-decl-2026-09-03,llamacpp,llamacpp:b10644-L3,Qwen3-Next-80B-A3B-Instruct-Q3_K_M.gguf,qwen3next,Q3_K_M,41,2,8192,512,mapped,f16,,n/a,,,,8.964,unrecorded,cold start,door-return minus StartedAt (rig.wake_from),2026-09-09,records/measurements/flexibility-2026-09-09/results-arms-q10-80b.json,q10-80b-mapped-n41-2,
card_steady_mib,7527,MiB,,,srv2,srv2@hosts.json-decl-2026-09-03,llamacpp,llamacpp:b10644-L3,Qwen3-Next-80B-A3B-Instruct-Q3_K_M.gguf,qwen3next,Q3_K_M,41,2,8192,512,mapped,f16,,n/a,,,,8.964,unrecorded,,nvidia-smi memory.used after load,2026-09-09,records/measurements/flexibility-2026-09-09/results-arms-q10-80b.json,q10-80b-mapped-n41-2,
card_peak_minus_steady_mib,-2,MiB,,,srv2,srv2@hosts.json-decl-2026-09-03,llamacpp,llamacpp:b10644-L3,Qwen3-Next-80B-A3B-Instruct-Q3_K_M.gguf,qwen3next,Q3_K_M,41,2,8192,512,mapped,f16,,n/a,,,,8.964,unrecorded,,1 Hz sampler peak minus steady,2026-09-09,records/measurements/flexibility-2026-09-09/results-arms-q10-80b.json,q10-80b-mapped-n41-2,
card_C_mib,2430.0,MiB,,,srv2,srv2@hosts.json-decl-2026-09-03,llamacpp,llamacpp:b10644-L3,Qwen3-Next-80B-A3B-Instruct-Q3_K_M.gguf,qwen3next,Q3_K_M,41,2,8192,512,mapped,f16,,n/a,,,,8.964,unrecorded,,net card minus vramfit.experts_on_card (headroom.py method),2026-09-09,records/measurements/flexibility-2026-09-09/results-arms-q10-80b.json,q10-80b-mapped-n41-2,
shmem_mapped_unit_gib,0.0241,GiB,,,srv2,srv2@hosts.json-decl-2026-09-03,llamacpp,llamacpp:b10644-L3,Qwen3-Next-80B-A3B-Instruct-Q3_K_M.gguf,qwen3next,Q3_K_M,41,2,8192,512,mapped,f16,,n/a,,,,8.964,unrecorded,,/proc/meminfo Shmem steady,2026-09-09,records/measurements/flexibility-2026-09-09/results-arms-q10-80b.json,q10-80b-mapped-n41-2,
decode_tok_s,12.8559,tok/s,,,srv2,srv2@hosts.json-decl-2026-09-03,llamacpp,llamacpp:b10644-L3,Qwen3-Next-80B-A3B-Instruct-Q3_K_M.gguf,qwen3next,Q3_K_M,41,2,8192,512,mapped,f16,,n/a,,,,8.964,unrecorded,"cold (first request, 1 sample)","llama.cpp /completion timings.predicted_per_second, n=160",2026-09-09,records/measurements/flexibility-2026-09-09/results-arms-q10-80b.json,q10-80b-mapped-n41-2,
decode_tok_s,26.5159,tok/s,,,srv2,srv2@hosts.json-decl-2026-09-03,llamacpp,llamacpp:b10644-L3,Qwen3-Next-80B-A3B-Instruct-Q3_K_M.gguf,qwen3next,Q3_K_M,41,2,8192,512,mapped,f16,,n/a,,,,8.964,unrecorded,warm (1 discarded + mean of 3),rig.decode_llamacpp_warm,2026-09-09,records/measurements/flexibility-2026-09-09/results-arms-q10-80b.json,q10-80b-mapped-n41-2,"samples=[26.53, 26.51, 26.51]"
restarts,0,count,,,srv2,srv2@hosts.json-decl-2026-09-03,llamacpp,llamacpp:b10644-L3,Qwen3-Next-80B-A3B-Instruct-Q3_K_M.gguf,qwen3next,Q3_K_M,41,2,8192,512,mapped,f16,,n/a,,,,8.964,unrecorded,,docker RestartCount,2026-09-09,records/measurements/flexibility-2026-09-09/results-arms-q10-80b.json,q10-80b-mapped-n41-2,
majfault_wake,5356,pages,,,srv2,srv2@hosts.json-decl-2026-09-03,llamacpp,llamacpp:b10644-L3,Qwen3-Next-80B-A3B-Instruct-Q3_K_M.gguf,qwen3next,Q3_K_M,41,2,8192,512,mapped,f16,,n/a,,,,8.964,unrecorded,,/proc/vmstat pgmajfault delta over wake,2026-09-09,records/measurements/flexibility-2026-09-09/results-arms-q10-80b.json,q10-80b-mapped-n41-2,
pswpout_wake,0,pages,,,srv2,srv2@hosts.json-decl-2026-09-03,llamacpp,llamacpp:b10644-L3,Qwen3-Next-80B-A3B-Instruct-Q3_K_M.gguf,qwen3next,Q3_K_M,41,2,8192,512,mapped,f16,,n/a,,,,8.964,unrecorded,,/proc/vmstat pswpout delta over wake,2026-09-09,records/measurements/flexibility-2026-09-09/results-arms-q10-80b.json,q10-80b-mapped-n41-2,
memavailable_drop_gib,1.1287,GiB,,,srv2,srv2@hosts.json-decl-2026-09-03,llamacpp,llamacpp:b10644-L3,Qwen3-Next-80B-A3B-Instruct-Q3_K_M.gguf,qwen3next,Q3_K_M,41,2,8192,512,mapped,f16,,n/a,,,,8.964,unrecorded,,MemAvailable before minus after (includes page cache),2026-09-09,records/measurements/flexibility-2026-09-09/results-arms-q10-80b.json,q10-80b-mapped-n41-2,
wake_s,82.8388,s,,,srv2,srv2@hosts.json-decl-2026-09-03,llamacpp,llamacpp:b10644-L3,Qwen3.6-35B-A3B-UD-IQ3_XXS.gguf,qwen35moe,UD-IQ3_XXS,7,2,8192,512,mapped,f16,,n/a,,,,32.369,unrecorded,cold start,door-return minus StartedAt (rig.wake_from),2026-09-09,records/measurements/flexibility-2026-09-09/results-q13-srv2.json,q13-qwen36-n7-1,
card_steady_mib,11015,MiB,,,srv2,srv2@hosts.json-decl-2026-09-03,llamacpp,llamacpp:b10644-L3,Qwen3.6-35B-A3B-UD-IQ3_XXS.gguf,qwen35moe,UD-IQ3_XXS,7,2,8192,512,mapped,f16,,n/a,,,,32.369,unrecorded,,nvidia-smi memory.used after load,2026-09-09,records/measurements/flexibility-2026-09-09/results-q13-srv2.json,q13-qwen36-n7-1,
card_peak_minus_steady_mib,-14,MiB,,,srv2,srv2@hosts.json-decl-2026-09-03,llamacpp,llamacpp:b10644-L3,Qwen3.6-35B-A3B-UD-IQ3_XXS.gguf,qwen35moe,UD-IQ3_XXS,7,2,8192,512,mapped,f16,,n/a,,,,32.369,unrecorded,,1 Hz sampler peak minus steady,2026-09-09,records/measurements/flexibility-2026-09-09/results-q13-srv2.json,q13-qwen36-n7-1,
card_C_mib,2254.0,MiB,,,srv2,srv2@hosts.json-decl-2026-09-03,llamacpp,llamacpp:b10644-L3,Qwen3.6-35B-A3B-UD-IQ3_XXS.gguf,qwen35moe,UD-IQ3_XXS,7,2,8192,512,mapped,f16,,n/a,,,,32.369,unrecorded,,net card minus vramfit.experts_on_card (headroom.py method),2026-09-09,records/measurements/flexibility-2026-09-09/results-q13-srv2.json,q13-qwen36-n7-1,
shmem_mapped_unit_gib,0.024,GiB,,,srv2,srv2@hosts.json-decl-2026-09-03,llamacpp,llamacpp:b10644-L3,Qwen3.6-35B-A3B-UD-IQ3_XXS.gguf,qwen35moe,UD-IQ3_XXS,7,2,8192,512,mapped,f16,,n/a,,,,32.369,unrecorded,,/proc/meminfo Shmem steady,2026-09-09,records/measurements/flexibility-2026-09-09/results-q13-srv2.json,q13-qwen36-n7-1,
decode_tok_s,17.6524,tok/s,,,srv2,srv2@hosts.json-decl-2026-09-03,llamacpp,llamacpp:b10644-L3,Qwen3.6-35B-A3B-UD-IQ3_XXS.gguf,qwen35moe,UD-IQ3_XXS,7,2,8192,512,mapped,f16,,n/a,,,,32.369,unrecorded,"cold (first request, 1 sample)","llama.cpp /completion timings.predicted_per_second, n=160",2026-09-09,records/measurements/flexibility-2026-09-09/results-q13-srv2.json,q13-qwen36-n7-1,
decode_tok_s,62.0181,tok/s,,,srv2,srv2@hosts.json-decl-2026-09-03,llamacpp,llamacpp:b10644-L3,Qwen3.6-35B-A3B-UD-IQ3_XXS.gguf,qwen35moe,UD-IQ3_XXS,7,2,8192,512,mapped,f16,,n/a,,,,32.369,unrecorded,warm (1 discarded + mean of 3),rig.decode_llamacpp_warm,2026-09-09,records/measurements/flexibility-2026-09-09/results-q13-srv2.json,q13-qwen36-n7-1,"samples=[62.11, 61.99, 61.96]"
restarts,0,count,,,srv2,srv2@hosts.json-decl-2026-09-03,llamacpp,llamacpp:b10644-L3,Qwen3.6-35B-A3B-UD-IQ3_XXS.gguf,qwen35moe,UD-IQ3_XXS,7,2,8192,512,mapped,f16,,n/a,,,,32.369,unrecorded,,docker RestartCount,2026-09-09,records/measurements/flexibility-2026-09-09/results-q13-srv2.json,q13-qwen36-n7-1,
majfault_wake,5484,pages,,,srv2,srv2@hosts.json-decl-2026-09-03,llamacpp,llamacpp:b10644-L3,Qwen3.6-35B-A3B-UD-IQ3_XXS.gguf,qwen35moe,UD-IQ3_XXS,7,2,8192,512,mapped,f16,,n/a,,,,32.369,unrecorded,,/proc/vmstat pgmajfault delta over wake,2026-09-09,records/measurements/flexibility-2026-09-09/results-q13-srv2.json,q13-qwen36-n7-1,
pswpout_wake,0,pages,,,srv2,srv2@hosts.json-decl-2026-09-03,llamacpp,llamacpp:b10644-L3,Qwen3.6-35B-A3B-UD-IQ3_XXS.gguf,qwen35moe,UD-IQ3_XXS,7,2,8192,512,mapped,f16,,n/a,,,,32.369,unrecorded,,/proc/vmstat pswpout delta over wake,2026-09-09,records/measurements/flexibility-2026-09-09/results-q13-srv2.json,q13-qwen36-n7-1,
memavailable_drop_gib,0.9891,GiB,,,srv2,srv2@hosts.json-decl-2026-09-03,llamacpp,llamacpp:b10644-L3,Qwen3.6-35B-A3B-UD-IQ3_XXS.gguf,qwen35moe,UD-IQ3_XXS,7,2,8192,512,mapped,f16,,n/a,,,,32.369,unrecorded,,MemAvailable before minus after (includes page cache),2026-09-09,records/measurements/flexibility-2026-09-09/results-q13-srv2.json,q13-qwen36-n7-1,
wake_s,84.3734,s,,,srv2,srv2@hosts.json-decl-2026-09-03,llamacpp,llamacpp:b10644-L3,Qwen3.6-35B-A3B-UD-IQ3_XXS.gguf,qwen35moe,UD-IQ3_XXS,7,2,8192,512,mapped,f16,,n/a,,,,32.377,unrecorded,cold start,door-return minus StartedAt (rig.wake_from),2026-09-09,records/measurements/flexibility-2026-09-09/results-q13-srv2.json,q13-qwen36-n7-2,
card_steady_mib,11015,MiB,,,srv2,srv2@hosts.json-decl-2026-09-03,llamacpp,llamacpp:b10644-L3,Qwen3.6-35B-A3B-UD-IQ3_XXS.gguf,qwen35moe,UD-IQ3_XXS,7,2,8192,512,mapped,f16,,n/a,,,,32.377,unrecorded,,nvidia-smi memory.used after load,2026-09-09,records/measurements/flexibility-2026-09-09/results-q13-srv2.json,q13-qwen36-n7-2,
card_peak_minus_steady_mib,-14,MiB,,,srv2,srv2@hosts.json-decl-2026-09-03,llamacpp,llamacpp:b10644-L3,Qwen3.6-35B-A3B-UD-IQ3_XXS.gguf,qwen35moe,UD-IQ3_XXS,7,2,8192,512,mapped,f16,,n/a,,,,32.377,unrecorded,,1 Hz sampler peak minus steady,2026-09-09,records/measurements/flexibility-2026-09-09/results-q13-srv2.json,q13-qwen36-n7-2,
card_C_mib,2254.0,MiB,,,srv2,srv2@hosts.json-decl-2026-09-03,llamacpp,llamacpp:b10644-L3,Qwen3.6-35B-A3B-UD-IQ3_XXS.gguf,qwen35moe,UD-IQ3_XXS,7,2,8192,512,mapped,f16,,n/a,,,,32.377,unrecorded,,net card minus vramfit.experts_on_card (headroom.py method),2026-09-09,records/measurements/flexibility-2026-09-09/results-q13-srv2.json,q13-qwen36-n7-2,
shmem_mapped_unit_gib,0.0241,GiB,,,srv2,srv2@hosts.json-decl-2026-09-03,llamacpp,llamacpp:b10644-L3,Qwen3.6-35B-A3B-UD-IQ3_XXS.gguf,qwen35moe,UD-IQ3_XXS,7,2,8192,512,mapped,f16,,n/a,,,,32.377,unrecorded,,/proc/meminfo Shmem steady,2026-09-09,records/measurements/flexibility-2026-09-09/results-q13-srv2.json,q13-qwen36-n7-2,
decode_tok_s,17.7165,tok/s,,,srv2,srv2@hosts.json-decl-2026-09-03,llamacpp,llamacpp:b10644-L3,Qwen3.6-35B-A3B-UD-IQ3_XXS.gguf,qwen35moe,UD-IQ3_XXS,7,2,8192,512,mapped,f16,,n/a,,,,32.377,unrecorded,"cold (first request, 1 sample)","llama.cpp /completion timings.predicted_per_second, n=160",2026-09-09,records/measurements/flexibility-2026-09-09/results-q13-srv2.json,q13-qwen36-n7-2,
decode_tok_s,62.6808,tok/s,,,srv2,srv2@hosts.json-decl-2026-09-03,llamacpp,llamacpp:b10644-L3,Qwen3.6-35B-A3B-UD-IQ3_XXS.gguf,qwen35moe,UD-IQ3_XXS,7,2,8192,512,mapped,f16,,n/a,,,,32.377,unrecorded,warm (1 discarded + mean of 3),rig.decode_llamacpp_warm,2026-09-09,records/measurements/flexibility-2026-09-09/results-q13-srv2.json,q13-qwen36-n7-2,"samples=[62.8, 62.72, 62.53]"
restarts,0,count,,,srv2,srv2@hosts.json-decl-2026-09-03,llamacpp,llamacpp:b10644-L3,Qwen3.6-35B-A3B-UD-IQ3_XXS.gguf,qwen35moe,UD-IQ3_XXS,7,2,8192,512,mapped,f16,,n/a,,,,32.377,unrecorded,,docker RestartCount,2026-09-09,records/measurements/flexibility-2026-09-09/results-q13-srv2.json,q13-qwen36-n7-2,
majfault_wake,5908,pages,,,srv2,srv2@hosts.json-decl-2026-09-03,llamacpp,llamacpp:b10644-L3,Qwen3.6-35B-A3B-UD-IQ3_XXS.gguf,qwen35moe,UD-IQ3_XXS,7,2,8192,512,mapped,f16,,n/a,,,,32.377,unrecorded,,/proc/vmstat pgmajfault delta over wake,2026-09-09,records/measurements/flexibility-2026-09-09/results-q13-srv2.json,q13-qwen36-n7-2,
pswpout_wake,0,pages,,,srv2,srv2@hosts.json-decl-2026-09-03,llamacpp,llamacpp:b10644-L3,Qwen3.6-35B-A3B-UD-IQ3_XXS.gguf,qwen35moe,UD-IQ3_XXS,7,2,8192,512,mapped,f16,,n/a,,,,32.377,unrecorded,,/proc/vmstat pswpout delta over wake,2026-09-09,records/measurements/flexibility-2026-09-09/results-q13-srv2.json,q13-qwen36-n7-2,
memavailable_drop_gib,1.0308,GiB,,,srv2,srv2@hosts.json-decl-2026-09-03,llamacpp,llamacpp:b10644-L3,Qwen3.6-35B-A3B-UD-IQ3_XXS.gguf,qwen35moe,UD-IQ3_XXS,7,2,8192,512,mapped,f16,,n/a,,,,32.377,unrecorded,,MemAvailable before minus after (includes page cache),2026-09-09,records/measurements/flexibility-2026-09-09/results-q13-srv2.json,q13-qwen36-n7-2,
wake_s,84.3374,s,,,srv2,srv2@hosts.json-decl-2026-09-03,llamacpp,llamacpp:b10644-L3,Qwen3.6-35B-A3B-UD-IQ3_XXS.gguf,qwen35moe,UD-IQ3_XXS,20,2,8192,512,mapped,f16,,n/a,,,,32.365,unrecorded,cold start,door-return minus StartedAt (rig.wake_from),2026-09-09,records/measurements/flexibility-2026-09-09/results-q13-srv2.json,q13-qwen36-n20-1,
card_steady_mib,7611,MiB,,,srv2,srv2@hosts.json-decl-2026-09-03,llamacpp,llamacpp:b10644-L3,Qwen3.6-35B-A3B-UD-IQ3_XXS.gguf,qwen35moe,UD-IQ3_XXS,20,2,8192,512,mapped,f16,,n/a,,,,32.365,unrecorded,,nvidia-smi memory.used after load,2026-09-09,records/measurements/flexibility-2026-09-09/results-q13-srv2.json,q13-qwen36-n20-1,
card_peak_minus_steady_mib,-14,MiB,,,srv2,srv2@hosts.json-decl-2026-09-03,llamacpp,llamacpp:b10644-L3,Qwen3.6-35B-A3B-UD-IQ3_XXS.gguf,qwen35moe,UD-IQ3_XXS,20,2,8192,512,mapped,f16,,n/a,,,,32.365,unrecorded,,1 Hz sampler peak minus steady,2026-09-09,records/measurements/flexibility-2026-09-09/results-q13-srv2.json,q13-qwen36-n20-1,
card_C_mib,2256.0,MiB,,,srv2,srv2@hosts.json-decl-2026-09-03,llamacpp,llamacpp:b10644-L3,Qwen3.6-35B-A3B-UD-IQ3_XXS.gguf,qwen35moe,UD-IQ3_XXS,20,2,8192,512,mapped,f16,,n/a,,,,32.365,unrecorded,,net card minus vramfit.experts_on_card (headroom.py method),2026-09-09,records/measurements/flexibility-2026-09-09/results-q13-srv2.json,q13-qwen36-n20-1,
shmem_mapped_unit_gib,0.0241,GiB,,,srv2,srv2@hosts.json-decl-2026-09-03,llamacpp,llamacpp:b10644-L3,Qwen3.6-35B-A3B-UD-IQ3_XXS.gguf,qwen35moe,UD-IQ3_XXS,20,2,8192,512,mapped,f16,,n/a,,,,32.365,unrecorded,,/proc/meminfo Shmem steady,2026-09-09,records/measurements/flexibility-2026-09-09/results-q13-srv2.json,q13-qwen36-n20-1,
decode_tok_s,15.8961,tok/s,,,srv2,srv2@hosts.json-decl-2026-09-03,llamacpp,llamacpp:b10644-L3,Qwen3.6-35B-A3B-UD-IQ3_XXS.gguf,qwen35moe,UD-IQ3_XXS,20,2,8192,512,mapped,f16,,n/a,,,,32.365,unrecorded,"cold (first request, 1 sample)","llama.cpp /completion timings.predicted_per_second, n=160",2026-09-09,records/measurements/flexibility-2026-09-09/results-q13-srv2.json,q13-qwen36-n20-1,
decode_tok_s,44.5048,tok/s,,,srv2,srv2@hosts.json-decl-2026-09-03,llamacpp,llamacpp:b10644-L3,Qwen3.6-35B-A3B-UD-IQ3_XXS.gguf,qwen35moe,UD-IQ3_XXS,20,2,8192,512,mapped,f16,,n/a,,,,32.365,unrecorded,warm (1 discarded + mean of 3),rig.decode_llamacpp_warm,2026-09-09,records/measurements/flexibility-2026-09-09/results-q13-srv2.json,q13-qwen36-n20-1,"samples=[44.42, 44.59, 44.5]"
restarts,0,count,,,srv2,srv2@hosts.json-decl-2026-09-03,llamacpp,llamacpp:b10644-L3,Qwen3.6-35B-A3B-UD-IQ3_XXS.gguf,qwen35moe,UD-IQ3_XXS,20,2,8192,512,mapped,f16,,n/a,,,,32.365,unrecorded,,docker RestartCount,2026-09-09,records/measurements/flexibility-2026-09-09/results-q13-srv2.json,q13-qwen36-n20-1,
majfault_wake,5724,pages,,,srv2,srv2@hosts.json-decl-2026-09-03,llamacpp,llamacpp:b10644-L3,Qwen3.6-35B-A3B-UD-IQ3_XXS.gguf,qwen35moe,UD-IQ3_XXS,20,2,8192,512,mapped,f16,,n/a,,,,32.365,unrecorded,,/proc/vmstat pgmajfault delta over wake,2026-09-09,records/measurements/flexibility-2026-09-09/results-q13-srv2.json,q13-qwen36-n20-1,
pswpout_wake,0,pages,,,srv2,srv2@hosts.json-decl-2026-09-03,llamacpp,llamacpp:b10644-L3,Qwen3.6-35B-A3B-UD-IQ3_XXS.gguf,qwen35moe,UD-IQ3_XXS,20,2,8192,512,mapped,f16,,n/a,,,,32.365,unrecorded,,/proc/vmstat pswpout delta over wake,2026-09-09,records/measurements/flexibility-2026-09-09/results-q13-srv2.json,q13-qwen36-n20-1,
memavailable_drop_gib,1.0005,GiB,,,srv2,srv2@hosts.json-decl-2026-09-03,llamacpp,llamacpp:b10644-L3,Qwen3.6-35B-A3B-UD-IQ3_XXS.gguf,qwen35moe,UD-IQ3_XXS,20,2,8192,512,mapped,f16,,n/a,,,,32.365,unrecorded,,MemAvailable before minus after (includes page cache),2026-09-09,records/measurements/flexibility-2026-09-09/results-q13-srv2.json,q13-qwen36-n20-1,
wake_s,80.5139,s,,,srv2,srv2@hosts.json-decl-2026-09-03,llamacpp,llamacpp:b10644-L3,Qwen3.6-35B-A3B-UD-IQ3_XXS.gguf,qwen35moe,UD-IQ3_XXS,20,2,8192,512,mapped,f16,,n/a,,,,32.365,unrecorded,cold start,door-return minus StartedAt (rig.wake_from),2026-09-09,records/measurements/flexibility-2026-09-09/results-q13-srv2.json,q13-qwen36-n20-2,
card_steady_mib,7611,MiB,,,srv2,srv2@hosts.json-decl-2026-09-03,llamacpp,llamacpp:b10644-L3,Qwen3.6-35B-A3B-UD-IQ3_XXS.gguf,qwen35moe,UD-IQ3_XXS,20,2,8192,512,mapped,f16,,n/a,,,,32.365,unrecorded,,nvidia-smi memory.used after load,2026-09-09,records/measurements/flexibility-2026-09-09/results-q13-srv2.json,q13-qwen36-n20-2,
card_peak_minus_steady_mib,-14,MiB,,,srv2,srv2@hosts.json-decl-2026-09-03,llamacpp,llamacpp:b10644-L3,Qwen3.6-35B-A3B-UD-IQ3_XXS.gguf,qwen35moe,UD-IQ3_XXS,20,2,8192,512,mapped,f16,,n/a,,,,32.365,unrecorded,,1 Hz sampler peak minus steady,2026-09-09,records/measurements/flexibility-2026-09-09/results-q13-srv2.json,q13-qwen36-n20-2,
card_C_mib,2256.0,MiB,,,srv2,srv2@hosts.json-decl-2026-09-03,llamacpp,llamacpp:b10644-L3,Qwen3.6-35B-A3B-UD-IQ3_XXS.gguf,qwen35moe,UD-IQ3_XXS,20,2,8192,512,mapped,f16,,n/a,,,,32.365,unrecorded,,net card minus vramfit.experts_on_card (headroom.py method),2026-09-09,records/measurements/flexibility-2026-09-09/results-q13-srv2.json,q13-qwen36-n20-2,
shmem_mapped_unit_gib,0.0241,GiB,,,srv2,srv2@hosts.json-decl-2026-09-03,llamacpp,llamacpp:b10644-L3,Qwen3.6-35B-A3B-UD-IQ3_XXS.gguf,qwen35moe,UD-IQ3_XXS,20,2,8192,512,mapped,f16,,n/a,,,,32.365,unrecorded,,/proc/meminfo Shmem steady,2026-09-09,records/measurements/flexibility-2026-09-09/results-q13-srv2.json,q13-qwen36-n20-2,
decode_tok_s,16.2599,tok/s,,,srv2,srv2@hosts.json-decl-2026-09-03,llamacpp,llamacpp:b10644-L3,Qwen3.6-35B-A3B-UD-IQ3_XXS.gguf,qwen35moe,UD-IQ3_XXS,20,2,8192,512,mapped,f16,,n/a,,,,32.365,unrecorded,"cold (first request, 1 sample)","llama.cpp /completion timings.predicted_per_second, n=160",2026-09-09,records/measurements/flexibility-2026-09-09/results-q13-srv2.json,q13-qwen36-n20-2,
decode_tok_s,48.0775,tok/s,,,srv2,srv2@hosts.json-decl-2026-09-03,llamacpp,llamacpp:b10644-L3,Qwen3.6-35B-A3B-UD-IQ3_XXS.gguf,qwen35moe,UD-IQ3_XXS,20,2,8192,512,mapped,f16,,n/a,,,,32.365,unrecorded,warm (1 discarded + mean of 3),rig.decode_llamacpp_warm,2026-09-09,records/measurements/flexibility-2026-09-09/results-q13-srv2.json,q13-qwen36-n20-2,"samples=[48.09, 48.13, 48.01]"
restarts,0,count,,,srv2,srv2@hosts.json-decl-2026-09-03,llamacpp,llamacpp:b10644-L3,Qwen3.6-35B-A3B-UD-IQ3_XXS.gguf,qwen35moe,UD-IQ3_XXS,20,2,8192,512,mapped,f16,,n/a,,,,32.365,unrecorded,,docker RestartCount,2026-09-09,records/measurements/flexibility-2026-09-09/results-q13-srv2.json,q13-qwen36-n20-2,
majfault_wake,5474,pages,,,srv2,srv2@hosts.json-decl-2026-09-03,llamacpp,llamacpp:b10644-L3,Qwen3.6-35B-A3B-UD-IQ3_XXS.gguf,qwen35moe,UD-IQ3_XXS,20,2,8192,512,mapped,f16,,n/a,,,,32.365,unrecorded,,/proc/vmstat pgmajfault delta over wake,2026-09-09,records/measurements/flexibility-2026-09-09/results-q13-srv2.json,q13-qwen36-n20-2,
pswpout_wake,0,pages,,,srv2,srv2@hosts.json-decl-2026-09-03,llamacpp,llamacpp:b10644-L3,Qwen3.6-35B-A3B-UD-IQ3_XXS.gguf,qwen35moe,UD-IQ3_XXS,20,2,8192,512,mapped,f16,,n/a,,,,32.365,unrecorded,,/proc/vmstat pswpout delta over wake,2026-09-09,records/measurements/flexibility-2026-09-09/results-q13-srv2.json,q13-qwen36-n20-2,
memavailable_drop_gib,1.0156,GiB,,,srv2,srv2@hosts.json-decl-2026-09-03,llamacpp,llamacpp:b10644-L3,Qwen3.6-35B-A3B-UD-IQ3_XXS.gguf,qwen35moe,UD-IQ3_XXS,20,2,8192,512,mapped,f16,,n/a,,,,32.365,unrecorded,,MemAvailable before minus after (includes page cache),2026-09-09,records/measurements/flexibility-2026-09-09/results-q13-srv2.json,q13-qwen36-n20-2,
wake_s,80.7807,s,,,srv2,srv2@hosts.json-decl-2026-09-03,llamacpp,llamacpp:b10644-L3,Qwen3.6-35B-A3B-UD-IQ3_XXS.gguf,qwen35moe,UD-IQ3_XXS,40,2,8192,512,mapped,f16,,n/a,,,,32.376,unrecorded,cold start,door-return minus StartedAt (rig.wake_from),2026-09-09,records/measurements/flexibility-2026-09-09/results-q13-srv2.json,q13-qwen36-n40-1,
card_steady_mib,2293,MiB,,,srv2,srv2@hosts.json-decl-2026-09-03,llamacpp,llamacpp:b10644-L3,Qwen3.6-35B-A3B-UD-IQ3_XXS.gguf,qwen35moe,UD-IQ3_XXS,40,2,8192,512,mapped,f16,,n/a,,,,32.376,unrecorded,,nvidia-smi memory.used after load,2026-09-09,records/measurements/flexibility-2026-09-09/results-q13-srv2.json,q13-qwen36-n40-1,
card_peak_minus_steady_mib,-14,MiB,,,srv2,srv2@hosts.json-decl-2026-09-03,llamacpp,llamacpp:b10644-L3,Qwen3.6-35B-A3B-UD-IQ3_XXS.gguf,qwen35moe,UD-IQ3_XXS,40,2,8192,512,mapped,f16,,n/a,,,,32.376,unrecorded,,1 Hz sampler peak minus steady,2026-09-09,records/measurements/flexibility-2026-09-09/results-q13-srv2.json,q13-qwen36-n40-1,
card_C_mib,2292.0,MiB,,,srv2,srv2@hosts.json-decl-2026-09-03,llamacpp,llamacpp:b10644-L3,Qwen3.6-35B-A3B-UD-IQ3_XXS.gguf,qwen35moe,UD-IQ3_XXS,40,2,8192,512,mapped,f16,,n/a,,,,32.376,unrecorded,,net card minus vramfit.experts_on_card (headroom.py method),2026-09-09,records/measurements/flexibility-2026-09-09/results-q13-srv2.json,q13-qwen36-n40-1,
shmem_mapped_unit_gib,0.0241,GiB,,,srv2,srv2@hosts.json-decl-2026-09-03,llamacpp,llamacpp:b10644-L3,Qwen3.6-35B-A3B-UD-IQ3_XXS.gguf,qwen35moe,UD-IQ3_XXS,40,2,8192,512,mapped,f16,,n/a,,,,32.376,unrecorded,,/proc/meminfo Shmem steady,2026-09-09,records/measurements/flexibility-2026-09-09/results-q13-srv2.json,q13-qwen36-n40-1,
decode_tok_s,13.7359,tok/s,,,srv2,srv2@hosts.json-decl-2026-09-03,llamacpp,llamacpp:b10644-L3,Qwen3.6-35B-A3B-UD-IQ3_XXS.gguf,qwen35moe,UD-IQ3_XXS,40,2,8192,512,mapped,f16,,n/a,,,,32.376,unrecorded,"cold (first request, 1 sample)","llama.cpp /completion timings.predicted_per_second, n=160",2026-09-09,records/measurements/flexibility-2026-09-09/results-q13-srv2.json,q13-qwen36-n40-1,
decode_tok_s,30.4306,tok/s,,,srv2,srv2@hosts.json-decl-2026-09-03,llamacpp,llamacpp:b10644-L3,Qwen3.6-35B-A3B-UD-IQ3_XXS.gguf,qwen35moe,UD-IQ3_XXS,40,2,8192,512,mapped,f16,,n/a,,,,32.376,unrecorded,warm (1 discarded + mean of 3),rig.decode_llamacpp_warm,2026-09-09,records/measurements/flexibility-2026-09-09/results-q13-srv2.json,q13-qwen36-n40-1,"samples=[30.57, 30.32, 30.4]"
restarts,0,count,,,srv2,srv2@hosts.json-decl-2026-09-03,llamacpp,llamacpp:b10644-L3,Qwen3.6-35B-A3B-UD-IQ3_XXS.gguf,qwen35moe,UD-IQ3_XXS,40,2,8192,512,mapped,f16,,n/a,,,,32.376,unrecorded,,docker RestartCount,2026-09-09,records/measurements/flexibility-2026-09-09/results-q13-srv2.json,q13-qwen36-n40-1,
majfault_wake,5465,pages,,,srv2,srv2@hosts.json-decl-2026-09-03,llamacpp,llamacpp:b10644-L3,Qwen3.6-35B-A3B-UD-IQ3_XXS.gguf,qwen35moe,UD-IQ3_XXS,40,2,8192,512,mapped,f16,,n/a,,,,32.376,unrecorded,,/proc/vmstat pgmajfault delta over wake,2026-09-09,records/measurements/flexibility-2026-09-09/results-q13-srv2.json,q13-qwen36-n40-1,
pswpout_wake,0,pages,,,srv2,srv2@hosts.json-decl-2026-09-03,llamacpp,llamacpp:b10644-L3,Qwen3.6-35B-A3B-UD-IQ3_XXS.gguf,qwen35moe,UD-IQ3_XXS,40,2,8192,512,mapped,f16,,n/a,,,,32.376,unrecorded,,/proc/vmstat pswpout delta over wake,2026-09-09,records/measurements/flexibility-2026-09-09/results-q13-srv2.json,q13-qwen36-n40-1,
memavailable_drop_gib,0.9986,GiB,,,srv2,srv2@hosts.json-decl-2026-09-03,llamacpp,llamacpp:b10644-L3,Qwen3.6-35B-A3B-UD-IQ3_XXS.gguf,qwen35moe,UD-IQ3_XXS,40,2,8192,512,mapped,f16,,n/a,,,,32.376,unrecorded,,MemAvailable before minus after (includes page cache),2026-09-09,records/measurements/flexibility-2026-09-09/results-q13-srv2.json,q13-qwen36-n40-1,
wake_s,80.4165,s,,,srv2,srv2@hosts.json-decl-2026-09-03,llamacpp,llamacpp:b10644-L3,Qwen3.6-35B-A3B-UD-IQ3_XXS.gguf,qwen35moe,UD-IQ3_XXS,40,2,8192,512,mapped,f16,,n/a,,,,32.377,unrecorded,cold start,door-return minus StartedAt (rig.wake_from),2026-09-09,records/measurements/flexibility-2026-09-09/results-q13-srv2.json,q13-qwen36-n40-2,
card_steady_mib,2293,MiB,,,srv2,srv2@hosts.json-decl-2026-09-03,llamacpp,llamacpp:b10644-L3,Qwen3.6-35B-A3B-UD-IQ3_XXS.gguf,qwen35moe,UD-IQ3_XXS,40,2,8192,512,mapped,f16,,n/a,,,,32.377,unrecorded,,nvidia-smi memory.used after load,2026-09-09,records/measurements/flexibility-2026-09-09/results-q13-srv2.json,q13-qwen36-n40-2,
card_peak_minus_steady_mib,-14,MiB,,,srv2,srv2@hosts.json-decl-2026-09-03,llamacpp,llamacpp:b10644-L3,Qwen3.6-35B-A3B-UD-IQ3_XXS.gguf,qwen35moe,UD-IQ3_XXS,40,2,8192,512,mapped,f16,,n/a,,,,32.377,unrecorded,,1 Hz sampler peak minus steady,2026-09-09,records/measurements/flexibility-2026-09-09/results-q13-srv2.json,q13-qwen36-n40-2,
card_C_mib,2292.0,MiB,,,srv2,srv2@hosts.json-decl-2026-09-03,llamacpp,llamacpp:b10644-L3,Qwen3.6-35B-A3B-UD-IQ3_XXS.gguf,qwen35moe,UD-IQ3_XXS,40,2,8192,512,mapped,f16,,n/a,,,,32.377,unrecorded,,net card minus vramfit.experts_on_card (headroom.py method),2026-09-09,records/measurements/flexibility-2026-09-09/results-q13-srv2.json,q13-qwen36-n40-2,
shmem_mapped_unit_gib,0.0241,GiB,,,srv2,srv2@hosts.json-decl-2026-09-03,llamacpp,llamacpp:b10644-L3,Qwen3.6-35B-A3B-UD-IQ3_XXS.gguf,qwen35moe,UD-IQ3_XXS,40,2,8192,512,mapped,f16,,n/a,,,,32.377,unrecorded,,/proc/meminfo Shmem steady,2026-09-09,records/measurements/flexibility-2026-09-09/results-q13-srv2.json,q13-qwen36-n40-2,
decode_tok_s,13.4816,tok/s,,,srv2,srv2@hosts.json-decl-2026-09-03,llamacpp,llamacpp:b10644-L3,Qwen3.6-35B-A3B-UD-IQ3_XXS.gguf,qwen35moe,UD-IQ3_XXS,40,2,8192,512,mapped,f16,,n/a,,,,32.377,unrecorded,"cold (first request, 1 sample)","llama.cpp /completion timings.predicted_per_second, n=160",2026-09-09,records/measurements/flexibility-2026-09-09/results-q13-srv2.json,q13-qwen36-n40-2,
decode_tok_s,30.0416,tok/s,,,srv2,srv2@hosts.json-decl-2026-09-03,llamacpp,llamacpp:b10644-L3,Qwen3.6-35B-A3B-UD-IQ3_XXS.gguf,qwen35moe,UD-IQ3_XXS,40,2,8192,512,mapped,f16,,n/a,,,,32.377,unrecorded,warm (1 discarded + mean of 3),rig.decode_llamacpp_warm,2026-09-09,records/measurements/flexibility-2026-09-09/results-q13-srv2.json,q13-qwen36-n40-2,"samples=[29.97, 30.06, 30.1]"
restarts,0,count,,,srv2,srv2@hosts.json-decl-2026-09-03,llamacpp,llamacpp:b10644-L3,Qwen3.6-35B-A3B-UD-IQ3_XXS.gguf,qwen35moe,UD-IQ3_XXS,40,2,8192,512,mapped,f16,,n/a,,,,32.377,unrecorded,,docker RestartCount,2026-09-09,records/measurements/flexibility-2026-09-09/results-q13-srv2.json,q13-qwen36-n40-2,
majfault_wake,5473,pages,,,srv2,srv2@hosts.json-decl-2026-09-03,llamacpp,llamacpp:b10644-L3,Qwen3.6-35B-A3B-UD-IQ3_XXS.gguf,qwen35moe,UD-IQ3_XXS,40,2,8192,512,mapped,f16,,n/a,,,,32.377,unrecorded,,/proc/vmstat pgmajfault delta over wake,2026-09-09,records/measurements/flexibility-2026-09-09/results-q13-srv2.json,q13-qwen36-n40-2,
pswpout_wake,0,pages,,,srv2,srv2@hosts.json-decl-2026-09-03,llamacpp,llamacpp:b10644-L3,Qwen3.6-35B-A3B-UD-IQ3_XXS.gguf,qwen35moe,UD-IQ3_XXS,40,2,8192,512,mapped,f16,,n/a,,,,32.377,unrecorded,,/proc/vmstat pswpout delta over wake,2026-09-09,records/measurements/flexibility-2026-09-09/results-q13-srv2.json,q13-qwen36-n40-2,
memavailable_drop_gib,0.9989,GiB,,,srv2,srv2@hosts.json-decl-2026-09-03,llamacpp,llamacpp:b10644-L3,Qwen3.6-35B-A3B-UD-IQ3_XXS.gguf,qwen35moe,UD-IQ3_XXS,40,2,8192,512,mapped,f16,,n/a,,,,32.377,unrecorded,,MemAvailable before minus after (includes page cache),2026-09-09,records/measurements/flexibility-2026-09-09/results-q13-srv2.json,q13-qwen36-n40-2,
wake_s,132.2787,s,,,srv1,srv1@hosts.json-decl-2026-09-03,llamacpp,llamacpp:b10644-L3,Qwen3.6-35B-A3B-UD-IQ3_XXS.gguf,qwen35moe,UD-IQ3_XXS,30,2,16384,512,none,f16,,n/a,,,,1.882,60 (METHOD.md:60),cold start,door-return minus StartedAt (rig.wake_from),2026-09-09,records/measurements/fleet-gaps-2026-09-09/results-arms-srv1-m1-m3.json,m1-qwen-unmapped-1,
card_steady_mib,5140,MiB,,,srv1,srv1@hosts.json-decl-2026-09-03,llamacpp,llamacpp:b10644-L3,Qwen3.6-35B-A3B-UD-IQ3_XXS.gguf,qwen35moe,UD-IQ3_XXS,30,2,16384,512,none,f16,,n/a,,,,1.882,60 (METHOD.md:60),,nvidia-smi memory.used after load,2026-09-09,records/measurements/fleet-gaps-2026-09-09/results-arms-srv1-m1-m3.json,m1-qwen-unmapped-1,
card_peak_minus_steady_mib,-14,MiB,,,srv1,srv1@hosts.json-decl-2026-09-03,llamacpp,llamacpp:b10644-L3,Qwen3.6-35B-A3B-UD-IQ3_XXS.gguf,qwen35moe,UD-IQ3_XXS,30,2,16384,512,none,f16,,n/a,,,,1.882,60 (METHOD.md:60),,1 Hz sampler peak minus steady,2026-09-09,records/measurements/fleet-gaps-2026-09-09/results-arms-srv1-m1-m3.json,m1-qwen-unmapped-1,
card_C_mib,2389.0,MiB,,,srv1,srv1@hosts.json-decl-2026-09-03,llamacpp,llamacpp:b10644-L3,Qwen3.6-35B-A3B-UD-IQ3_XXS.gguf,qwen35moe,UD-IQ3_XXS,30,2,16384,512,none,f16,,n/a,,,,1.882,60 (METHOD.md:60),,net card minus vramfit.experts_on_card (headroom.py method),2026-09-09,records/measurements/fleet-gaps-2026-09-09/results-arms-srv1-m1-m3.json,m1-qwen-unmapped-1,
shmem_unmapped_gib,8.0939,GiB,7.6758,0.4181,srv1,srv1@hosts.json-decl-2026-09-03,llamacpp,llamacpp:b10644-L3,Qwen3.6-35B-A3B-UD-IQ3_XXS.gguf,qwen35moe,UD-IQ3_XXS,30,2,16384,512,none,f16,,n/a,,,,1.882,60 (METHOD.md:60),,"/proc/meminfo Shmem steady (absolute, idle not subtracted)",2026-09-09,records/measurements/fleet-gaps-2026-09-09/results-arms-srv1-m1-m3.json,m1-qwen-unmapped-1,
decode_tok_s,28.5337,tok/s,,,srv1,srv1@hosts.json-decl-2026-09-03,llamacpp,llamacpp:b10644-L3,Qwen3.6-35B-A3B-UD-IQ3_XXS.gguf,qwen35moe,UD-IQ3_XXS,30,2,16384,512,none,f16,,n/a,,,,1.882,60 (METHOD.md:60),"cold (first request, 1 sample)","llama.cpp /completion timings.predicted_per_second, n=160",2026-09-09,records/measurements/fleet-gaps-2026-09-09/results-arms-srv1-m1-m3.json,m1-qwen-unmapped-1,
restarts,0,count,,,srv1,srv1@hosts.json-decl-2026-09-03,llamacpp,llamacpp:b10644-L3,Qwen3.6-35B-A3B-UD-IQ3_XXS.gguf,qwen35moe,UD-IQ3_XXS,30,2,16384,512,none,f16,,n/a,,,,1.882,60 (METHOD.md:60),,docker RestartCount,2026-09-09,records/measurements/fleet-gaps-2026-09-09/results-arms-srv1-m1-m3.json,m1-qwen-unmapped-1,
majfault_wake,6479,pages,,,srv1,srv1@hosts.json-decl-2026-09-03,llamacpp,llamacpp:b10644-L3,Qwen3.6-35B-A3B-UD-IQ3_XXS.gguf,qwen35moe,UD-IQ3_XXS,30,2,16384,512,none,f16,,n/a,,,,1.882,60 (METHOD.md:60),,/proc/vmstat pgmajfault delta over wake,2026-09-09,records/measurements/fleet-gaps-2026-09-09/results-arms-srv1-m1-m3.json,m1-qwen-unmapped-1,
pswpout_wake,22,pages,,,srv1,srv1@hosts.json-decl-2026-09-03,llamacpp,llamacpp:b10644-L3,Qwen3.6-35B-A3B-UD-IQ3_XXS.gguf,qwen35moe,UD-IQ3_XXS,30,2,16384,512,none,f16,,n/a,,,,1.882,60 (METHOD.md:60),,/proc/vmstat pswpout delta over wake,2026-09-09,records/measurements/fleet-gaps-2026-09-09/results-arms-srv1-m1-m3.json,m1-qwen-unmapped-1,
memavailable_drop_gib,8.9542,GiB,,,srv1,srv1@hosts.json-decl-2026-09-03,llamacpp,llamacpp:b10644-L3,Qwen3.6-35B-A3B-UD-IQ3_XXS.gguf,qwen35moe,UD-IQ3_XXS,30,2,16384,512,none,f16,,n/a,,,,1.882,60 (METHOD.md:60),,MemAvailable before minus after (includes page cache),2026-09-09,records/measurements/fleet-gaps-2026-09-09/results-arms-srv1-m1-m3.json,m1-qwen-unmapped-1,
wake_s,133.7356,s,,,srv1,srv1@hosts.json-decl-2026-09-03,llamacpp,llamacpp:b10644-L3,Qwen3.6-35B-A3B-UD-IQ3_XXS.gguf,qwen35moe,UD-IQ3_XXS,30,2,16384,512,none,f16,,n/a,,,,1.891,60 (METHOD.md:60),cold start,door-return minus StartedAt (rig.wake_from),2026-09-09,records/measurements/fleet-gaps-2026-09-09/results-arms-srv1-m1-m3.json,m1-qwen-unmapped-2,
card_steady_mib,5140,MiB,,,srv1,srv1@hosts.json-decl-2026-09-03,llamacpp,llamacpp:b10644-L3,Qwen3.6-35B-A3B-UD-IQ3_XXS.gguf,qwen35moe,UD-IQ3_XXS,30,2,16384,512,none,f16,,n/a,,,,1.891,60 (METHOD.md:60),,nvidia-smi memory.used after load,2026-09-09,records/measurements/fleet-gaps-2026-09-09/results-arms-srv1-m1-m3.json,m1-qwen-unmapped-2,
card_peak_minus_steady_mib,-14,MiB,,,srv1,srv1@hosts.json-decl-2026-09-03,llamacpp,llamacpp:b10644-L3,Qwen3.6-35B-A3B-UD-IQ3_XXS.gguf,qwen35moe,UD-IQ3_XXS,30,2,16384,512,none,f16,,n/a,,,,1.891,60 (METHOD.md:60),,1 Hz sampler peak minus steady,2026-09-09,records/measurements/fleet-gaps-2026-09-09/results-arms-srv1-m1-m3.json,m1-qwen-unmapped-2,
card_C_mib,2389.0,MiB,,,srv1,srv1@hosts.json-decl-2026-09-03,llamacpp,llamacpp:b10644-L3,Qwen3.6-35B-A3B-UD-IQ3_XXS.gguf,qwen35moe,UD-IQ3_XXS,30,2,16384,512,none,f16,,n/a,,,,1.891,60 (METHOD.md:60),,net card minus vramfit.experts_on_card (headroom.py method),2026-09-09,records/measurements/fleet-gaps-2026-09-09/results-arms-srv1-m1-m3.json,m1-qwen-unmapped-2,
shmem_unmapped_gib,8.0939,GiB,7.6758,0.4181,srv1,srv1@hosts.json-decl-2026-09-03,llamacpp,llamacpp:b10644-L3,Qwen3.6-35B-A3B-UD-IQ3_XXS.gguf,qwen35moe,UD-IQ3_XXS,30,2,16384,512,none,f16,,n/a,,,,1.891,60 (METHOD.md:60),,"/proc/meminfo Shmem steady (absolute, idle not subtracted)",2026-09-09,records/measurements/fleet-gaps-2026-09-09/results-arms-srv1-m1-m3.json,m1-qwen-unmapped-2,
decode_tok_s,28.9629,tok/s,,,srv1,srv1@hosts.json-decl-2026-09-03,llamacpp,llamacpp:b10644-L3,Qwen3.6-35B-A3B-UD-IQ3_XXS.gguf,qwen35moe,UD-IQ3_XXS,30,2,16384,512,none,f16,,n/a,,,,1.891,60 (METHOD.md:60),"cold (first request, 1 sample)","llama.cpp /completion timings.predicted_per_second, n=160",2026-09-09,records/measurements/fleet-gaps-2026-09-09/results-arms-srv1-m1-m3.json,m1-qwen-unmapped-2,
restarts,0,count,,,srv1,srv1@hosts.json-decl-2026-09-03,llamacpp,llamacpp:b10644-L3,Qwen3.6-35B-A3B-UD-IQ3_XXS.gguf,qwen35moe,UD-IQ3_XXS,30,2,16384,512,none,f16,,n/a,,,,1.891,60 (METHOD.md:60),,docker RestartCount,2026-09-09,records/measurements/fleet-gaps-2026-09-09/results-arms-srv1-m1-m3.json,m1-qwen-unmapped-2,
majfault_wake,5967,pages,,,srv1,srv1@hosts.json-decl-2026-09-03,llamacpp,llamacpp:b10644-L3,Qwen3.6-35B-A3B-UD-IQ3_XXS.gguf,qwen35moe,UD-IQ3_XXS,30,2,16384,512,none,f16,,n/a,,,,1.891,60 (METHOD.md:60),,/proc/vmstat pgmajfault delta over wake,2026-09-09,records/measurements/fleet-gaps-2026-09-09/results-arms-srv1-m1-m3.json,m1-qwen-unmapped-2,
pswpout_wake,0,pages,,,srv1,srv1@hosts.json-decl-2026-09-03,llamacpp,llamacpp:b10644-L3,Qwen3.6-35B-A3B-UD-IQ3_XXS.gguf,qwen35moe,UD-IQ3_XXS,30,2,16384,512,none,f16,,n/a,,,,1.891,60 (METHOD.md:60),,/proc/vmstat pswpout delta over wake,2026-09-09,records/measurements/fleet-gaps-2026-09-09/results-arms-srv1-m1-m3.json,m1-qwen-unmapped-2,
memavailable_drop_gib,8.9518,GiB,,,srv1,srv1@hosts.json-decl-2026-09-03,llamacpp,llamacpp:b10644-L3,Qwen3.6-35B-A3B-UD-IQ3_XXS.gguf,qwen35moe,UD-IQ3_XXS,30,2,16384,512,none,f16,,n/a,,,,1.891,60 (METHOD.md:60),,MemAvailable before minus after (includes page cache),2026-09-09,records/measurements/fleet-gaps-2026-09-09/results-arms-srv1-m1-m3.json,m1-qwen-unmapped-2,
wake_s,169.1613,s,,,srv1,srv1@hosts.json-decl-2026-09-03,llamacpp,llamacpp:b10644-L3,Qwen3.6-35B-A3B-UD-IQ3_XXS.gguf,qwen35moe,UD-IQ3_XXS,30,2,16384,512,mapped,f16,,n/a,,,3.93,-2.056,60 (METHOD.md:60),cold start,door-return minus StartedAt (rig.wake_from),2026-09-09,records/measurements/fleet-gaps-2026-09-09/results-arms-srv1-m1-m3.json,m3-qwen-mapped-neg2.0-1,
card_steady_mib,5122,MiB,,,srv1,srv1@hosts.json-decl-2026-09-03,llamacpp,llamacpp:b10644-L3,Qwen3.6-35B-A3B-UD-IQ3_XXS.gguf,qwen35moe,UD-IQ3_XXS,30,2,16384,512,mapped,f16,,n/a,,,3.93,-2.056,60 (METHOD.md:60),,nvidia-smi memory.used after load,2026-09-09,records/measurements/fleet-gaps-2026-09-09/results-arms-srv1-m1-m3.json,m3-qwen-mapped-neg2.0-1,
card_peak_minus_steady_mib,-20,MiB,,,srv1,srv1@hosts.json-decl-2026-09-03,llamacpp,llamacpp:b10644-L3,Qwen3.6-35B-A3B-UD-IQ3_XXS.gguf,qwen35moe,UD-IQ3_XXS,30,2,16384,512,mapped,f16,,n/a,,,3.93,-2.056,60 (METHOD.md:60),,1 Hz sampler peak minus steady,2026-09-09,records/measurements/fleet-gaps-2026-09-09/results-arms-srv1-m1-m3.json,m3-qwen-mapped-neg2.0-1,
card_C_mib,2371.0,MiB,,,srv1,srv1@hosts.json-decl-2026-09-03,llamacpp,llamacpp:b10644-L3,Qwen3.6-35B-A3B-UD-IQ3_XXS.gguf,qwen35moe,UD-IQ3_XXS,30,2,16384,512,mapped,f16,,n/a,,,3.93,-2.056,60 (METHOD.md:60),,net card minus vramfit.experts_on_card (headroom.py method),2026-09-09,records/measurements/fleet-gaps-2026-09-09/results-arms-srv1-m1-m3.json,m3-qwen-mapped-neg2.0-1,
shmem_mapped_unit_gib,0.0294,GiB,,,srv1,srv1@hosts.json-decl-2026-09-03,llamacpp,llamacpp:b10644-L3,Qwen3.6-35B-A3B-UD-IQ3_XXS.gguf,qwen35moe,UD-IQ3_XXS,30,2,16384,512,mapped,f16,,n/a,,,3.93,-2.056,60 (METHOD.md:60),,/proc/meminfo Shmem steady,2026-09-09,records/measurements/fleet-gaps-2026-09-09/results-arms-srv1-m1-m3.json,m3-qwen-mapped-neg2.0-1,
decode_tok_s,22.1335,tok/s,,,srv1,srv1@hosts.json-decl-2026-09-03,llamacpp,llamacpp:b10644-L3,Qwen3.6-35B-A3B-UD-IQ3_XXS.gguf,qwen35moe,UD-IQ3_XXS,30,2,16384,512,mapped,f16,,n/a,,,3.93,-2.056,60 (METHOD.md:60),"cold (first request, 1 sample)","llama.cpp /completion timings.predicted_per_second, n=160",2026-09-09,records/measurements/fleet-gaps-2026-09-09/results-arms-srv1-m1-m3.json,m3-qwen-mapped-neg2.0-1,
restarts,0,count,,,srv1,srv1@hosts.json-decl-2026-09-03,llamacpp,llamacpp:b10644-L3,Qwen3.6-35B-A3B-UD-IQ3_XXS.gguf,qwen35moe,UD-IQ3_XXS,30,2,16384,512,mapped,f16,,n/a,,,3.93,-2.056,60 (METHOD.md:60),,docker RestartCount,2026-09-09,records/measurements/fleet-gaps-2026-09-09/results-arms-srv1-m1-m3.json,m3-qwen-mapped-neg2.0-1,
majfault_wake,21629,pages,,,srv1,srv1@hosts.json-decl-2026-09-03,llamacpp,llamacpp:b10644-L3,Qwen3.6-35B-A3B-UD-IQ3_XXS.gguf,qwen35moe,UD-IQ3_XXS,30,2,16384,512,mapped,f16,,n/a,,,3.93,-2.056,60 (METHOD.md:60),,/proc/vmstat pgmajfault delta over wake,2026-09-09,records/measurements/fleet-gaps-2026-09-09/results-arms-srv1-m1-m3.json,m3-qwen-mapped-neg2.0-1,
pswpout_wake,147554,pages,,,srv1,srv1@hosts.json-decl-2026-09-03,llamacpp,llamacpp:b10644-L3,Qwen3.6-35B-A3B-UD-IQ3_XXS.gguf,qwen35moe,UD-IQ3_XXS,30,2,16384,512,mapped,f16,,n/a,,,3.93,-2.056,60 (METHOD.md:60),,/proc/vmstat pswpout delta over wake,2026-09-09,records/measurements/fleet-gaps-2026-09-09/results-arms-srv1-m1-m3.json,m3-qwen-mapped-neg2.0-1,
memavailable_drop_gib,0.333,GiB,,,srv1,srv1@hosts.json-decl-2026-09-03,llamacpp,llamacpp:b10644-L3,Qwen3.6-35B-A3B-UD-IQ3_XXS.gguf,qwen35moe,UD-IQ3_XXS,30,2,16384,512,mapped,f16,,n/a,,,3.93,-2.056,60 (METHOD.md:60),,MemAvailable before minus after (includes page cache),2026-09-09,records/measurements/fleet-gaps-2026-09-09/results-arms-srv1-m1-m3.json,m3-qwen-mapped-neg2.0-1,
wake_s,171.2623,s,,,srv1,srv1@hosts.json-decl-2026-09-03,llamacpp,llamacpp:b10644-L3,Qwen3.6-35B-A3B-UD-IQ3_XXS.gguf,qwen35moe,UD-IQ3_XXS,30,2,16384,512,mapped,f16,,n/a,,,3.93,-2.004,60 (METHOD.md:60),cold start,door-return minus StartedAt (rig.wake_from),2026-09-09,records/measurements/fleet-gaps-2026-09-09/results-arms-srv1-m1-m3.json,m3-qwen-mapped-neg2.0-2,
card_steady_mib,5122,MiB,,,srv1,srv1@hosts.json-decl-2026-09-03,llamacpp,llamacpp:b10644-L3,Qwen3.6-35B-A3B-UD-IQ3_XXS.gguf,qwen35moe,UD-IQ3_XXS,30,2,16384,512,mapped,f16,,n/a,,,3.93,-2.004,60 (METHOD.md:60),,nvidia-smi memory.used after load,2026-09-09,records/measurements/fleet-gaps-2026-09-09/results-arms-srv1-m1-m3.json,m3-qwen-mapped-neg2.0-2,
card_peak_minus_steady_mib,-20,MiB,,,srv1,srv1@hosts.json-decl-2026-09-03,llamacpp,llamacpp:b10644-L3,Qwen3.6-35B-A3B-UD-IQ3_XXS.gguf,qwen35moe,UD-IQ3_XXS,30,2,16384,512,mapped,f16,,n/a,,,3.93,-2.004,60 (METHOD.md:60),,1 Hz sampler peak minus steady,2026-09-09,records/measurements/fleet-gaps-2026-09-09/results-arms-srv1-m1-m3.json,m3-qwen-mapped-neg2.0-2,
card_C_mib,2371.0,MiB,,,srv1,srv1@hosts.json-decl-2026-09-03,llamacpp,llamacpp:b10644-L3,Qwen3.6-35B-A3B-UD-IQ3_XXS.gguf,qwen35moe,UD-IQ3_XXS,30,2,16384,512,mapped,f16,,n/a,,,3.93,-2.004,60 (METHOD.md:60),,net card minus vramfit.experts_on_card (headroom.py method),2026-09-09,records/measurements/fleet-gaps-2026-09-09/results-arms-srv1-m1-m3.json,m3-qwen-mapped-neg2.0-2,
shmem_mapped_unit_gib,0.0294,GiB,,,srv1,srv1@hosts.json-decl-2026-09-03,llamacpp,llamacpp:b10644-L3,Qwen3.6-35B-A3B-UD-IQ3_XXS.gguf,qwen35moe,UD-IQ3_XXS,30,2,16384,512,mapped,f16,,n/a,,,3.93,-2.004,60 (METHOD.md:60),,/proc/meminfo Shmem steady,2026-09-09,records/measurements/fleet-gaps-2026-09-09/results-arms-srv1-m1-m3.json,m3-qwen-mapped-neg2.0-2,
decode_tok_s,22.1956,tok/s,,,srv1,srv1@hosts.json-decl-2026-09-03,llamacpp,llamacpp:b10644-L3,Qwen3.6-35B-A3B-UD-IQ3_XXS.gguf,qwen35moe,UD-IQ3_XXS,30,2,16384,512,mapped,f16,,n/a,,,3.93,-2.004,60 (METHOD.md:60),"cold (first request, 1 sample)","llama.cpp /completion timings.predicted_per_second, n=160",2026-09-09,records/measurements/fleet-gaps-2026-09-09/results-arms-srv1-m1-m3.json,m3-qwen-mapped-neg2.0-2,
restarts,0,count,,,srv1,srv1@hosts.json-decl-2026-09-03,llamacpp,llamacpp:b10644-L3,Qwen3.6-35B-A3B-UD-IQ3_XXS.gguf,qwen35moe,UD-IQ3_XXS,30,2,16384,512,mapped,f16,,n/a,,,3.93,-2.004,60 (METHOD.md:60),,docker RestartCount,2026-09-09,records/measurements/fleet-gaps-2026-09-09/results-arms-srv1-m1-m3.json,m3-qwen-mapped-neg2.0-2,
majfault_wake,24774,pages,,,srv1,srv1@hosts.json-decl-2026-09-03,llamacpp,llamacpp:b10644-L3,Qwen3.6-35B-A3B-UD-IQ3_XXS.gguf,qwen35moe,UD-IQ3_XXS,30,2,16384,512,mapped,f16,,n/a,,,3.93,-2.004,60 (METHOD.md:60),,/proc/vmstat pgmajfault delta over wake,2026-09-09,records/measurements/fleet-gaps-2026-09-09/results-arms-srv1-m1-m3.json,m3-qwen-mapped-neg2.0-2,
pswpout_wake,151416,pages,,,srv1,srv1@hosts.json-decl-2026-09-03,llamacpp,llamacpp:b10644-L3,Qwen3.6-35B-A3B-UD-IQ3_XXS.gguf,qwen35moe,UD-IQ3_XXS,30,2,16384,512,mapped,f16,,n/a,,,3.93,-2.004,60 (METHOD.md:60),,/proc/vmstat pswpout delta over wake,2026-09-09,records/measurements/fleet-gaps-2026-09-09/results-arms-srv1-m1-m3.json,m3-qwen-mapped-neg2.0-2,
memavailable_drop_gib,0.3592,GiB,,,srv1,srv1@hosts.json-decl-2026-09-03,llamacpp,llamacpp:b10644-L3,Qwen3.6-35B-A3B-UD-IQ3_XXS.gguf,qwen35moe,UD-IQ3_XXS,30,2,16384,512,mapped,f16,,n/a,,,3.93,-2.004,60 (METHOD.md:60),,MemAvailable before minus after (includes page cache),2026-09-09,records/measurements/fleet-gaps-2026-09-09/results-arms-srv1-m1-m3.json,m3-qwen-mapped-neg2.0-2,
wake_s,169.7522,s,,,srv1,srv1@hosts.json-decl-2026-09-03,llamacpp,llamacpp:b10644-L3,Qwen3.6-35B-A3B-UD-IQ3_XXS.gguf,qwen35moe,UD-IQ3_XXS,30,2,16384,512,mapped,f16,,n/a,,,4.93,-3.03,60 (METHOD.md:60),cold start,door-return minus StartedAt (rig.wake_from),2026-09-09,records/measurements/fleet-gaps-2026-09-09/results-arms-srv1-m1-m3.json,m3-qwen-mapped-neg3.0-1,
card_steady_mib,5122,MiB,,,srv1,srv1@hosts.json-decl-2026-09-03,llamacpp,llamacpp:b10644-L3,Qwen3.6-35B-A3B-UD-IQ3_XXS.gguf,qwen35moe,UD-IQ3_XXS,30,2,16384,512,mapped,f16,,n/a,,,4.93,-3.03,60 (METHOD.md:60),,nvidia-smi memory.used after load,2026-09-09,records/measurements/fleet-gaps-2026-09-09/results-arms-srv1-m1-m3.json,m3-qwen-mapped-neg3.0-1,
card_peak_minus_steady_mib,-20,MiB,,,srv1,srv1@hosts.json-decl-2026-09-03,llamacpp,llamacpp:b10644-L3,Qwen3.6-35B-A3B-UD-IQ3_XXS.gguf,qwen35moe,UD-IQ3_XXS,30,2,16384,512,mapped,f16,,n/a,,,4.93,-3.03,60 (METHOD.md:60),,1 Hz sampler peak minus steady,2026-09-09,records/measurements/fleet-gaps-2026-09-09/results-arms-srv1-m1-m3.json,m3-qwen-mapped-neg3.0-1,
card_C_mib,2371.0,MiB,,,srv1,srv1@hosts.json-decl-2026-09-03,llamacpp,llamacpp:b10644-L3,Qwen3.6-35B-A3B-UD-IQ3_XXS.gguf,qwen35moe,UD-IQ3_XXS,30,2,16384,512,mapped,f16,,n/a,,,4.93,-3.03,60 (METHOD.md:60),,net card minus vramfit.experts_on_card (headroom.py method),2026-09-09,records/measurements/fleet-gaps-2026-09-09/results-arms-srv1-m1-m3.json,m3-qwen-mapped-neg3.0-1,
shmem_mapped_unit_gib,0.0294,GiB,,,srv1,srv1@hosts.json-decl-2026-09-03,llamacpp,llamacpp:b10644-L3,Qwen3.6-35B-A3B-UD-IQ3_XXS.gguf,qwen35moe,UD-IQ3_XXS,30,2,16384,512,mapped,f16,,n/a,,,4.93,-3.03,60 (METHOD.md:60),,/proc/meminfo Shmem steady,2026-09-09,records/measurements/fleet-gaps-2026-09-09/results-arms-srv1-m1-m3.json,m3-qwen-mapped-neg3.0-1,
decode_tok_s,5.0858,tok/s,,,srv1,srv1@hosts.json-decl-2026-09-03,llamacpp,llamacpp:b10644-L3,Qwen3.6-35B-A3B-UD-IQ3_XXS.gguf,qwen35moe,UD-IQ3_XXS,30,2,16384,512,mapped,f16,,n/a,,,4.93,-3.03,60 (METHOD.md:60),"cold (first request, 1 sample)","llama.cpp /completion timings.predicted_per_second, n=160",2026-09-09,records/measurements/fleet-gaps-2026-09-09/results-arms-srv1-m1-m3.json,m3-qwen-mapped-neg3.0-1,
restarts,0,count,,,srv1,srv1@hosts.json-decl-2026-09-03,llamacpp,llamacpp:b10644-L3,Qwen3.6-35B-A3B-UD-IQ3_XXS.gguf,qwen35moe,UD-IQ3_XXS,30,2,16384,512,mapped,f16,,n/a,,,4.93,-3.03,60 (METHOD.md:60),,docker RestartCount,2026-09-09,records/measurements/fleet-gaps-2026-09-09/results-arms-srv1-m1-m3.json,m3-qwen-mapped-neg3.0-1,
majfault_wake,18237,pages,,,srv1,srv1@hosts.json-decl-2026-09-03,llamacpp,llamacpp:b10644-L3,Qwen3.6-35B-A3B-UD-IQ3_XXS.gguf,qwen35moe,UD-IQ3_XXS,30,2,16384,512,mapped,f16,,n/a,,,4.93,-3.03,60 (METHOD.md:60),,/proc/vmstat pgmajfault delta over wake,2026-09-09,records/measurements/fleet-gaps-2026-09-09/results-arms-srv1-m1-m3.json,m3-qwen-mapped-neg3.0-1,
pswpout_wake,51069,pages,,,srv1,srv1@hosts.json-decl-2026-09-03,llamacpp,llamacpp:b10644-L3,Qwen3.6-35B-A3B-UD-IQ3_XXS.gguf,qwen35moe,UD-IQ3_XXS,30,2,16384,512,mapped,f16,,n/a,,,4.93,-3.03,60 (METHOD.md:60),,/proc/vmstat pswpout delta over wake,2026-09-09,records/measurements/fleet-gaps-2026-09-09/results-arms-srv1-m1-m3.json,m3-qwen-mapped-neg3.0-1,
memavailable_drop_gib,0.6252,GiB,,,srv1,srv1@hosts.json-decl-2026-09-03,llamacpp,llamacpp:b10644-L3,Qwen3.6-35B-A3B-UD-IQ3_XXS.gguf,qwen35moe,UD-IQ3_XXS,30,2,16384,512,mapped,f16,,n/a,,,4.93,-3.03,60 (METHOD.md:60),,MemAvailable before minus after (includes page cache),2026-09-09,records/measurements/fleet-gaps-2026-09-09/results-arms-srv1-m1-m3.json,m3-qwen-mapped-neg3.0-1,
wake_s,142.7403,s,,,srv1,srv1@hosts.json-decl-2026-09-03,llamacpp,llamacpp:b10644-L3,Qwen3.6-35B-A3B-UD-IQ3_XXS.gguf,qwen35moe,UD-IQ3_XXS,30,2,16384,512,mapped,f16,,n/a,,,,1.92,60 (METHOD.md:60),cold start,door-return minus StartedAt (rig.wake_from),2026-09-09,records/measurements/fleet-gaps-2026-09-09/results-arms-srv1-m1-m3.json,m3-qwen-mapped-restore-1,
card_steady_mib,5124,MiB,,,srv1,srv1@hosts.json-decl-2026-09-03,llamacpp,llamacpp:b10644-L3,Qwen3.6-35B-A3B-UD-IQ3_XXS.gguf,qwen35moe,UD-IQ3_XXS,30,2,16384,512,mapped,f16,,n/a,,,,1.92,60 (METHOD.md:60),,nvidia-smi memory.used after load,2026-09-09,records/measurements/fleet-gaps-2026-09-09/results-arms-srv1-m1-m3.json,m3-qwen-mapped-restore-1,
card_peak_minus_steady_mib,-14,MiB,,,srv1,srv1@hosts.json-decl-2026-09-03,llamacpp,llamacpp:b10644-L3,Qwen3.6-35B-A3B-UD-IQ3_XXS.gguf,qwen35moe,UD-IQ3_XXS,30,2,16384,512,mapped,f16,,n/a,,,,1.92,60 (METHOD.md:60),,1 Hz sampler peak minus steady,2026-09-09,records/measurements/fleet-gaps-2026-09-09/results-arms-srv1-m1-m3.json,m3-qwen-mapped-restore-1,
card_C_mib,2373.0,MiB,,,srv1,srv1@hosts.json-decl-2026-09-03,llamacpp,llamacpp:b10644-L3,Qwen3.6-35B-A3B-UD-IQ3_XXS.gguf,qwen35moe,UD-IQ3_XXS,30,2,16384,512,mapped,f16,,n/a,,,,1.92,60 (METHOD.md:60),,net card minus vramfit.experts_on_card (headroom.py method),2026-09-09,records/measurements/fleet-gaps-2026-09-09/results-arms-srv1-m1-m3.json,m3-qwen-mapped-restore-1,
shmem_mapped_unit_gib,0.0295,GiB,,,srv1,srv1@hosts.json-decl-2026-09-03,llamacpp,llamacpp:b10644-L3,Qwen3.6-35B-A3B-UD-IQ3_XXS.gguf,qwen35moe,UD-IQ3_XXS,30,2,16384,512,mapped,f16,,n/a,,,,1.92,60 (METHOD.md:60),,/proc/meminfo Shmem steady,2026-09-09,records/measurements/fleet-gaps-2026-09-09/results-arms-srv1-m1-m3.json,m3-qwen-mapped-restore-1,
decode_tok_s,25.1968,tok/s,,,srv1,srv1@hosts.json-decl-2026-09-03,llamacpp,llamacpp:b10644-L3,Qwen3.6-35B-A3B-UD-IQ3_XXS.gguf,qwen35moe,UD-IQ3_XXS,30,2,16384,512,mapped,f16,,n/a,,,,1.92,60 (METHOD.md:60),"cold (first request, 1 sample)","llama.cpp /completion timings.predicted_per_second, n=160",2026-09-09,records/measurements/fleet-gaps-2026-09-09/results-arms-srv1-m1-m3.json,m3-qwen-mapped-restore-1,
restarts,0,count,,,srv1,srv1@hosts.json-decl-2026-09-03,llamacpp,llamacpp:b10644-L3,Qwen3.6-35B-A3B-UD-IQ3_XXS.gguf,qwen35moe,UD-IQ3_XXS,30,2,16384,512,mapped,f16,,n/a,,,,1.92,60 (METHOD.md:60),,docker RestartCount,2026-09-09,records/measurements/fleet-gaps-2026-09-09/results-arms-srv1-m1-m3.json,m3-qwen-mapped-restore-1,
majfault_wake,12233,pages,,,srv1,srv1@hosts.json-decl-2026-09-03,llamacpp,llamacpp:b10644-L3,Qwen3.6-35B-A3B-UD-IQ3_XXS.gguf,qwen35moe,UD-IQ3_XXS,30,2,16384,512,mapped,f16,,n/a,,,,1.92,60 (METHOD.md:60),,/proc/vmstat pgmajfault delta over wake,2026-09-09,records/measurements/fleet-gaps-2026-09-09/results-arms-srv1-m1-m3.json,m3-qwen-mapped-restore-1,
pswpout_wake,41397,pages,,,srv1,srv1@hosts.json-decl-2026-09-03,llamacpp,llamacpp:b10644-L3,Qwen3.6-35B-A3B-UD-IQ3_XXS.gguf,qwen35moe,UD-IQ3_XXS,30,2,16384,512,mapped,f16,,n/a,,,,1.92,60 (METHOD.md:60),,/proc/vmstat pswpout delta over wake,2026-09-09,records/measurements/fleet-gaps-2026-09-09/results-arms-srv1-m1-m3.json,m3-qwen-mapped-restore-1,
memavailable_drop_gib,0.6524,GiB,,,srv1,srv1@hosts.json-decl-2026-09-03,llamacpp,llamacpp:b10644-L3,Qwen3.6-35B-A3B-UD-IQ3_XXS.gguf,qwen35moe,UD-IQ3_XXS,30,2,16384,512,mapped,f16,,n/a,,,,1.92,60 (METHOD.md:60),,MemAvailable before minus after (includes page cache),2026-09-09,records/measurements/fleet-gaps-2026-09-09/results-arms-srv1-m1-m3.json,m3-qwen-mapped-restore-1,
wake_s,134.015,s,,,srv1,srv1@hosts.json-decl-2026-09-03,llamacpp,llamacpp:b10644-L3,Qwen3.6-35B-A3B-UD-IQ3_XXS.gguf,qwen35moe,UD-IQ3_XXS,30,2,16384,512,none,f16,,n/a,,,4.83,-2.927,60 (METHOD.md:60),cold start,door-return minus StartedAt (rig.wake_from),2026-09-09,records/measurements/fleet-gaps-2026-09-09/results-arms-srv1-m3-experts.json,m3x-experts-p0.20-1,
card_steady_mib,5140,MiB,,,srv1,srv1@hosts.json-decl-2026-09-03,llamacpp,llamacpp:b10644-L3,Qwen3.6-35B-A3B-UD-IQ3_XXS.gguf,qwen35moe,UD-IQ3_XXS,30,2,16384,512,none,f16,,n/a,,,4.83,-2.927,60 (METHOD.md:60),,nvidia-smi memory.used after load,2026-09-09,records/measurements/fleet-gaps-2026-09-09/results-arms-srv1-m3-experts.json,m3x-experts-p0.20-1,
card_peak_minus_steady_mib,-14,MiB,,,srv1,srv1@hosts.json-decl-2026-09-03,llamacpp,llamacpp:b10644-L3,Qwen3.6-35B-A3B-UD-IQ3_XXS.gguf,qwen35moe,UD-IQ3_XXS,30,2,16384,512,none,f16,,n/a,,,4.83,-2.927,60 (METHOD.md:60),,1 Hz sampler peak minus steady,2026-09-09,records/measurements/fleet-gaps-2026-09-09/results-arms-srv1-m3-experts.json,m3x-experts-p0.20-1,
card_C_mib,2389.0,MiB,,,srv1,srv1@hosts.json-decl-2026-09-03,llamacpp,llamacpp:b10644-L3,Qwen3.6-35B-A3B-UD-IQ3_XXS.gguf,qwen35moe,UD-IQ3_XXS,30,2,16384,512,none,f16,,n/a,,,4.83,-2.927,60 (METHOD.md:60),,net card minus vramfit.experts_on_card (headroom.py method),2026-09-09,records/measurements/fleet-gaps-2026-09-09/results-arms-srv1-m3-experts.json,m3x-experts-p0.20-1,
shmem_unmapped_gib,8.0939,GiB,7.6758,0.4181,srv1,srv1@hosts.json-decl-2026-09-03,llamacpp,llamacpp:b10644-L3,Qwen3.6-35B-A3B-UD-IQ3_XXS.gguf,qwen35moe,UD-IQ3_XXS,30,2,16384,512,none,f16,,n/a,,,4.83,-2.927,60 (METHOD.md:60),,"/proc/meminfo Shmem steady (absolute, idle not subtracted)",2026-09-09,records/measurements/fleet-gaps-2026-09-09/results-arms-srv1-m3-experts.json,m3x-experts-p0.20-1,
decode_tok_s,28.4995,tok/s,,,srv1,srv1@hosts.json-decl-2026-09-03,llamacpp,llamacpp:b10644-L3,Qwen3.6-35B-A3B-UD-IQ3_XXS.gguf,qwen35moe,UD-IQ3_XXS,30,2,16384,512,none,f16,,n/a,,,4.83,-2.927,60 (METHOD.md:60),"cold (first request, 1 sample)","llama.cpp /completion timings.predicted_per_second, n=160",2026-09-09,records/measurements/fleet-gaps-2026-09-09/results-arms-srv1-m3-experts.json,m3x-experts-p0.20-1,
restarts,0,count,,,srv1,srv1@hosts.json-decl-2026-09-03,llamacpp,llamacpp:b10644-L3,Qwen3.6-35B-A3B-UD-IQ3_XXS.gguf,qwen35moe,UD-IQ3_XXS,30,2,16384,512,none,f16,,n/a,,,4.83,-2.927,60 (METHOD.md:60),,docker RestartCount,2026-09-09,records/measurements/fleet-gaps-2026-09-09/results-arms-srv1-m3-experts.json,m3x-experts-p0.20-1,
majfault_wake,9029,pages,,,srv1,srv1@hosts.json-decl-2026-09-03,llamacpp,llamacpp:b10644-L3,Qwen3.6-35B-A3B-UD-IQ3_XXS.gguf,qwen35moe,UD-IQ3_XXS,30,2,16384,512,none,f16,,n/a,,,4.83,-2.927,60 (METHOD.md:60),,/proc/vmstat pgmajfault delta over wake,2026-09-09,records/measurements/fleet-gaps-2026-09-09/results-arms-srv1-m3-experts.json,m3x-experts-p0.20-1,
pswpout_wake,38490,pages,,,srv1,srv1@hosts.json-decl-2026-09-03,llamacpp,llamacpp:b10644-L3,Qwen3.6-35B-A3B-UD-IQ3_XXS.gguf,qwen35moe,UD-IQ3_XXS,30,2,16384,512,none,f16,,n/a,,,4.83,-2.927,60 (METHOD.md:60),,/proc/vmstat pswpout delta over wake,2026-09-09,records/measurements/fleet-gaps-2026-09-09/results-arms-srv1-m3-experts.json,m3x-experts-p0.20-1,
memavailable_drop_gib,8.8589,GiB,,,srv1,srv1@hosts.json-decl-2026-09-03,llamacpp,llamacpp:b10644-L3,Qwen3.6-35B-A3B-UD-IQ3_XXS.gguf,qwen35moe,UD-IQ3_XXS,30,2,16384,512,none,f16,,n/a,,,4.83,-2.927,60 (METHOD.md:60),,MemAvailable before minus after (includes page cache),2026-09-09,records/measurements/fleet-gaps-2026-09-09/results-arms-srv1-m3-experts.json,m3x-experts-p0.20-1,
wake_s,135.6751,s,,,srv1,srv1@hosts.json-decl-2026-09-03,llamacpp,llamacpp:b10644-L3,Qwen3.6-35B-A3B-UD-IQ3_XXS.gguf,qwen35moe,UD-IQ3_XXS,30,2,16384,512,none,f16,,n/a,,,5.33,-3.444,60 (METHOD.md:60),cold start,door-return minus StartedAt (rig.wake_from),2026-09-09,records/measurements/fleet-gaps-2026-09-09/results-arms-srv1-m3-experts.json,m3x-experts-n0.30-1,
card_steady_mib,5140,MiB,,,srv1,srv1@hosts.json-decl-2026-09-03,llamacpp,llamacpp:b10644-L3,Qwen3.6-35B-A3B-UD-IQ3_XXS.gguf,qwen35moe,UD-IQ3_XXS,30,2,16384,512,none,f16,,n/a,,,5.33,-3.444,60 (METHOD.md:60),,nvidia-smi memory.used after load,2026-09-09,records/measurements/fleet-gaps-2026-09-09/results-arms-srv1-m3-experts.json,m3x-experts-n0.30-1,
card_peak_minus_steady_mib,-14,MiB,,,srv1,srv1@hosts.json-decl-2026-09-03,llamacpp,llamacpp:b10644-L3,Qwen3.6-35B-A3B-UD-IQ3_XXS.gguf,qwen35moe,UD-IQ3_XXS,30,2,16384,512,none,f16,,n/a,,,5.33,-3.444,60 (METHOD.md:60),,1 Hz sampler peak minus steady,2026-09-09,records/measurements/fleet-gaps-2026-09-09/results-arms-srv1-m3-experts.json,m3x-experts-n0.30-1,
card_C_mib,2389.0,MiB,,,srv1,srv1@hosts.json-decl-2026-09-03,llamacpp,llamacpp:b10644-L3,Qwen3.6-35B-A3B-UD-IQ3_XXS.gguf,qwen35moe,UD-IQ3_XXS,30,2,16384,512,none,f16,,n/a,,,5.33,-3.444,60 (METHOD.md:60),,net card minus vramfit.experts_on_card (headroom.py method),2026-09-09,records/measurements/fleet-gaps-2026-09-09/results-arms-srv1-m3-experts.json,m3x-experts-n0.30-1,
shmem_unmapped_gib,8.0937,GiB,7.6758,0.4179,srv1,srv1@hosts.json-decl-2026-09-03,llamacpp,llamacpp:b10644-L3,Qwen3.6-35B-A3B-UD-IQ3_XXS.gguf,qwen35moe,UD-IQ3_XXS,30,2,16384,512,none,f16,,n/a,,,5.33,-3.444,60 (METHOD.md:60),,"/proc/meminfo Shmem steady (absolute, idle not subtracted)",2026-09-09,records/measurements/fleet-gaps-2026-09-09/results-arms-srv1-m3-experts.json,m3x-experts-n0.30-1,
decode_tok_s,26.8226,tok/s,,,srv1,srv1@hosts.json-decl-2026-09-03,llamacpp,llamacpp:b10644-L3,Qwen3.6-35B-A3B-UD-IQ3_XXS.gguf,qwen35moe,UD-IQ3_XXS,30,2,16384,512,none,f16,,n/a,,,5.33,-3.444,60 (METHOD.md:60),"cold (first request, 1 sample)","llama.cpp /completion timings.predicted_per_second, n=160",2026-09-09,records/measurements/fleet-gaps-2026-09-09/results-arms-srv1-m3-experts.json,m3x-experts-n0.30-1,
restarts,0,count,,,srv1,srv1@hosts.json-decl-2026-09-03,llamacpp,llamacpp:b10644-L3,Qwen3.6-35B-A3B-UD-IQ3_XXS.gguf,qwen35moe,UD-IQ3_XXS,30,2,16384,512,none,f16,,n/a,,,5.33,-3.444,60 (METHOD.md:60),,docker RestartCount,2026-09-09,records/measurements/fleet-gaps-2026-09-09/results-arms-srv1-m3-experts.json,m3x-experts-n0.30-1,
majfault_wake,22286,pages,,,srv1,srv1@hosts.json-decl-2026-09-03,llamacpp,llamacpp:b10644-L3,Qwen3.6-35B-A3B-UD-IQ3_XXS.gguf,qwen35moe,UD-IQ3_XXS,30,2,16384,512,none,f16,,n/a,,,5.33,-3.444,60 (METHOD.md:60),,/proc/vmstat pgmajfault delta over wake,2026-09-09,records/measurements/fleet-gaps-2026-09-09/results-arms-srv1-m3-experts.json,m3x-experts-n0.30-1,
pswpout_wake,66803,pages,,,srv1,srv1@hosts.json-decl-2026-09-03,llamacpp,llamacpp:b10644-L3,Qwen3.6-35B-A3B-UD-IQ3_XXS.gguf,qwen35moe,UD-IQ3_XXS,30,2,16384,512,none,f16,,n/a,,,5.33,-3.444,60 (METHOD.md:60),,/proc/vmstat pswpout delta over wake,2026-09-09,records/measurements/fleet-gaps-2026-09-09/results-arms-srv1-m3-experts.json,m3x-experts-n0.30-1,
memavailable_drop_gib,8.7523,GiB,,,srv1,srv1@hosts.json-decl-2026-09-03,llamacpp,llamacpp:b10644-L3,Qwen3.6-35B-A3B-UD-IQ3_XXS.gguf,qwen35moe,UD-IQ3_XXS,30,2,16384,512,none,f16,,n/a,,,5.33,-3.444,60 (METHOD.md:60),,MemAvailable before minus after (includes page cache),2026-09-09,records/measurements/fleet-gaps-2026-09-09/results-arms-srv1-m3-experts.json,m3x-experts-n0.30-1,
wake_s,141.0708,s,,,srv1,srv1@hosts.json-decl-2026-09-03,llamacpp,llamacpp:b10644-L3,Qwen3.6-35B-A3B-UD-IQ3_XXS.gguf,qwen35moe,UD-IQ3_XXS,30,2,16384,512,mapped,f16,,n/a,,,,1.915,60 (METHOD.md:60),cold start,door-return minus StartedAt (rig.wake_from),2026-09-09,records/measurements/fleet-gaps-2026-09-09/results-arms-srv1-m3-experts.json,m3x-restore-mapped-1,
card_steady_mib,5124,MiB,,,srv1,srv1@hosts.json-decl-2026-09-03,llamacpp,llamacpp:b10644-L3,Qwen3.6-35B-A3B-UD-IQ3_XXS.gguf,qwen35moe,UD-IQ3_XXS,30,2,16384,512,mapped,f16,,n/a,,,,1.915,60 (METHOD.md:60),,nvidia-smi memory.used after load,2026-09-09,records/measurements/fleet-gaps-2026-09-09/results-arms-srv1-m3-experts.json,m3x-restore-mapped-1,
card_peak_minus_steady_mib,-14,MiB,,,srv1,srv1@hosts.json-decl-2026-09-03,llamacpp,llamacpp:b10644-L3,Qwen3.6-35B-A3B-UD-IQ3_XXS.gguf,qwen35moe,UD-IQ3_XXS,30,2,16384,512,mapped,f16,,n/a,,,,1.915,60 (METHOD.md:60),,1 Hz sampler peak minus steady,2026-09-09,records/measurements/fleet-gaps-2026-09-09/results-arms-srv1-m3-experts.json,m3x-restore-mapped-1,
card_C_mib,2373.0,MiB,,,srv1,srv1@hosts.json-decl-2026-09-03,llamacpp,llamacpp:b10644-L3,Qwen3.6-35B-A3B-UD-IQ3_XXS.gguf,qwen35moe,UD-IQ3_XXS,30,2,16384,512,mapped,f16,,n/a,,,,1.915,60 (METHOD.md:60),,net card minus vramfit.experts_on_card (headroom.py method),2026-09-09,records/measurements/fleet-gaps-2026-09-09/results-arms-srv1-m3-experts.json,m3x-restore-mapped-1,
shmem_mapped_unit_gib,0.0295,GiB,,,srv1,srv1@hosts.json-decl-2026-09-03,llamacpp,llamacpp:b10644-L3,Qwen3.6-35B-A3B-UD-IQ3_XXS.gguf,qwen35moe,UD-IQ3_XXS,30,2,16384,512,mapped,f16,,n/a,,,,1.915,60 (METHOD.md:60),,/proc/meminfo Shmem steady,2026-09-09,records/measurements/fleet-gaps-2026-09-09/results-arms-srv1-m3-experts.json,m3x-restore-mapped-1,
decode_tok_s,24.4229,tok/s,,,srv1,srv1@hosts.json-decl-2026-09-03,llamacpp,llamacpp:b10644-L3,Qwen3.6-35B-A3B-UD-IQ3_XXS.gguf,qwen35moe,UD-IQ3_XXS,30,2,16384,512,mapped,f16,,n/a,,,,1.915,60 (METHOD.md:60),"cold (first request, 1 sample)","llama.cpp /completion timings.predicted_per_second, n=160",2026-09-09,records/measurements/fleet-gaps-2026-09-09/results-arms-srv1-m3-experts.json,m3x-restore-mapped-1,
restarts,0,count,,,srv1,srv1@hosts.json-decl-2026-09-03,llamacpp,llamacpp:b10644-L3,Qwen3.6-35B-A3B-UD-IQ3_XXS.gguf,qwen35moe,UD-IQ3_XXS,30,2,16384,512,mapped,f16,,n/a,,,,1.915,60 (METHOD.md:60),,docker RestartCount,2026-09-09,records/measurements/fleet-gaps-2026-09-09/results-arms-srv1-m3-experts.json,m3x-restore-mapped-1,
majfault_wake,12392,pages,,,srv1,srv1@hosts.json-decl-2026-09-03,llamacpp,llamacpp:b10644-L3,Qwen3.6-35B-A3B-UD-IQ3_XXS.gguf,qwen35moe,UD-IQ3_XXS,30,2,16384,512,mapped,f16,,n/a,,,,1.915,60 (METHOD.md:60),,/proc/vmstat pgmajfault delta over wake,2026-09-09,records/measurements/fleet-gaps-2026-09-09/results-arms-srv1-m3-experts.json,m3x-restore-mapped-1,
pswpout_wake,31872,pages,,,srv1,srv1@hosts.json-decl-2026-09-03,llamacpp,llamacpp:b10644-L3,Qwen3.6-35B-A3B-UD-IQ3_XXS.gguf,qwen35moe,UD-IQ3_XXS,30,2,16384,512,mapped,f16,,n/a,,,,1.915,60 (METHOD.md:60),,/proc/vmstat pswpout delta over wake,2026-09-09,records/measurements/fleet-gaps-2026-09-09/results-arms-srv1-m3-experts.json,m3x-restore-mapped-1,
memavailable_drop_gib,0.726,GiB,,,srv1,srv1@hosts.json-decl-2026-09-03,llamacpp,llamacpp:b10644-L3,Qwen3.6-35B-A3B-UD-IQ3_XXS.gguf,qwen35moe,UD-IQ3_XXS,30,2,16384,512,mapped,f16,,n/a,,,,1.915,60 (METHOD.md:60),,MemAvailable before minus after (includes page cache),2026-09-09,records/measurements/fleet-gaps-2026-09-09/results-arms-srv1-m3-experts.json,m3x-restore-mapped-1,
wake_s,71.08,s,,,srv1,srv1@hosts.json-decl-2026-09-03,llamacpp,llamacpp:b10644-L3,Ling-3.0-tiny-Q4_K_M.gguf,bailingmoe3,Q4_K_M,0,2,8192,512,mapped,f16,,n/a,,,,9.658,60 (METHOD.md:60),cold start,door-return minus StartedAt (rig.wake_from),2026-09-09,records/measurements/fleet-gaps-2026-09-09/results-arms-srv1-rate.json,r-srv1-ling-1,
card_steady_mib,4834,MiB,,,srv1,srv1@hosts.json-decl-2026-09-03,llamacpp,llamacpp:b10644-L3,Ling-3.0-tiny-Q4_K_M.gguf,bailingmoe3,Q4_K_M,0,2,8192,512,mapped,f16,,n/a,,,,9.658,60 (METHOD.md:60),,nvidia-smi memory.used after load,2026-09-09,records/measurements/fleet-gaps-2026-09-09/results-arms-srv1-rate.json,r-srv1-ling-1,
card_peak_minus_steady_mib,-26,MiB,,,srv1,srv1@hosts.json-decl-2026-09-03,llamacpp,llamacpp:b10644-L3,Ling-3.0-tiny-Q4_K_M.gguf,bailingmoe3,Q4_K_M,0,2,8192,512,mapped,f16,,n/a,,,,9.658,60 (METHOD.md:60),,1 Hz sampler peak minus steady,2026-09-09,records/measurements/fleet-gaps-2026-09-09/results-arms-srv1-rate.json,r-srv1-ling-1,
card_C_mib,818.75,MiB,,,srv1,srv1@hosts.json-decl-2026-09-03,llamacpp,llamacpp:b10644-L3,Ling-3.0-tiny-Q4_K_M.gguf,bailingmoe3,Q4_K_M,0,2,8192,512,mapped,f16,,n/a,,,,9.658,60 (METHOD.md:60),,net card minus vramfit.experts_on_card (headroom.py method),2026-09-09,records/measurements/fleet-gaps-2026-09-09/results-arms-srv1-rate.json,r-srv1-ling-1,
shmem_mapped_unit_gib,0.0237,GiB,,,srv1,srv1@hosts.json-decl-2026-09-03,llamacpp,llamacpp:b10644-L3,Ling-3.0-tiny-Q4_K_M.gguf,bailingmoe3,Q4_K_M,0,2,8192,512,mapped,f16,,n/a,,,,9.658,60 (METHOD.md:60),,/proc/meminfo Shmem steady,2026-09-09,records/measurements/fleet-gaps-2026-09-09/results-arms-srv1-rate.json,r-srv1-ling-1,
decode_tok_s,113.9573,tok/s,,,srv1,srv1@hosts.json-decl-2026-09-03,llamacpp,llamacpp:b10644-L3,Ling-3.0-tiny-Q4_K_M.gguf,bailingmoe3,Q4_K_M,0,2,8192,512,mapped,f16,,n/a,,,,9.658,60 (METHOD.md:60),"cold (first request, 1 sample)","llama.cpp /completion timings.predicted_per_second, n=160",2026-09-09,records/measurements/fleet-gaps-2026-09-09/results-arms-srv1-rate.json,r-srv1-ling-1,
majfault_wake,5597,pages,,,srv1,srv1@hosts.json-decl-2026-09-03,llamacpp,llamacpp:b10644-L3,Ling-3.0-tiny-Q4_K_M.gguf,bailingmoe3,Q4_K_M,0,2,8192,512,mapped,f16,,n/a,,,,9.658,60 (METHOD.md:60),,/proc/vmstat pgmajfault delta over wake,2026-09-09,records/measurements/fleet-gaps-2026-09-09/results-arms-srv1-rate.json,r-srv1-ling-1,
pswpout_wake,0,pages,,,srv1,srv1@hosts.json-decl-2026-09-03,llamacpp,llamacpp:b10644-L3,Ling-3.0-tiny-Q4_K_M.gguf,bailingmoe3,Q4_K_M,0,2,8192,512,mapped,f16,,n/a,,,,9.658,60 (METHOD.md:60),,/proc/vmstat pswpout delta over wake,2026-09-09,records/measurements/fleet-gaps-2026-09-09/results-arms-srv1-rate.json,r-srv1-ling-1,
memavailable_drop_gib,0.7147,GiB,,,srv1,srv1@hosts.json-decl-2026-09-03,llamacpp,llamacpp:b10644-L3,Ling-3.0-tiny-Q4_K_M.gguf,bailingmoe3,Q4_K_M,0,2,8192,512,mapped,f16,,n/a,,,,9.658,60 (METHOD.md:60),,MemAvailable before minus after (includes page cache),2026-09-09,records/measurements/fleet-gaps-2026-09-09/results-arms-srv1-rate.json,r-srv1-ling-1,
wake_s,74.0622,s,,,srv1,srv1@hosts.json-decl-2026-09-03,llamacpp,llamacpp:b10644-L3,Ling-3.0-tiny-Q4_K_M.gguf,bailingmoe3,Q4_K_M,0,2,8192,512,mapped,f16,,n/a,,,,9.648,60 (METHOD.md:60),cold start,door-return minus StartedAt (rig.wake_from),2026-09-09,records/measurements/fleet-gaps-2026-09-09/results-arms-srv1-rate.json,r-srv1-ling-2,
card_steady_mib,4834,MiB,,,srv1,srv1@hosts.json-decl-2026-09-03,llamacpp,llamacpp:b10644-L3,Ling-3.0-tiny-Q4_K_M.gguf,bailingmoe3,Q4_K_M,0,2,8192,512,mapped,f16,,n/a,,,,9.648,60 (METHOD.md:60),,nvidia-smi memory.used after load,2026-09-09,records/measurements/fleet-gaps-2026-09-09/results-arms-srv1-rate.json,r-srv1-ling-2,
card_peak_minus_steady_mib,-26,MiB,,,srv1,srv1@hosts.json-decl-2026-09-03,llamacpp,llamacpp:b10644-L3,Ling-3.0-tiny-Q4_K_M.gguf,bailingmoe3,Q4_K_M,0,2,8192,512,mapped,f16,,n/a,,,,9.648,60 (METHOD.md:60),,1 Hz sampler peak minus steady,2026-09-09,records/measurements/fleet-gaps-2026-09-09/results-arms-srv1-rate.json,r-srv1-ling-2,
card_C_mib,818.75,MiB,,,srv1,srv1@hosts.json-decl-2026-09-03,llamacpp,llamacpp:b10644-L3,Ling-3.0-tiny-Q4_K_M.gguf,bailingmoe3,Q4_K_M,0,2,8192,512,mapped,f16,,n/a,,,,9.648,60 (METHOD.md:60),,net card minus vramfit.experts_on_card (headroom.py method),2026-09-09,records/measurements/fleet-gaps-2026-09-09/results-arms-srv1-rate.json,r-srv1-ling-2,
shmem_mapped_unit_gib,0.0237,GiB,,,srv1,srv1@hosts.json-decl-2026-09-03,llamacpp,llamacpp:b10644-L3,Ling-3.0-tiny-Q4_K_M.gguf,bailingmoe3,Q4_K_M,0,2,8192,512,mapped,f16,,n/a,,,,9.648,60 (METHOD.md:60),,/proc/meminfo Shmem steady,2026-09-09,records/measurements/fleet-gaps-2026-09-09/results-arms-srv1-rate.json,r-srv1-ling-2,
decode_tok_s,114.0859,tok/s,,,srv1,srv1@hosts.json-decl-2026-09-03,llamacpp,llamacpp:b10644-L3,Ling-3.0-tiny-Q4_K_M.gguf,bailingmoe3,Q4_K_M,0,2,8192,512,mapped,f16,,n/a,,,,9.648,60 (METHOD.md:60),"cold (first request, 1 sample)","llama.cpp /completion timings.predicted_per_second, n=160",2026-09-09,records/measurements/fleet-gaps-2026-09-09/results-arms-srv1-rate.json,r-srv1-ling-2,
majfault_wake,5434,pages,,,srv1,srv1@hosts.json-decl-2026-09-03,llamacpp,llamacpp:b10644-L3,Ling-3.0-tiny-Q4_K_M.gguf,bailingmoe3,Q4_K_M,0,2,8192,512,mapped,f16,,n/a,,,,9.648,60 (METHOD.md:60),,/proc/vmstat pgmajfault delta over wake,2026-09-09,records/measurements/fleet-gaps-2026-09-09/results-arms-srv1-rate.json,r-srv1-ling-2,
pswpout_wake,0,pages,,,srv1,srv1@hosts.json-decl-2026-09-03,llamacpp,llamacpp:b10644-L3,Ling-3.0-tiny-Q4_K_M.gguf,bailingmoe3,Q4_K_M,0,2,8192,512,mapped,f16,,n/a,,,,9.648,60 (METHOD.md:60),,/proc/vmstat pswpout delta over wake,2026-09-09,records/measurements/fleet-gaps-2026-09-09/results-arms-srv1-rate.json,r-srv1-ling-2,
memavailable_drop_gib,0.7009,GiB,,,srv1,srv1@hosts.json-decl-2026-09-03,llamacpp,llamacpp:b10644-L3,Ling-3.0-tiny-Q4_K_M.gguf,bailingmoe3,Q4_K_M,0,2,8192,512,mapped,f16,,n/a,,,,9.648,60 (METHOD.md:60),,MemAvailable before minus after (includes page cache),2026-09-09,records/measurements/fleet-gaps-2026-09-09/results-arms-srv1-rate.json,r-srv1-ling-2,
wake_s,125.0814,s,,,srv1,srv1@hosts.json-decl-2026-09-03,llamacpp,llamacpp:b10644-L3,gemma-4-26B-A4B-it-UD-IQ3_XXS.gguf,gemma4,UD-IQ3_XXS,22,2,8192,512,mapped,f16,,n/a,,,,3.605,60 (METHOD.md:60),cold start,door-return minus StartedAt (rig.wake_from),2026-09-09,records/measurements/fleet-gaps-2026-09-09/results-arms-srv1-rate.json,r-srv1-gemma-1,
card_steady_mib,5560,MiB,,,srv1,srv1@hosts.json-decl-2026-09-03,llamacpp,llamacpp:b10644-L3,gemma-4-26B-A4B-it-UD-IQ3_XXS.gguf,gemma4,UD-IQ3_XXS,22,2,8192,512,mapped,f16,,n/a,,,,3.605,60 (METHOD.md:60),,nvidia-smi memory.used after load,2026-09-09,records/measurements/fleet-gaps-2026-09-09/results-arms-srv1-rate.json,r-srv1-gemma-1,
card_peak_minus_steady_mib,-14,MiB,,,srv1,srv1@hosts.json-decl-2026-09-03,llamacpp,llamacpp:b10644-L3,gemma-4-26B-A4B-it-UD-IQ3_XXS.gguf,gemma4,UD-IQ3_XXS,22,2,8192,512,mapped,f16,,n/a,,,,3.605,60 (METHOD.md:60),,1 Hz sampler peak minus steady,2026-09-09,records/measurements/fleet-gaps-2026-09-09/results-arms-srv1-rate.json,r-srv1-gemma-1,
card_C_mib,3039.8086,MiB,,,srv1,srv1@hosts.json-decl-2026-09-03,llamacpp,llamacpp:b10644-L3,gemma-4-26B-A4B-it-UD-IQ3_XXS.gguf,gemma4,UD-IQ3_XXS,22,2,8192,512,mapped,f16,,n/a,,,,3.605,60 (METHOD.md:60),,net card minus vramfit.experts_on_card (headroom.py method),2026-09-09,records/measurements/fleet-gaps-2026-09-09/results-arms-srv1-rate.json,r-srv1-gemma-1,
shmem_mapped_unit_gib,0.03,GiB,,,srv1,srv1@hosts.json-decl-2026-09-03,llamacpp,llamacpp:b10644-L3,gemma-4-26B-A4B-it-UD-IQ3_XXS.gguf,gemma4,UD-IQ3_XXS,22,2,8192,512,mapped,f16,,n/a,,,,3.605,60 (METHOD.md:60),,/proc/meminfo Shmem steady,2026-09-09,records/measurements/fleet-gaps-2026-09-09/results-arms-srv1-rate.json,r-srv1-gemma-1,
decode_tok_s,31.2624,tok/s,,,srv1,srv1@hosts.json-decl-2026-09-03,llamacpp,llamacpp:b10644-L3,gemma-4-26B-A4B-it-UD-IQ3_XXS.gguf,gemma4,UD-IQ3_XXS,22,2,8192,512,mapped,f16,,n/a,,,,3.605,60 (METHOD.md:60),"cold (first request, 1 sample)","llama.cpp /completion timings.predicted_per_second, n=160",2026-09-09,records/measurements/fleet-gaps-2026-09-09/results-arms-srv1-rate.json,r-srv1-gemma-1,
majfault_wake,8397,pages,,,srv1,srv1@hosts.json-decl-2026-09-03,llamacpp,llamacpp:b10644-L3,gemma-4-26B-A4B-it-UD-IQ3_XXS.gguf,gemma4,UD-IQ3_XXS,22,2,8192,512,mapped,f16,,n/a,,,,3.605,60 (METHOD.md:60),,/proc/vmstat pgmajfault delta over wake,2026-09-09,records/measurements/fleet-gaps-2026-09-09/results-arms-srv1-rate.json,r-srv1-gemma-1,
pswpout_wake,1092,pages,,,srv1,srv1@hosts.json-decl-2026-09-03,llamacpp,llamacpp:b10644-L3,gemma-4-26B-A4B-it-UD-IQ3_XXS.gguf,gemma4,UD-IQ3_XXS,22,2,8192,512,mapped,f16,,n/a,,,,3.605,60 (METHOD.md:60),,/proc/vmstat pswpout delta over wake,2026-09-09,records/measurements/fleet-gaps-2026-09-09/results-arms-srv1-rate.json,r-srv1-gemma-1,
memavailable_drop_gib,0.7579,GiB,,,srv1,srv1@hosts.json-decl-2026-09-03,llamacpp,llamacpp:b10644-L3,gemma-4-26B-A4B-it-UD-IQ3_XXS.gguf,gemma4,UD-IQ3_XXS,22,2,8192,512,mapped,f16,,n/a,,,,3.605,60 (METHOD.md:60),,MemAvailable before minus after (includes page cache),2026-09-09,records/measurements/fleet-gaps-2026-09-09/results-arms-srv1-rate.json,r-srv1-gemma-1,
wake_s,125.35,s,,,srv1,srv1@hosts.json-decl-2026-09-03,llamacpp,llamacpp:b10644-L3,gemma-4-26B-A4B-it-UD-IQ3_XXS.gguf,gemma4,UD-IQ3_XXS,22,2,8192,512,mapped,f16,,n/a,,,,3.612,60 (METHOD.md:60),cold start,door-return minus StartedAt (rig.wake_from),2026-09-09,records/measurements/fleet-gaps-2026-09-09/results-arms-srv1-rate.json,r-srv1-gemma-2,
card_steady_mib,5560,MiB,,,srv1,srv1@hosts.json-decl-2026-09-03,llamacpp,llamacpp:b10644-L3,gemma-4-26B-A4B-it-UD-IQ3_XXS.gguf,gemma4,UD-IQ3_XXS,22,2,8192,512,mapped,f16,,n/a,,,,3.612,60 (METHOD.md:60),,nvidia-smi memory.used after load,2026-09-09,records/measurements/fleet-gaps-2026-09-09/results-arms-srv1-rate.json,r-srv1-gemma-2,
card_peak_minus_steady_mib,-14,MiB,,,srv1,srv1@hosts.json-decl-2026-09-03,llamacpp,llamacpp:b10644-L3,gemma-4-26B-A4B-it-UD-IQ3_XXS.gguf,gemma4,UD-IQ3_XXS,22,2,8192,512,mapped,f16,,n/a,,,,3.612,60 (METHOD.md:60),,1 Hz sampler peak minus steady,2026-09-09,records/measurements/fleet-gaps-2026-09-09/results-arms-srv1-rate.json,r-srv1-gemma-2,
card_C_mib,3039.8086,MiB,,,srv1,srv1@hosts.json-decl-2026-09-03,llamacpp,llamacpp:b10644-L3,gemma-4-26B-A4B-it-UD-IQ3_XXS.gguf,gemma4,UD-IQ3_XXS,22,2,8192,512,mapped,f16,,n/a,,,,3.612,60 (METHOD.md:60),,net card minus vramfit.experts_on_card (headroom.py method),2026-09-09,records/measurements/fleet-gaps-2026-09-09/results-arms-srv1-rate.json,r-srv1-gemma-2,
shmem_mapped_unit_gib,0.03,GiB,,,srv1,srv1@hosts.json-decl-2026-09-03,llamacpp,llamacpp:b10644-L3,gemma-4-26B-A4B-it-UD-IQ3_XXS.gguf,gemma4,UD-IQ3_XXS,22,2,8192,512,mapped,f16,,n/a,,,,3.612,60 (METHOD.md:60),,/proc/meminfo Shmem steady,2026-09-09,records/measurements/fleet-gaps-2026-09-09/results-arms-srv1-rate.json,r-srv1-gemma-2,
decode_tok_s,30.8784,tok/s,,,srv1,srv1@hosts.json-decl-2026-09-03,llamacpp,llamacpp:b10644-L3,gemma-4-26B-A4B-it-UD-IQ3_XXS.gguf,gemma4,UD-IQ3_XXS,22,2,8192,512,mapped,f16,,n/a,,,,3.612,60 (METHOD.md:60),"cold (first request, 1 sample)","llama.cpp /completion timings.predicted_per_second, n=160",2026-09-09,records/measurements/fleet-gaps-2026-09-09/results-arms-srv1-rate.json,r-srv1-gemma-2,
majfault_wake,11967,pages,,,srv1,srv1@hosts.json-decl-2026-09-03,llamacpp,llamacpp:b10644-L3,gemma-4-26B-A4B-it-UD-IQ3_XXS.gguf,gemma4,UD-IQ3_XXS,22,2,8192,512,mapped,f16,,n/a,,,,3.612,60 (METHOD.md:60),,/proc/vmstat pgmajfault delta over wake,2026-09-09,records/measurements/fleet-gaps-2026-09-09/results-arms-srv1-rate.json,r-srv1-gemma-2,
pswpout_wake,58401,pages,,,srv1,srv1@hosts.json-decl-2026-09-03,llamacpp,llamacpp:b10644-L3,gemma-4-26B-A4B-it-UD-IQ3_XXS.gguf,gemma4,UD-IQ3_XXS,22,2,8192,512,mapped,f16,,n/a,,,,3.612,60 (METHOD.md:60),,/proc/vmstat pswpout delta over wake,2026-09-09,records/measurements/fleet-gaps-2026-09-09/results-arms-srv1-rate.json,r-srv1-gemma-2,
memavailable_drop_gib,0.5992,GiB,,,srv1,srv1@hosts.json-decl-2026-09-03,llamacpp,llamacpp:b10644-L3,gemma-4-26B-A4B-it-UD-IQ3_XXS.gguf,gemma4,UD-IQ3_XXS,22,2,8192,512,mapped,f16,,n/a,,,,3.612,60 (METHOD.md:60),,MemAvailable before minus after (includes page cache),2026-09-09,records/measurements/fleet-gaps-2026-09-09/results-arms-srv1-rate.json,r-srv1-gemma-2,
wake_s,137.7228,s,,,srv1,srv1@hosts.json-decl-2026-09-03,llamacpp,llamacpp:b10644-L3,Qwen3.6-35B-A3B-UD-IQ3_XXS.gguf,qwen35moe,UD-IQ3_XXS,30,2,16384,512,mapped,f16,,n/a,,,,1.926,60 (METHOD.md:60),cold start,door-return minus StartedAt (rig.wake_from),2026-09-09,records/measurements/fleet-gaps-2026-09-09/results-arms-srv1-rate.json,r-srv1-qwen-mapped-1,
card_steady_mib,5124,MiB,,,srv1,srv1@hosts.json-decl-2026-09-03,llamacpp,llamacpp:b10644-L3,Qwen3.6-35B-A3B-UD-IQ3_XXS.gguf,qwen35moe,UD-IQ3_XXS,30,2,16384,512,mapped,f16,,n/a,,,,1.926,60 (METHOD.md:60),,nvidia-smi memory.used after load,2026-09-09,records/measurements/fleet-gaps-2026-09-09/results-arms-srv1-rate.json,r-srv1-qwen-mapped-1,
card_peak_minus_steady_mib,-14,MiB,,,srv1,srv1@hosts.json-decl-2026-09-03,llamacpp,llamacpp:b10644-L3,Qwen3.6-35B-A3B-UD-IQ3_XXS.gguf,qwen35moe,UD-IQ3_XXS,30,2,16384,512,mapped,f16,,n/a,,,,1.926,60 (METHOD.md:60),,1 Hz sampler peak minus steady,2026-09-09,records/measurements/fleet-gaps-2026-09-09/results-arms-srv1-rate.json,r-srv1-qwen-mapped-1,
card_C_mib,2373.0,MiB,,,srv1,srv1@hosts.json-decl-2026-09-03,llamacpp,llamacpp:b10644-L3,Qwen3.6-35B-A3B-UD-IQ3_XXS.gguf,qwen35moe,UD-IQ3_XXS,30,2,16384,512,mapped,f16,,n/a,,,,1.926,60 (METHOD.md:60),,net card minus vramfit.experts_on_card (headroom.py method),2026-09-09,records/measurements/fleet-gaps-2026-09-09/results-arms-srv1-rate.json,r-srv1-qwen-mapped-1,
shmem_mapped_unit_gib,0.0295,GiB,,,srv1,srv1@hosts.json-decl-2026-09-03,llamacpp,llamacpp:b10644-L3,Qwen3.6-35B-A3B-UD-IQ3_XXS.gguf,qwen35moe,UD-IQ3_XXS,30,2,16384,512,mapped,f16,,n/a,,,,1.926,60 (METHOD.md:60),,/proc/meminfo Shmem steady,2026-09-09,records/measurements/fleet-gaps-2026-09-09/results-arms-srv1-rate.json,r-srv1-qwen-mapped-1,
decode_tok_s,24.6767,tok/s,,,srv1,srv1@hosts.json-decl-2026-09-03,llamacpp,llamacpp:b10644-L3,Qwen3.6-35B-A3B-UD-IQ3_XXS.gguf,qwen35moe,UD-IQ3_XXS,30,2,16384,512,mapped,f16,,n/a,,,,1.926,60 (METHOD.md:60),"cold (first request, 1 sample)","llama.cpp /completion timings.predicted_per_second, n=160",2026-09-09,records/measurements/fleet-gaps-2026-09-09/results-arms-srv1-rate.json,r-srv1-qwen-mapped-1,
majfault_wake,13189,pages,,,srv1,srv1@hosts.json-decl-2026-09-03,llamacpp,llamacpp:b10644-L3,Qwen3.6-35B-A3B-UD-IQ3_XXS.gguf,qwen35moe,UD-IQ3_XXS,30,2,16384,512,mapped,f16,,n/a,,,,1.926,60 (METHOD.md:60),,/proc/vmstat pgmajfault delta over wake,2026-09-09,records/measurements/fleet-gaps-2026-09-09/results-arms-srv1-rate.json,r-srv1-qwen-mapped-1,
pswpout_wake,51367,pages,,,srv1,srv1@hosts.json-decl-2026-09-03,llamacpp,llamacpp:b10644-L3,Qwen3.6-35B-A3B-UD-IQ3_XXS.gguf,qwen35moe,UD-IQ3_XXS,30,2,16384,512,mapped,f16,,n/a,,,,1.926,60 (METHOD.md:60),,/proc/vmstat pswpout delta over wake,2026-09-09,records/measurements/fleet-gaps-2026-09-09/results-arms-srv1-rate.json,r-srv1-qwen-mapped-1,
memavailable_drop_gib,0.6485,GiB,,,srv1,srv1@hosts.json-decl-2026-09-03,llamacpp,llamacpp:b10644-L3,Qwen3.6-35B-A3B-UD-IQ3_XXS.gguf,qwen35moe,UD-IQ3_XXS,30,2,16384,512,mapped,f16,,n/a,,,,1.926,60 (METHOD.md:60),,MemAvailable before minus after (includes page cache),2026-09-09,records/measurements/fleet-gaps-2026-09-09/results-arms-srv1-rate.json,r-srv1-qwen-mapped-1,
wake_s,141.5473,s,,,srv1,srv1@hosts.json-decl-2026-09-03,llamacpp,llamacpp:b10644-L3,Qwen3.6-35B-A3B-UD-IQ3_XXS.gguf,qwen35moe,UD-IQ3_XXS,30,2,16384,512,mapped,f16,,n/a,,,,1.899,60 (METHOD.md:60),cold start,door-return minus StartedAt (rig.wake_from),2026-09-09,records/measurements/fleet-gaps-2026-09-09/results-arms-srv1-rate.json,r-srv1-qwen-mapped-2,
card_steady_mib,5124,MiB,,,srv1,srv1@hosts.json-decl-2026-09-03,llamacpp,llamacpp:b10644-L3,Qwen3.6-35B-A3B-UD-IQ3_XXS.gguf,qwen35moe,UD-IQ3_XXS,30,2,16384,512,mapped,f16,,n/a,,,,1.899,60 (METHOD.md:60),,nvidia-smi memory.used after load,2026-09-09,records/measurements/fleet-gaps-2026-09-09/results-arms-srv1-rate.json,r-srv1-qwen-mapped-2,
card_peak_minus_steady_mib,-14,MiB,,,srv1,srv1@hosts.json-decl-2026-09-03,llamacpp,llamacpp:b10644-L3,Qwen3.6-35B-A3B-UD-IQ3_XXS.gguf,qwen35moe,UD-IQ3_XXS,30,2,16384,512,mapped,f16,,n/a,,,,1.899,60 (METHOD.md:60),,1 Hz sampler peak minus steady,2026-09-09,records/measurements/fleet-gaps-2026-09-09/results-arms-srv1-rate.json,r-srv1-qwen-mapped-2,
card_C_mib,2373.0,MiB,,,srv1,srv1@hosts.json-decl-2026-09-03,llamacpp,llamacpp:b10644-L3,Qwen3.6-35B-A3B-UD-IQ3_XXS.gguf,qwen35moe,UD-IQ3_XXS,30,2,16384,512,mapped,f16,,n/a,,,,1.899,60 (METHOD.md:60),,net card minus vramfit.experts_on_card (headroom.py method),2026-09-09,records/measurements/fleet-gaps-2026-09-09/results-arms-srv1-rate.json,r-srv1-qwen-mapped-2,
shmem_mapped_unit_gib,0.0295,GiB,,,srv1,srv1@hosts.json-decl-2026-09-03,llamacpp,llamacpp:b10644-L3,Qwen3.6-35B-A3B-UD-IQ3_XXS.gguf,qwen35moe,UD-IQ3_XXS,30,2,16384,512,mapped,f16,,n/a,,,,1.899,60 (METHOD.md:60),,/proc/meminfo Shmem steady,2026-09-09,records/measurements/fleet-gaps-2026-09-09/results-arms-srv1-rate.json,r-srv1-qwen-mapped-2,
decode_tok_s,25.3114,tok/s,,,srv1,srv1@hosts.json-decl-2026-09-03,llamacpp,llamacpp:b10644-L3,Qwen3.6-35B-A3B-UD-IQ3_XXS.gguf,qwen35moe,UD-IQ3_XXS,30,2,16384,512,mapped,f16,,n/a,,,,1.899,60 (METHOD.md:60),"cold (first request, 1 sample)","llama.cpp /completion timings.predicted_per_second, n=160",2026-09-09,records/measurements/fleet-gaps-2026-09-09/results-arms-srv1-rate.json,r-srv1-qwen-mapped-2,
majfault_wake,11410,pages,,,srv1,srv1@hosts.json-decl-2026-09-03,llamacpp,llamacpp:b10644-L3,Qwen3.6-35B-A3B-UD-IQ3_XXS.gguf,qwen35moe,UD-IQ3_XXS,30,2,16384,512,mapped,f16,,n/a,,,,1.899,60 (METHOD.md:60),,/proc/vmstat pgmajfault delta over wake,2026-09-09,records/measurements/fleet-gaps-2026-09-09/results-arms-srv1-rate.json,r-srv1-qwen-mapped-2,
pswpout_wake,48745,pages,,,srv1,srv1@hosts.json-decl-2026-09-03,llamacpp,llamacpp:b10644-L3,Qwen3.6-35B-A3B-UD-IQ3_XXS.gguf,qwen35moe,UD-IQ3_XXS,30,2,16384,512,mapped,f16,,n/a,,,,1.899,60 (METHOD.md:60),,/proc/vmstat pswpout delta over wake,2026-09-09,records/measurements/fleet-gaps-2026-09-09/results-arms-srv1-rate.json,r-srv1-qwen-mapped-2,
memavailable_drop_gib,0.621,GiB,,,srv1,srv1@hosts.json-decl-2026-09-03,llamacpp,llamacpp:b10644-L3,Qwen3.6-35B-A3B-UD-IQ3_XXS.gguf,qwen35moe,UD-IQ3_XXS,30,2,16384,512,mapped,f16,,n/a,,,,1.899,60 (METHOD.md:60),,MemAvailable before minus after (includes page cache),2026-09-09,records/measurements/fleet-gaps-2026-09-09/results-arms-srv1-rate.json,r-srv1-qwen-mapped-2,
wake_s,105.5029,s,,,srv2,srv2@hosts.json-decl-2026-09-03,llamacpp,llamacpp:b10644-L3,Qwen3-Next-80B-A3B-Instruct-Q3_K_M.gguf,qwen3next,Q3_K_M,36,2,8192,512,mapped,f16,,n/a,,,,9.0,60 (METHOD.md:60),cold start,door-return minus StartedAt (rig.wake_from),2026-09-09,records/measurements/fleet-gaps-2026-09-09/results-arms-srv2-m1-80b.json,m1-80b-mapped-n36-1,
card_steady_mib,11167,MiB,,,srv2,srv2@hosts.json-decl-2026-09-03,llamacpp,llamacpp:b10644-L3,Qwen3-Next-80B-A3B-Instruct-Q3_K_M.gguf,qwen3next,Q3_K_M,36,2,8192,512,mapped,f16,,n/a,,,,9.0,60 (METHOD.md:60),,nvidia-smi memory.used after load,2026-09-09,records/measurements/fleet-gaps-2026-09-09/results-arms-srv2-m1-80b.json,m1-80b-mapped-n36-1,
card_peak_minus_steady_mib,-2,MiB,,,srv2,srv2@hosts.json-decl-2026-09-03,llamacpp,llamacpp:b10644-L3,Qwen3-Next-80B-A3B-Instruct-Q3_K_M.gguf,qwen3next,Q3_K_M,36,2,8192,512,mapped,f16,,n/a,,,,9.0,60 (METHOD.md:60),,1 Hz sampler peak minus steady,2026-09-09,records/measurements/fleet-gaps-2026-09-09/results-arms-srv2-m1-80b.json,m1-80b-mapped-n36-1,
card_C_mib,2430.0,MiB,,,srv2,srv2@hosts.json-decl-2026-09-03,llamacpp,llamacpp:b10644-L3,Qwen3-Next-80B-A3B-Instruct-Q3_K_M.gguf,qwen3next,Q3_K_M,36,2,8192,512,mapped,f16,,n/a,,,,9.0,60 (METHOD.md:60),,net card minus vramfit.experts_on_card (headroom.py method),2026-09-09,records/measurements/fleet-gaps-2026-09-09/results-arms-srv2-m1-80b.json,m1-80b-mapped-n36-1,
shmem_mapped_unit_gib,0.0242,GiB,,,srv2,srv2@hosts.json-decl-2026-09-03,llamacpp,llamacpp:b10644-L3,Qwen3-Next-80B-A3B-Instruct-Q3_K_M.gguf,qwen3next,Q3_K_M,36,2,8192,512,mapped,f16,,n/a,,,,9.0,60 (METHOD.md:60),,/proc/meminfo Shmem steady,2026-09-09,records/measurements/fleet-gaps-2026-09-09/results-arms-srv2-m1-80b.json,m1-80b-mapped-n36-1,
decode_tok_s,13.0178,tok/s,,,srv2,srv2@hosts.json-decl-2026-09-03,llamacpp,llamacpp:b10644-L3,Qwen3-Next-80B-A3B-Instruct-Q3_K_M.gguf,qwen3next,Q3_K_M,36,2,8192,512,mapped,f16,,n/a,,,,9.0,60 (METHOD.md:60),"cold (first request, 1 sample)","llama.cpp /completion timings.predicted_per_second, n=160",2026-09-09,records/measurements/fleet-gaps-2026-09-09/results-arms-srv2-m1-80b.json,m1-80b-mapped-n36-1,
restarts,0,count,,,srv2,srv2@hosts.json-decl-2026-09-03,llamacpp,llamacpp:b10644-L3,Qwen3-Next-80B-A3B-Instruct-Q3_K_M.gguf,qwen3next,Q3_K_M,36,2,8192,512,mapped,f16,,n/a,,,,9.0,60 (METHOD.md:60),,docker RestartCount,2026-09-09,records/measurements/fleet-gaps-2026-09-09/results-arms-srv2-m1-80b.json,m1-80b-mapped-n36-1,
majfault_wake,5199,pages,,,srv2,srv2@hosts.json-decl-2026-09-03,llamacpp,llamacpp:b10644-L3,Qwen3-Next-80B-A3B-Instruct-Q3_K_M.gguf,qwen3next,Q3_K_M,36,2,8192,512,mapped,f16,,n/a,,,,9.0,60 (METHOD.md:60),,/proc/vmstat pgmajfault delta over wake,2026-09-09,records/measurements/fleet-gaps-2026-09-09/results-arms-srv2-m1-80b.json,m1-80b-mapped-n36-1,
pswpout_wake,0,pages,,,srv2,srv2@hosts.json-decl-2026-09-03,llamacpp,llamacpp:b10644-L3,Qwen3-Next-80B-A3B-Instruct-Q3_K_M.gguf,qwen3next,Q3_K_M,36,2,8192,512,mapped,f16,,n/a,,,,9.0,60 (METHOD.md:60),,/proc/vmstat pswpout delta over wake,2026-09-09,records/measurements/fleet-gaps-2026-09-09/results-arms-srv2-m1-80b.json,m1-80b-mapped-n36-1,
memavailable_drop_gib,1.0932,GiB,,,srv2,srv2@hosts.json-decl-2026-09-03,llamacpp,llamacpp:b10644-L3,Qwen3-Next-80B-A3B-Instruct-Q3_K_M.gguf,qwen3next,Q3_K_M,36,2,8192,512,mapped,f16,,n/a,,,,9.0,60 (METHOD.md:60),,MemAvailable before minus after (includes page cache),2026-09-09,records/measurements/fleet-gaps-2026-09-09/results-arms-srv2-m1-80b.json,m1-80b-mapped-n36-1,
wake_s,117.3068,s,,,srv2,srv2@hosts.json-decl-2026-09-03,llamacpp,llamacpp:b10644-L3,Qwen3-Next-80B-A3B-Instruct-Q3_K_M.gguf,qwen3next,Q3_K_M,36,2,8192,512,none,f16,,n/a,,,,8.97,60 (METHOD.md:60),cold start,door-return minus StartedAt (rig.wake_from),2026-09-09,records/measurements/fleet-gaps-2026-09-09/results-arms-srv2-m1-80b.json,m1-80b-unmapped-n36-1,
card_steady_mib,11219,MiB,,,srv2,srv2@hosts.json-decl-2026-09-03,llamacpp,llamacpp:b10644-L3,Qwen3-Next-80B-A3B-Instruct-Q3_K_M.gguf,qwen3next,Q3_K_M,36,2,8192,512,none,f16,,n/a,,,,8.97,60 (METHOD.md:60),,nvidia-smi memory.used after load,2026-09-09,records/measurements/fleet-gaps-2026-09-09/results-arms-srv2-m1-80b.json,m1-80b-unmapped-n36-1,
card_peak_minus_steady_mib,-2,MiB,,,srv2,srv2@hosts.json-decl-2026-09-03,llamacpp,llamacpp:b10644-L3,Qwen3-Next-80B-A3B-Instruct-Q3_K_M.gguf,qwen3next,Q3_K_M,36,2,8192,512,none,f16,,n/a,,,,8.97,60 (METHOD.md:60),,1 Hz sampler peak minus steady,2026-09-09,records/measurements/fleet-gaps-2026-09-09/results-arms-srv2-m1-80b.json,m1-80b-unmapped-n36-1,
card_C_mib,2482.0,MiB,,,srv2,srv2@hosts.json-decl-2026-09-03,llamacpp,llamacpp:b10644-L3,Qwen3-Next-80B-A3B-Instruct-Q3_K_M.gguf,qwen3next,Q3_K_M,36,2,8192,512,none,f16,,n/a,,,,8.97,60 (METHOD.md:60),,net card minus vramfit.experts_on_card (headroom.py method),2026-09-09,records/measurements/fleet-gaps-2026-09-09/results-arms-srv2-m1-80b.json,m1-80b-unmapped-n36-1,
shmem_unmapped_gib,25.9296,GiB,25.7812,0.1484,srv2,srv2@hosts.json-decl-2026-09-03,llamacpp,llamacpp:b10644-L3,Qwen3-Next-80B-A3B-Instruct-Q3_K_M.gguf,qwen3next,Q3_K_M,36,2,8192,512,none,f16,,n/a,,,,8.97,60 (METHOD.md:60),,"/proc/meminfo Shmem steady (absolute, idle not subtracted)",2026-09-09,records/measurements/fleet-gaps-2026-09-09/results-arms-srv2-m1-80b.json,m1-80b-unmapped-n36-1,
decode_tok_s,13.4638,tok/s,,,srv2,srv2@hosts.json-decl-2026-09-03,llamacpp,llamacpp:b10644-L3,Qwen3-Next-80B-A3B-Instruct-Q3_K_M.gguf,qwen3next,Q3_K_M,36,2,8192,512,none,f16,,n/a,,,,8.97,60 (METHOD.md:60),"cold (first request, 1 sample)","llama.cpp /completion timings.predicted_per_second, n=160",2026-09-09,records/measurements/fleet-gaps-2026-09-09/results-arms-srv2-m1-80b.json,m1-80b-unmapped-n36-1,
restarts,0,count,,,srv2,srv2@hosts.json-decl-2026-09-03,llamacpp,llamacpp:b10644-L3,Qwen3-Next-80B-A3B-Instruct-Q3_K_M.gguf,qwen3next,Q3_K_M,36,2,8192,512,none,f16,,n/a,,,,8.97,60 (METHOD.md:60),,docker RestartCount,2026-09-09,records/measurements/fleet-gaps-2026-09-09/results-arms-srv2-m1-80b.json,m1-80b-unmapped-n36-1,
majfault_wake,9460,pages,,,srv2,srv2@hosts.json-decl-2026-09-03,llamacpp,llamacpp:b10644-L3,Qwen3-Next-80B-A3B-Instruct-Q3_K_M.gguf,qwen3next,Q3_K_M,36,2,8192,512,none,f16,,n/a,,,,8.97,60 (METHOD.md:60),,/proc/vmstat pgmajfault delta over wake,2026-09-09,records/measurements/fleet-gaps-2026-09-09/results-arms-srv2-m1-80b.json,m1-80b-unmapped-n36-1,
pswpout_wake,2981,pages,,,srv2,srv2@hosts.json-decl-2026-09-03,llamacpp,llamacpp:b10644-L3,Qwen3-Next-80B-A3B-Instruct-Q3_K_M.gguf,qwen3next,Q3_K_M,36,2,8192,512,none,f16,,n/a,,,,8.97,60 (METHOD.md:60),,/proc/vmstat pswpout delta over wake,2026-09-09,records/measurements/fleet-gaps-2026-09-09/results-arms-srv2-m1-80b.json,m1-80b-unmapped-n36-1,
memavailable_drop_gib,27.2866,GiB,,,srv2,srv2@hosts.json-decl-2026-09-03,llamacpp,llamacpp:b10644-L3,Qwen3-Next-80B-A3B-Instruct-Q3_K_M.gguf,qwen3next,Q3_K_M,36,2,8192,512,none,f16,,n/a,,,,8.97,60 (METHOD.md:60),,MemAvailable before minus after (includes page cache),2026-09-09,records/measurements/fleet-gaps-2026-09-09/results-arms-srv2-m1-80b.json,m1-80b-unmapped-n36-1,
wake_s,118.3771,s,,,srv2,srv2@hosts.json-decl-2026-09-03,llamacpp,llamacpp:b10644-L3,Qwen3-Next-80B-A3B-Instruct-Q3_K_M.gguf,qwen3next,Q3_K_M,40,2,8192,512,none,f16,,n/a,,,,8.994,60 (METHOD.md:60),cold start,door-return minus StartedAt (rig.wake_from),2026-09-09,records/measurements/fleet-gaps-2026-09-09/results-arms-srv2-m1-80b.json,m1-80b-unmapped-n40-1,
card_steady_mib,8313,MiB,,,srv2,srv2@hosts.json-decl-2026-09-03,llamacpp,llamacpp:b10644-L3,Qwen3-Next-80B-A3B-Instruct-Q3_K_M.gguf,qwen3next,Q3_K_M,40,2,8192,512,none,f16,,n/a,,,,8.994,60 (METHOD.md:60),,nvidia-smi memory.used after load,2026-09-09,records/measurements/fleet-gaps-2026-09-09/results-arms-srv2-m1-80b.json,m1-80b-unmapped-n40-1,
card_peak_minus_steady_mib,-2,MiB,,,srv2,srv2@hosts.json-decl-2026-09-03,llamacpp,llamacpp:b10644-L3,Qwen3-Next-80B-A3B-Instruct-Q3_K_M.gguf,qwen3next,Q3_K_M,40,2,8192,512,none,f16,,n/a,,,,8.994,60 (METHOD.md:60),,1 Hz sampler peak minus steady,2026-09-09,records/measurements/fleet-gaps-2026-09-09/results-arms-srv2-m1-80b.json,m1-80b-unmapped-n40-1,
card_C_mib,2488.0,MiB,,,srv2,srv2@hosts.json-decl-2026-09-03,llamacpp,llamacpp:b10644-L3,Qwen3-Next-80B-A3B-Instruct-Q3_K_M.gguf,qwen3next,Q3_K_M,40,2,8192,512,none,f16,,n/a,,,,8.994,60 (METHOD.md:60),,net card minus vramfit.experts_on_card (headroom.py method),2026-09-09,records/measurements/fleet-gaps-2026-09-09/results-arms-srv2-m1-80b.json,m1-80b-unmapped-n40-1,
shmem_unmapped_gib,28.7734,GiB,28.625,0.1484,srv2,srv2@hosts.json-decl-2026-09-03,llamacpp,llamacpp:b10644-L3,Qwen3-Next-80B-A3B-Instruct-Q3_K_M.gguf,qwen3next,Q3_K_M,40,2,8192,512,none,f16,,n/a,,,,8.994,60 (METHOD.md:60),,"/proc/meminfo Shmem steady (absolute, idle not subtracted)",2026-09-09,records/measurements/fleet-gaps-2026-09-09/results-arms-srv2-m1-80b.json,m1-80b-unmapped-n40-1,
decode_tok_s,12.8079,tok/s,,,srv2,srv2@hosts.json-decl-2026-09-03,llamacpp,llamacpp:b10644-L3,Qwen3-Next-80B-A3B-Instruct-Q3_K_M.gguf,qwen3next,Q3_K_M,40,2,8192,512,none,f16,,n/a,,,,8.994,60 (METHOD.md:60),"cold (first request, 1 sample)","llama.cpp /completion timings.predicted_per_second, n=160",2026-09-09,records/measurements/fleet-gaps-2026-09-09/results-arms-srv2-m1-80b.json,m1-80b-unmapped-n40-1,
restarts,0,count,,,srv2,srv2@hosts.json-decl-2026-09-03,llamacpp,llamacpp:b10644-L3,Qwen3-Next-80B-A3B-Instruct-Q3_K_M.gguf,qwen3next,Q3_K_M,40,2,8192,512,none,f16,,n/a,,,,8.994,60 (METHOD.md:60),,docker RestartCount,2026-09-09,records/measurements/fleet-gaps-2026-09-09/results-arms-srv2-m1-80b.json,m1-80b-unmapped-n40-1,
majfault_wake,6773,pages,,,srv2,srv2@hosts.json-decl-2026-09-03,llamacpp,llamacpp:b10644-L3,Qwen3-Next-80B-A3B-Instruct-Q3_K_M.gguf,qwen3next,Q3_K_M,40,2,8192,512,none,f16,,n/a,,,,8.994,60 (METHOD.md:60),,/proc/vmstat pgmajfault delta over wake,2026-09-09,records/measurements/fleet-gaps-2026-09-09/results-arms-srv2-m1-80b.json,m1-80b-unmapped-n40-1,
pswpout_wake,290,pages,,,srv2,srv2@hosts.json-decl-2026-09-03,llamacpp,llamacpp:b10644-L3,Qwen3-Next-80B-A3B-Instruct-Q3_K_M.gguf,qwen3next,Q3_K_M,40,2,8192,512,none,f16,,n/a,,,,8.994,60 (METHOD.md:60),,/proc/vmstat pswpout delta over wake,2026-09-09,records/measurements/fleet-gaps-2026-09-09/results-arms-srv2-m1-80b.json,m1-80b-unmapped-n40-1,
memavailable_drop_gib,30.2294,GiB,,,srv2,srv2@hosts.json-decl-2026-09-03,llamacpp,llamacpp:b10644-L3,Qwen3-Next-80B-A3B-Instruct-Q3_K_M.gguf,qwen3next,Q3_K_M,40,2,8192,512,none,f16,,n/a,,,,8.994,60 (METHOD.md:60),,MemAvailable before minus after (includes page cache),2026-09-09,records/measurements/fleet-gaps-2026-09-09/results-arms-srv2-m1-80b.json,m1-80b-unmapped-n40-1,
wake_s,104.2009,s,,,srv2,srv2@hosts.json-decl-2026-09-03,llamacpp,llamacpp:b10644-L3,Qwen3-Next-80B-A3B-Instruct-Q3_K_M.gguf,qwen3next,Q3_K_M,40,2,8192,512,mapped,f16,,n/a,,,,8.976,60 (METHOD.md:60),cold start,door-return minus StartedAt (rig.wake_from),2026-09-09,records/measurements/fleet-gaps-2026-09-09/results-arms-srv2-m1-80b.json,m1-80b-mapped-n40-1,
card_steady_mib,8255,MiB,,,srv2,srv2@hosts.json-decl-2026-09-03,llamacpp,llamacpp:b10644-L3,Qwen3-Next-80B-A3B-Instruct-Q3_K_M.gguf,qwen3next,Q3_K_M,40,2,8192,512,mapped,f16,,n/a,,,,8.976,60 (METHOD.md:60),,nvidia-smi memory.used after load,2026-09-09,records/measurements/fleet-gaps-2026-09-09/results-arms-srv2-m1-80b.json,m1-80b-mapped-n40-1,
card_peak_minus_steady_mib,-2,MiB,,,srv2,srv2@hosts.json-decl-2026-09-03,llamacpp,llamacpp:b10644-L3,Qwen3-Next-80B-A3B-Instruct-Q3_K_M.gguf,qwen3next,Q3_K_M,40,2,8192,512,mapped,f16,,n/a,,,,8.976,60 (METHOD.md:60),,1 Hz sampler peak minus steady,2026-09-09,records/measurements/fleet-gaps-2026-09-09/results-arms-srv2-m1-80b.json,m1-80b-mapped-n40-1,
card_C_mib,2430.0,MiB,,,srv2,srv2@hosts.json-decl-2026-09-03,llamacpp,llamacpp:b10644-L3,Qwen3-Next-80B-A3B-Instruct-Q3_K_M.gguf,qwen3next,Q3_K_M,40,2,8192,512,mapped,f16,,n/a,,,,8.976,60 (METHOD.md:60),,net card minus vramfit.experts_on_card (headroom.py method),2026-09-09,records/measurements/fleet-gaps-2026-09-09/results-arms-srv2-m1-80b.json,m1-80b-mapped-n40-1,
shmem_mapped_unit_gib,0.0239,GiB,,,srv2,srv2@hosts.json-decl-2026-09-03,llamacpp,llamacpp:b10644-L3,Qwen3-Next-80B-A3B-Instruct-Q3_K_M.gguf,qwen3next,Q3_K_M,40,2,8192,512,mapped,f16,,n/a,,,,8.976,60 (METHOD.md:60),,/proc/meminfo Shmem steady,2026-09-09,records/measurements/fleet-gaps-2026-09-09/results-arms-srv2-m1-80b.json,m1-80b-mapped-n40-1,
decode_tok_s,12.2982,tok/s,,,srv2,srv2@hosts.json-decl-2026-09-03,llamacpp,llamacpp:b10644-L3,Qwen3-Next-80B-A3B-Instruct-Q3_K_M.gguf,qwen3next,Q3_K_M,40,2,8192,512,mapped,f16,,n/a,,,,8.976,60 (METHOD.md:60),"cold (first request, 1 sample)","llama.cpp /completion timings.predicted_per_second, n=160",2026-09-09,records/measurements/fleet-gaps-2026-09-09/results-arms-srv2-m1-80b.json,m1-80b-mapped-n40-1,
restarts,0,count,,,srv2,srv2@hosts.json-decl-2026-09-03,llamacpp,llamacpp:b10644-L3,Qwen3-Next-80B-A3B-Instruct-Q3_K_M.gguf,qwen3next,Q3_K_M,40,2,8192,512,mapped,f16,,n/a,,,,8.976,60 (METHOD.md:60),,docker RestartCount,2026-09-09,records/measurements/fleet-gaps-2026-09-09/results-arms-srv2-m1-80b.json,m1-80b-mapped-n40-1,
majfault_wake,5353,pages,,,srv2,srv2@hosts.json-decl-2026-09-03,llamacpp,llamacpp:b10644-L3,Qwen3-Next-80B-A3B-Instruct-Q3_K_M.gguf,qwen3next,Q3_K_M,40,2,8192,512,mapped,f16,,n/a,,,,8.976,60 (METHOD.md:60),,/proc/vmstat pgmajfault delta over wake,2026-09-09,records/measurements/fleet-gaps-2026-09-09/results-arms-srv2-m1-80b.json,m1-80b-mapped-n40-1,
pswpout_wake,0,pages,,,srv2,srv2@hosts.json-decl-2026-09-03,llamacpp,llamacpp:b10644-L3,Qwen3-Next-80B-A3B-Instruct-Q3_K_M.gguf,qwen3next,Q3_K_M,40,2,8192,512,mapped,f16,,n/a,,,,8.976,60 (METHOD.md:60),,/proc/vmstat pswpout delta over wake,2026-09-09,records/measurements/fleet-gaps-2026-09-09/results-arms-srv2-m1-80b.json,m1-80b-mapped-n40-1,
memavailable_drop_gib,0.997,GiB,,,srv2,srv2@hosts.json-decl-2026-09-03,llamacpp,llamacpp:b10644-L3,Qwen3-Next-80B-A3B-Instruct-Q3_K_M.gguf,qwen3next,Q3_K_M,40,2,8192,512,mapped,f16,,n/a,,,,8.976,60 (METHOD.md:60),,MemAvailable before minus after (includes page cache),2026-09-09,records/measurements/fleet-gaps-2026-09-09/results-arms-srv2-m1-80b.json,m1-80b-mapped-n40-1,
wake_s,51.8835,s,,,srv2,srv2@hosts.json-decl-2026-09-03,llamacpp,llamacpp:b10644-L3,deepseek-coder-v2-16b.gguf,deepseek2,,0,2,8192,512,mapped,f16,,n/a,,,,36.38,60 (METHOD.md:60),cold start,door-return minus StartedAt (rig.wake_from),2026-09-09,records/measurements/fleet-gaps-2026-09-09/results-arms-srv2-rate.json,r-srv2-deepseek-1,
card_steady_mib,10751,MiB,,,srv2,srv2@hosts.json-decl-2026-09-03,llamacpp,llamacpp:b10644-L3,deepseek-coder-v2-16b.gguf,deepseek2,,0,2,8192,512,mapped,f16,,n/a,,,,36.38,60 (METHOD.md:60),,nvidia-smi memory.used after load,2026-09-09,records/measurements/fleet-gaps-2026-09-09/results-arms-srv2-rate.json,r-srv2-deepseek-1,
card_peak_minus_steady_mib,0,MiB,,,srv2,srv2@hosts.json-decl-2026-09-03,llamacpp,llamacpp:b10644-L3,deepseek-coder-v2-16b.gguf,deepseek2,,0,2,8192,512,mapped,f16,,n/a,,,,36.38,60 (METHOD.md:60),,1 Hz sampler peak minus steady,2026-09-09,records/measurements/fleet-gaps-2026-09-09/results-arms-srv2-rate.json,r-srv2-deepseek-1,
card_C_mib,3028.0,MiB,,,srv2,srv2@hosts.json-decl-2026-09-03,llamacpp,llamacpp:b10644-L3,deepseek-coder-v2-16b.gguf,deepseek2,,0,2,8192,512,mapped,f16,,n/a,,,,36.38,60 (METHOD.md:60),,net card minus vramfit.experts_on_card (headroom.py method),2026-09-09,records/measurements/fleet-gaps-2026-09-09/results-arms-srv2-rate.json,r-srv2-deepseek-1,
shmem_mapped_unit_gib,0.1082,GiB,,,srv2,srv2@hosts.json-decl-2026-09-03,llamacpp,llamacpp:b10644-L3,deepseek-coder-v2-16b.gguf,deepseek2,,0,2,8192,512,mapped,f16,,n/a,,,,36.38,60 (METHOD.md:60),,/proc/meminfo Shmem steady,2026-09-09,records/measurements/fleet-gaps-2026-09-09/results-arms-srv2-rate.json,r-srv2-deepseek-1,
decode_tok_s,67.5342,tok/s,,,srv2,srv2@hosts.json-decl-2026-09-03,llamacpp,llamacpp:b10644-L3,deepseek-coder-v2-16b.gguf,deepseek2,,0,2,8192,512,mapped,f16,,n/a,,,,36.38,60 (METHOD.md:60),"cold (first request, 1 sample)","llama.cpp /completion timings.predicted_per_second, n=160",2026-09-09,records/measurements/fleet-gaps-2026-09-09/results-arms-srv2-rate.json,r-srv2-deepseek-1,
restarts,0,count,,,srv2,srv2@hosts.json-decl-2026-09-03,llamacpp,llamacpp:b10644-L3,deepseek-coder-v2-16b.gguf,deepseek2,,0,2,8192,512,mapped,f16,,n/a,,,,36.38,60 (METHOD.md:60),,docker RestartCount,2026-09-09,records/measurements/fleet-gaps-2026-09-09/results-arms-srv2-rate.json,r-srv2-deepseek-1,
majfault_wake,5037,pages,,,srv2,srv2@hosts.json-decl-2026-09-03,llamacpp,llamacpp:b10644-L3,deepseek-coder-v2-16b.gguf,deepseek2,,0,2,8192,512,mapped,f16,,n/a,,,,36.38,60 (METHOD.md:60),,/proc/vmstat pgmajfault delta over wake,2026-09-09,records/measurements/fleet-gaps-2026-09-09/results-arms-srv2-rate.json,r-srv2-deepseek-1,
pswpout_wake,0,pages,,,srv2,srv2@hosts.json-decl-2026-09-03,llamacpp,llamacpp:b10644-L3,deepseek-coder-v2-16b.gguf,deepseek2,,0,2,8192,512,mapped,f16,,n/a,,,,36.38,60 (METHOD.md:60),,/proc/vmstat pswpout delta over wake,2026-09-09,records/measurements/fleet-gaps-2026-09-09/results-arms-srv2-rate.json,r-srv2-deepseek-1,
memavailable_drop_gib,0.8448,GiB,,,srv2,srv2@hosts.json-decl-2026-09-03,llamacpp,llamacpp:b10644-L3,deepseek-coder-v2-16b.gguf,deepseek2,,0,2,8192,512,mapped,f16,,n/a,,,,36.38,60 (METHOD.md:60),,MemAvailable before minus after (includes page cache),2026-09-09,records/measurements/fleet-gaps-2026-09-09/results-arms-srv2-rate.json,r-srv2-deepseek-1,
wake_s,50.0931,s,,,srv2,srv2@hosts.json-decl-2026-09-03,llamacpp,llamacpp:b10644-L3,deepseek-coder-v2-16b.gguf,deepseek2,,0,2,8192,512,mapped,f16,,n/a,,,,36.376,60 (METHOD.md:60),cold start,door-return minus StartedAt (rig.wake_from),2026-09-09,records/measurements/fleet-gaps-2026-09-09/results-arms-srv2-rate.json,r-srv2-deepseek-2,
card_steady_mib,10751,MiB,,,srv2,srv2@hosts.json-decl-2026-09-03,llamacpp,llamacpp:b10644-L3,deepseek-coder-v2-16b.gguf,deepseek2,,0,2,8192,512,mapped,f16,,n/a,,,,36.376,60 (METHOD.md:60),,nvidia-smi memory.used after load,2026-09-09,records/measurements/fleet-gaps-2026-09-09/results-arms-srv2-rate.json,r-srv2-deepseek-2,
card_peak_minus_steady_mib,0,MiB,,,srv2,srv2@hosts.json-decl-2026-09-03,llamacpp,llamacpp:b10644-L3,deepseek-coder-v2-16b.gguf,deepseek2,,0,2,8192,512,mapped,f16,,n/a,,,,36.376,60 (METHOD.md:60),,1 Hz sampler peak minus steady,2026-09-09,records/measurements/fleet-gaps-2026-09-09/results-arms-srv2-rate.json,r-srv2-deepseek-2,
card_C_mib,3028.0,MiB,,,srv2,srv2@hosts.json-decl-2026-09-03,llamacpp,llamacpp:b10644-L3,deepseek-coder-v2-16b.gguf,deepseek2,,0,2,8192,512,mapped,f16,,n/a,,,,36.376,60 (METHOD.md:60),,net card minus vramfit.experts_on_card (headroom.py method),2026-09-09,records/measurements/fleet-gaps-2026-09-09/results-arms-srv2-rate.json,r-srv2-deepseek-2,
shmem_mapped_unit_gib,0.1082,GiB,,,srv2,srv2@hosts.json-decl-2026-09-03,llamacpp,llamacpp:b10644-L3,deepseek-coder-v2-16b.gguf,deepseek2,,0,2,8192,512,mapped,f16,,n/a,,,,36.376,60 (METHOD.md:60),,/proc/meminfo Shmem steady,2026-09-09,records/measurements/fleet-gaps-2026-09-09/results-arms-srv2-rate.json,r-srv2-deepseek-2,
decode_tok_s,67.2901,tok/s,,,srv2,srv2@hosts.json-decl-2026-09-03,llamacpp,llamacpp:b10644-L3,deepseek-coder-v2-16b.gguf,deepseek2,,0,2,8192,512,mapped,f16,,n/a,,,,36.376,60 (METHOD.md:60),"cold (first request, 1 sample)","llama.cpp /completion timings.predicted_per_second, n=160",2026-09-09,records/measurements/fleet-gaps-2026-09-09/results-arms-srv2-rate.json,r-srv2-deepseek-2,
restarts,0,count,,,srv2,srv2@hosts.json-decl-2026-09-03,llamacpp,llamacpp:b10644-L3,deepseek-coder-v2-16b.gguf,deepseek2,,0,2,8192,512,mapped,f16,,n/a,,,,36.376,60 (METHOD.md:60),,docker RestartCount,2026-09-09,records/measurements/fleet-gaps-2026-09-09/results-arms-srv2-rate.json,r-srv2-deepseek-2,
majfault_wake,5034,pages,,,srv2,srv2@hosts.json-decl-2026-09-03,llamacpp,llamacpp:b10644-L3,deepseek-coder-v2-16b.gguf,deepseek2,,0,2,8192,512,mapped,f16,,n/a,,,,36.376,60 (METHOD.md:60),,/proc/vmstat pgmajfault delta over wake,2026-09-09,records/measurements/fleet-gaps-2026-09-09/results-arms-srv2-rate.json,r-srv2-deepseek-2,
pswpout_wake,0,pages,,,srv2,srv2@hosts.json-decl-2026-09-03,llamacpp,llamacpp:b10644-L3,deepseek-coder-v2-16b.gguf,deepseek2,,0,2,8192,512,mapped,f16,,n/a,,,,36.376,60 (METHOD.md:60),,/proc/vmstat pswpout delta over wake,2026-09-09,records/measurements/fleet-gaps-2026-09-09/results-arms-srv2-rate.json,r-srv2-deepseek-2,
memavailable_drop_gib,0.8719,GiB,,,srv2,srv2@hosts.json-decl-2026-09-03,llamacpp,llamacpp:b10644-L3,deepseek-coder-v2-16b.gguf,deepseek2,,0,2,8192,512,mapped,f16,,n/a,,,,36.376,60 (METHOD.md:60),,MemAvailable before minus after (includes page cache),2026-09-09,records/measurements/fleet-gaps-2026-09-09/results-arms-srv2-rate.json,r-srv2-deepseek-2,
wake_s,80.437,s,,,srv2,srv2@hosts.json-decl-2026-09-03,llamacpp,llamacpp:b10644-L3,Qwen3.6-35B-A3B-UD-IQ3_XXS.gguf,qwen35moe,UD-IQ3_XXS,7,2,8192,512,mapped,f16,,n/a,,,,32.371,60 (METHOD.md:60),cold start,door-return minus StartedAt (rig.wake_from),2026-09-09,records/measurements/fleet-gaps-2026-09-09/results-arms-srv2-rate.json,r-srv2-qwen36-1,
card_steady_mib,11015,MiB,,,srv2,srv2@hosts.json-decl-2026-09-03,llamacpp,llamacpp:b10644-L3,Qwen3.6-35B-A3B-UD-IQ3_XXS.gguf,qwen35moe,UD-IQ3_XXS,7,2,8192,512,mapped,f16,,n/a,,,,32.371,60 (METHOD.md:60),,nvidia-smi memory.used after load,2026-09-09,records/measurements/fleet-gaps-2026-09-09/results-arms-srv2-rate.json,r-srv2-qwen36-1,
card_peak_minus_steady_mib,-14,MiB,,,srv2,srv2@hosts.json-decl-2026-09-03,llamacpp,llamacpp:b10644-L3,Qwen3.6-35B-A3B-UD-IQ3_XXS.gguf,qwen35moe,UD-IQ3_XXS,7,2,8192,512,mapped,f16,,n/a,,,,32.371,60 (METHOD.md:60),,1 Hz sampler peak minus steady,2026-09-09,records/measurements/fleet-gaps-2026-09-09/results-arms-srv2-rate.json,r-srv2-qwen36-1,
card_C_mib,2254.0,MiB,,,srv2,srv2@hosts.json-decl-2026-09-03,llamacpp,llamacpp:b10644-L3,Qwen3.6-35B-A3B-UD-IQ3_XXS.gguf,qwen35moe,UD-IQ3_XXS,7,2,8192,512,mapped,f16,,n/a,,,,32.371,60 (METHOD.md:60),,net card minus vramfit.experts_on_card (headroom.py method),2026-09-09,records/measurements/fleet-gaps-2026-09-09/results-arms-srv2-rate.json,r-srv2-qwen36-1,
shmem_mapped_unit_gib,0.0242,GiB,,,srv2,srv2@hosts.json-decl-2026-09-03,llamacpp,llamacpp:b10644-L3,Qwen3.6-35B-A3B-UD-IQ3_XXS.gguf,qwen35moe,UD-IQ3_XXS,7,2,8192,512,mapped,f16,,n/a,,,,32.371,60 (METHOD.md:60),,/proc/meminfo Shmem steady,2026-09-09,records/measurements/fleet-gaps-2026-09-09/results-arms-srv2-rate.json,r-srv2-qwen36-1,
decode_tok_s,17.7238,tok/s,,,srv2,srv2@hosts.json-decl-2026-09-03,llamacpp,llamacpp:b10644-L3,Qwen3.6-35B-A3B-UD-IQ3_XXS.gguf,qwen35moe,UD-IQ3_XXS,7,2,8192,512,mapped,f16,,n/a,,,,32.371,60 (METHOD.md:60),"cold (first request, 1 sample)","llama.cpp /completion timings.predicted_per_second, n=160",2026-09-09,records/measurements/fleet-gaps-2026-09-09/results-arms-srv2-rate.json,r-srv2-qwen36-1,
restarts,0,count,,,srv2,srv2@hosts.json-decl-2026-09-03,llamacpp,llamacpp:b10644-L3,Qwen3.6-35B-A3B-UD-IQ3_XXS.gguf,qwen35moe,UD-IQ3_XXS,7,2,8192,512,mapped,f16,,n/a,,,,32.371,60 (METHOD.md:60),,docker RestartCount,2026-09-09,records/measurements/fleet-gaps-2026-09-09/results-arms-srv2-rate.json,r-srv2-qwen36-1,
majfault_wake,5188,pages,,,srv2,srv2@hosts.json-decl-2026-09-03,llamacpp,llamacpp:b10644-L3,Qwen3.6-35B-A3B-UD-IQ3_XXS.gguf,qwen35moe,UD-IQ3_XXS,7,2,8192,512,mapped,f16,,n/a,,,,32.371,60 (METHOD.md:60),,/proc/vmstat pgmajfault delta over wake,2026-09-09,records/measurements/fleet-gaps-2026-09-09/results-arms-srv2-rate.json,r-srv2-qwen36-1,
pswpout_wake,0,pages,,,srv2,srv2@hosts.json-decl-2026-09-03,llamacpp,llamacpp:b10644-L3,Qwen3.6-35B-A3B-UD-IQ3_XXS.gguf,qwen35moe,UD-IQ3_XXS,7,2,8192,512,mapped,f16,,n/a,,,,32.371,60 (METHOD.md:60),,/proc/vmstat pswpout delta over wake,2026-09-09,records/measurements/fleet-gaps-2026-09-09/results-arms-srv2-rate.json,r-srv2-qwen36-1,
memavailable_drop_gib,0.9599,GiB,,,srv2,srv2@hosts.json-decl-2026-09-03,llamacpp,llamacpp:b10644-L3,Qwen3.6-35B-A3B-UD-IQ3_XXS.gguf,qwen35moe,UD-IQ3_XXS,7,2,8192,512,mapped,f16,,n/a,,,,32.371,60 (METHOD.md:60),,MemAvailable before minus after (includes page cache),2026-09-09,records/measurements/fleet-gaps-2026-09-09/results-arms-srv2-rate.json,r-srv2-qwen36-1,
wake_s,79.4508,s,,,srv2,srv2@hosts.json-decl-2026-09-03,llamacpp,llamacpp:b10644-L3,Qwen3.6-35B-A3B-UD-IQ3_XXS.gguf,qwen35moe,UD-IQ3_XXS,7,2,8192,512,mapped,f16,,n/a,,,,32.354,60 (METHOD.md:60),cold start,door-return minus StartedAt (rig.wake_from),2026-09-09,records/measurements/fleet-gaps-2026-09-09/results-arms-srv2-rate.json,r-srv2-qwen36-2,
card_steady_mib,11015,MiB,,,srv2,srv2@hosts.json-decl-2026-09-03,llamacpp,llamacpp:b10644-L3,Qwen3.6-35B-A3B-UD-IQ3_XXS.gguf,qwen35moe,UD-IQ3_XXS,7,2,8192,512,mapped,f16,,n/a,,,,32.354,60 (METHOD.md:60),,nvidia-smi memory.used after load,2026-09-09,records/measurements/fleet-gaps-2026-09-09/results-arms-srv2-rate.json,r-srv2-qwen36-2,
card_peak_minus_steady_mib,-14,MiB,,,srv2,srv2@hosts.json-decl-2026-09-03,llamacpp,llamacpp:b10644-L3,Qwen3.6-35B-A3B-UD-IQ3_XXS.gguf,qwen35moe,UD-IQ3_XXS,7,2,8192,512,mapped,f16,,n/a,,,,32.354,60 (METHOD.md:60),,1 Hz sampler peak minus steady,2026-09-09,records/measurements/fleet-gaps-2026-09-09/results-arms-srv2-rate.json,r-srv2-qwen36-2,
card_C_mib,2254.0,MiB,,,srv2,srv2@hosts.json-decl-2026-09-03,llamacpp,llamacpp:b10644-L3,Qwen3.6-35B-A3B-UD-IQ3_XXS.gguf,qwen35moe,UD-IQ3_XXS,7,2,8192,512,mapped,f16,,n/a,,,,32.354,60 (METHOD.md:60),,net card minus vramfit.experts_on_card (headroom.py method),2026-09-09,records/measurements/fleet-gaps-2026-09-09/results-arms-srv2-rate.json,r-srv2-qwen36-2,
shmem_mapped_unit_gib,0.0242,GiB,,,srv2,srv2@hosts.json-decl-2026-09-03,llamacpp,llamacpp:b10644-L3,Qwen3.6-35B-A3B-UD-IQ3_XXS.gguf,qwen35moe,UD-IQ3_XXS,7,2,8192,512,mapped,f16,,n/a,,,,32.354,60 (METHOD.md:60),,/proc/meminfo Shmem steady,2026-09-09,records/measurements/fleet-gaps-2026-09-09/results-arms-srv2-rate.json,r-srv2-qwen36-2,
decode_tok_s,17.7136,tok/s,,,srv2,srv2@hosts.json-decl-2026-09-03,llamacpp,llamacpp:b10644-L3,Qwen3.6-35B-A3B-UD-IQ3_XXS.gguf,qwen35moe,UD-IQ3_XXS,7,2,8192,512,mapped,f16,,n/a,,,,32.354,60 (METHOD.md:60),"cold (first request, 1 sample)","llama.cpp /completion timings.predicted_per_second, n=160",2026-09-09,records/measurements/fleet-gaps-2026-09-09/results-arms-srv2-rate.json,r-srv2-qwen36-2,
restarts,0,count,,,srv2,srv2@hosts.json-decl-2026-09-03,llamacpp,llamacpp:b10644-L3,Qwen3.6-35B-A3B-UD-IQ3_XXS.gguf,qwen35moe,UD-IQ3_XXS,7,2,8192,512,mapped,f16,,n/a,,,,32.354,60 (METHOD.md:60),,docker RestartCount,2026-09-09,records/measurements/fleet-gaps-2026-09-09/results-arms-srv2-rate.json,r-srv2-qwen36-2,
majfault_wake,5186,pages,,,srv2,srv2@hosts.json-decl-2026-09-03,llamacpp,llamacpp:b10644-L3,Qwen3.6-35B-A3B-UD-IQ3_XXS.gguf,qwen35moe,UD-IQ3_XXS,7,2,8192,512,mapped,f16,,n/a,,,,32.354,60 (METHOD.md:60),,/proc/vmstat pgmajfault delta over wake,2026-09-09,records/measurements/fleet-gaps-2026-09-09/results-arms-srv2-rate.json,r-srv2-qwen36-2,
pswpout_wake,0,pages,,,srv2,srv2@hosts.json-decl-2026-09-03,llamacpp,llamacpp:b10644-L3,Qwen3.6-35B-A3B-UD-IQ3_XXS.gguf,qwen35moe,UD-IQ3_XXS,7,2,8192,512,mapped,f16,,n/a,,,,32.354,60 (METHOD.md:60),,/proc/vmstat pswpout delta over wake,2026-09-09,records/measurements/fleet-gaps-2026-09-09/results-arms-srv2-rate.json,r-srv2-qwen36-2,
memavailable_drop_gib,0.9666,GiB,,,srv2,srv2@hosts.json-decl-2026-09-03,llamacpp,llamacpp:b10644-L3,Qwen3.6-35B-A3B-UD-IQ3_XXS.gguf,qwen35moe,UD-IQ3_XXS,7,2,8192,512,mapped,f16,,n/a,,,,32.354,60 (METHOD.md:60),,MemAvailable before minus after (includes page cache),2026-09-09,records/measurements/fleet-gaps-2026-09-09/results-arms-srv2-rate.json,r-srv2-qwen36-2,
wake_s,87.1966,s,,,srv1,srv1@hosts.json-decl-2026-09-03,llamacpp,llamacpp:b10644-L3,deepseek-coder-v2-16b.gguf,deepseek2,,19,2,8192,512,mapped,f16,,n/a,,,,,unrecorded,cold start,door-return minus StartedAt (rig.wake_from),2026-09-10,records/measurements/measuring-gaps-2026-09-10/results-arms-q1-kv-q8.json,q1-deepseek-f16-1,--verbose
card_steady_mib,5460,MiB,,,srv1,srv1@hosts.json-decl-2026-09-03,llamacpp,llamacpp:b10644-L3,deepseek-coder-v2-16b.gguf,deepseek2,,19,2,8192,512,mapped,f16,,n/a,,,,,unrecorded,,nvidia-smi memory.used after load,2026-09-10,records/measurements/measuring-gaps-2026-09-10/results-arms-q1-kv-q8.json,q1-deepseek-f16-1,--verbose
card_peak_minus_steady_mib,-14,MiB,,,srv1,srv1@hosts.json-decl-2026-09-03,llamacpp,llamacpp:b10644-L3,deepseek-coder-v2-16b.gguf,deepseek2,,19,2,8192,512,mapped,f16,,n/a,,,,,unrecorded,,1 Hz sampler peak minus steady,2026-09-10,records/measurements/measuring-gaps-2026-09-10/results-arms-q1-kv-q8.json,q1-deepseek-f16-1,--verbose
card_C_mib,3067.0,MiB,,,srv1,srv1@hosts.json-decl-2026-09-03,llamacpp,llamacpp:b10644-L3,deepseek-coder-v2-16b.gguf,deepseek2,,19,2,8192,512,mapped,f16,,n/a,,,,,unrecorded,,net card minus vramfit.experts_on_card (headroom.py method),2026-09-10,records/measurements/measuring-gaps-2026-09-10/results-arms-q1-kv-q8.json,q1-deepseek-f16-1,--verbose
decode_tok_s,32.2256,tok/s,,,srv1,srv1@hosts.json-decl-2026-09-03,llamacpp,llamacpp:b10644-L3,deepseek-coder-v2-16b.gguf,deepseek2,,19,2,8192,512,mapped,f16,,n/a,,,,,unrecorded,"cold (first request, 1 sample)","llama.cpp /completion timings.predicted_per_second, n=160",2026-09-10,records/measurements/measuring-gaps-2026-09-10/results-arms-q1-kv-q8.json,q1-deepseek-f16-1,--verbose
decode_tok_s,32.2807,tok/s,,,srv1,srv1@hosts.json-decl-2026-09-03,llamacpp,llamacpp:b10644-L3,deepseek-coder-v2-16b.gguf,deepseek2,,19,2,8192,512,mapped,f16,,n/a,,,,,unrecorded,warm (1 discarded + mean of 3),rig.decode_llamacpp_warm,2026-09-10,records/measurements/measuring-gaps-2026-09-10/results-arms-q1-kv-q8.json,q1-deepseek-f16-1,"--verbose samples=[31.86, 32.55, 32.44]"
wake_s,86.0965,s,,,srv1,srv1@hosts.json-decl-2026-09-03,llamacpp,llamacpp:b10644-L3,deepseek-coder-v2-16b.gguf,deepseek2,,19,2,8192,512,mapped,f16,,n/a,,,,,unrecorded,cold start,door-return minus StartedAt (rig.wake_from),2026-09-10,records/measurements/measuring-gaps-2026-09-10/results-arms-q1-kv-q8.json,q1-deepseek-f16-2,--verbose
card_steady_mib,5460,MiB,,,srv1,srv1@hosts.json-decl-2026-09-03,llamacpp,llamacpp:b10644-L3,deepseek-coder-v2-16b.gguf,deepseek2,,19,2,8192,512,mapped,f16,,n/a,,,,,unrecorded,,nvidia-smi memory.used after load,2026-09-10,records/measurements/measuring-gaps-2026-09-10/results-arms-q1-kv-q8.json,q1-deepseek-f16-2,--verbose
card_peak_minus_steady_mib,-14,MiB,,,srv1,srv1@hosts.json-decl-2026-09-03,llamacpp,llamacpp:b10644-L3,deepseek-coder-v2-16b.gguf,deepseek2,,19,2,8192,512,mapped,f16,,n/a,,,,,unrecorded,,1 Hz sampler peak minus steady,2026-09-10,records/measurements/measuring-gaps-2026-09-10/results-arms-q1-kv-q8.json,q1-deepseek-f16-2,--verbose
card_C_mib,3067.0,MiB,,,srv1,srv1@hosts.json-decl-2026-09-03,llamacpp,llamacpp:b10644-L3,deepseek-coder-v2-16b.gguf,deepseek2,,19,2,8192,512,mapped,f16,,n/a,,,,,unrecorded,,net card minus vramfit.experts_on_card (headroom.py method),2026-09-10,records/measurements/measuring-gaps-2026-09-10/results-arms-q1-kv-q8.json,q1-deepseek-f16-2,--verbose
decode_tok_s,31.225,tok/s,,,srv1,srv1@hosts.json-decl-2026-09-03,llamacpp,llamacpp:b10644-L3,deepseek-coder-v2-16b.gguf,deepseek2,,19,2,8192,512,mapped,f16,,n/a,,,,,unrecorded,"cold (first request, 1 sample)","llama.cpp /completion timings.predicted_per_second, n=160",2026-09-10,records/measurements/measuring-gaps-2026-09-10/results-arms-q1-kv-q8.json,q1-deepseek-f16-2,--verbose
decode_tok_s,31.099,tok/s,,,srv1,srv1@hosts.json-decl-2026-09-03,llamacpp,llamacpp:b10644-L3,deepseek-coder-v2-16b.gguf,deepseek2,,19,2,8192,512,mapped,f16,,n/a,,,,,unrecorded,warm (1 discarded + mean of 3),rig.decode_llamacpp_warm,2026-09-10,records/measurements/measuring-gaps-2026-09-10/results-arms-q1-kv-q8.json,q1-deepseek-f16-2,"--verbose samples=[31.42, 31.25, 30.63]"
wake_s,86.2107,s,,,srv1,srv1@hosts.json-decl-2026-09-03,llamacpp,llamacpp:b10644-L3,deepseek-coder-v2-16b.gguf,deepseek2,,19,2,8192,512,mapped,q8_0,,n/a,,,,,unrecorded,cold start,door-return minus StartedAt (rig.wake_from),2026-09-10,records/measurements/measuring-gaps-2026-09-10/results-arms-q1-kv-q8.json,q1-deepseek-q8-1,--verbose
card_steady_mib,4446,MiB,,,srv1,srv1@hosts.json-decl-2026-09-03,llamacpp,llamacpp:b10644-L3,deepseek-coder-v2-16b.gguf,deepseek2,,19,2,8192,512,mapped,q8_0,,n/a,,,,,unrecorded,,nvidia-smi memory.used after load,2026-09-10,records/measurements/measuring-gaps-2026-09-10/results-arms-q1-kv-q8.json,q1-deepseek-q8-1,--verbose
card_peak_minus_steady_mib,-14,MiB,,,srv1,srv1@hosts.json-decl-2026-09-03,llamacpp,llamacpp:b10644-L3,deepseek-coder-v2-16b.gguf,deepseek2,,19,2,8192,512,mapped,q8_0,,n/a,,,,,unrecorded,,1 Hz sampler peak minus steady,2026-09-10,records/measurements/measuring-gaps-2026-09-10/results-arms-q1-kv-q8.json,q1-deepseek-q8-1,--verbose
card_C_mib,2053.0,MiB,,,srv1,srv1@hosts.json-decl-2026-09-03,llamacpp,llamacpp:b10644-L3,deepseek-coder-v2-16b.gguf,deepseek2,,19,2,8192,512,mapped,q8_0,,n/a,,,,,unrecorded,,net card minus vramfit.experts_on_card (headroom.py method),2026-09-10,records/measurements/measuring-gaps-2026-09-10/results-arms-q1-kv-q8.json,q1-deepseek-q8-1,--verbose
decode_tok_s,32.7934,tok/s,,,srv1,srv1@hosts.json-decl-2026-09-03,llamacpp,llamacpp:b10644-L3,deepseek-coder-v2-16b.gguf,deepseek2,,19,2,8192,512,mapped,q8_0,,n/a,,,,,unrecorded,"cold (first request, 1 sample)","llama.cpp /completion timings.predicted_per_second, n=160",2026-09-10,records/measurements/measuring-gaps-2026-09-10/results-arms-q1-kv-q8.json,q1-deepseek-q8-1,--verbose
decode_tok_s,33.1837,tok/s,,,srv1,srv1@hosts.json-decl-2026-09-03,llamacpp,llamacpp:b10644-L3,deepseek-coder-v2-16b.gguf,deepseek2,,19,2,8192,512,mapped,q8_0,,n/a,,,,,unrecorded,warm (1 discarded + mean of 3),rig.decode_llamacpp_warm,2026-09-10,records/measurements/measuring-gaps-2026-09-10/results-arms-q1-kv-q8.json,q1-deepseek-q8-1,"--verbose samples=[33.6, 32.4, 33.55]"
wake_s,86.3654,s,,,srv1,srv1@hosts.json-decl-2026-09-03,llamacpp,llamacpp:b10644-L3,deepseek-coder-v2-16b.gguf,deepseek2,,19,2,8192,512,mapped,q8_0,,n/a,,,,,unrecorded,cold start,door-return minus StartedAt (rig.wake_from),2026-09-10,records/measurements/measuring-gaps-2026-09-10/results-arms-q1-kv-q8.json,q1-deepseek-q8-2,--verbose
card_steady_mib,4446,MiB,,,srv1,srv1@hosts.json-decl-2026-09-03,llamacpp,llamacpp:b10644-L3,deepseek-coder-v2-16b.gguf,deepseek2,,19,2,8192,512,mapped,q8_0,,n/a,,,,,unrecorded,,nvidia-smi memory.used after load,2026-09-10,records/measurements/measuring-gaps-2026-09-10/results-arms-q1-kv-q8.json,q1-deepseek-q8-2,--verbose
card_peak_minus_steady_mib,-14,MiB,,,srv1,srv1@hosts.json-decl-2026-09-03,llamacpp,llamacpp:b10644-L3,deepseek-coder-v2-16b.gguf,deepseek2,,19,2,8192,512,mapped,q8_0,,n/a,,,,,unrecorded,,1 Hz sampler peak minus steady,2026-09-10,records/measurements/measuring-gaps-2026-09-10/results-arms-q1-kv-q8.json,q1-deepseek-q8-2,--verbose
card_C_mib,2053.0,MiB,,,srv1,srv1@hosts.json-decl-2026-09-03,llamacpp,llamacpp:b10644-L3,deepseek-coder-v2-16b.gguf,deepseek2,,19,2,8192,512,mapped,q8_0,,n/a,,,,,unrecorded,,net card minus vramfit.experts_on_card (headroom.py method),2026-09-10,records/measurements/measuring-gaps-2026-09-10/results-arms-q1-kv-q8.json,q1-deepseek-q8-2,--verbose
decode_tok_s,34.0196,tok/s,,,srv1,srv1@hosts.json-decl-2026-09-03,llamacpp,llamacpp:b10644-L3,deepseek-coder-v2-16b.gguf,deepseek2,,19,2,8192,512,mapped,q8_0,,n/a,,,,,unrecorded,"cold (first request, 1 sample)","llama.cpp /completion timings.predicted_per_second, n=160",2026-09-10,records/measurements/measuring-gaps-2026-09-10/results-arms-q1-kv-q8.json,q1-deepseek-q8-2,--verbose
decode_tok_s,34.4176,tok/s,,,srv1,srv1@hosts.json-decl-2026-09-03,llamacpp,llamacpp:b10644-L3,deepseek-coder-v2-16b.gguf,deepseek2,,19,2,8192,512,mapped,q8_0,,n/a,,,,,unrecorded,warm (1 discarded + mean of 3),rig.decode_llamacpp_warm,2026-09-10,records/measurements/measuring-gaps-2026-09-10/results-arms-q1-kv-q8.json,q1-deepseek-q8-2,"--verbose samples=[34.87, 33.7, 34.68]"
wake_s,74.8589,s,,,srv1,srv1@hosts.json-decl-2026-09-03,llamacpp,llamacpp:b10644-L3,Ling-3.0-tiny-Q4_K_M.gguf,bailingmoe3,Q4_K_M,0,2,8192,256,mapped,f16,,n/a,,,,,unrecorded,cold start,door-return minus StartedAt (rig.wake_from),2026-09-10,records/measurements/measuring-gaps-2026-09-10/results-arms-q3-scratch.json,q3-ling-ub256-1,--verbose
card_steady_mib,4776,MiB,,,srv1,srv1@hosts.json-decl-2026-09-03,llamacpp,llamacpp:b10644-L3,Ling-3.0-tiny-Q4_K_M.gguf,bailingmoe3,Q4_K_M,0,2,8192,256,mapped,f16,,n/a,,,,,unrecorded,,nvidia-smi memory.used after load,2026-09-10,records/measurements/measuring-gaps-2026-09-10/results-arms-q3-scratch.json,q3-ling-ub256-1,--verbose
card_peak_minus_steady_mib,0,MiB,,,srv1,srv1@hosts.json-decl-2026-09-03,llamacpp,llamacpp:b10644-L3,Ling-3.0-tiny-Q4_K_M.gguf,bailingmoe3,Q4_K_M,0,2,8192,256,mapped,f16,,n/a,,,,,unrecorded,,1 Hz sampler peak minus steady,2026-09-10,records/measurements/measuring-gaps-2026-09-10/results-arms-q3-scratch.json,q3-ling-ub256-1,--verbose
card_C_mib,760.75,MiB,,,srv1,srv1@hosts.json-decl-2026-09-03,llamacpp,llamacpp:b10644-L3,Ling-3.0-tiny-Q4_K_M.gguf,bailingmoe3,Q4_K_M,0,2,8192,256,mapped,f16,,n/a,,,,,unrecorded,,net card minus vramfit.experts_on_card (headroom.py method),2026-09-10,records/measurements/measuring-gaps-2026-09-10/results-arms-q3-scratch.json,q3-ling-ub256-1,--verbose
wake_s,73.477,s,,,srv1,srv1@hosts.json-decl-2026-09-03,llamacpp,llamacpp:b10644-L3,Ling-3.0-tiny-Q4_K_M.gguf,bailingmoe3,Q4_K_M,0,2,8192,256,mapped,f16,,n/a,,,,,unrecorded,cold start,door-return minus StartedAt (rig.wake_from),2026-09-10,records/measurements/measuring-gaps-2026-09-10/results-arms-q3-scratch.json,q3-ling-ub256-2,--verbose
card_steady_mib,4776,MiB,,,srv1,srv1@hosts.json-decl-2026-09-03,llamacpp,llamacpp:b10644-L3,Ling-3.0-tiny-Q4_K_M.gguf,bailingmoe3,Q4_K_M,0,2,8192,256,mapped,f16,,n/a,,,,,unrecorded,,nvidia-smi memory.used after load,2026-09-10,records/measurements/measuring-gaps-2026-09-10/results-arms-q3-scratch.json,q3-ling-ub256-2,--verbose
card_peak_minus_steady_mib,0,MiB,,,srv1,srv1@hosts.json-decl-2026-09-03,llamacpp,llamacpp:b10644-L3,Ling-3.0-tiny-Q4_K_M.gguf,bailingmoe3,Q4_K_M,0,2,8192,256,mapped,f16,,n/a,,,,,unrecorded,,1 Hz sampler peak minus steady,2026-09-10,records/measurements/measuring-gaps-2026-09-10/results-arms-q3-scratch.json,q3-ling-ub256-2,--verbose
card_C_mib,760.75,MiB,,,srv1,srv1@hosts.json-decl-2026-09-03,llamacpp,llamacpp:b10644-L3,Ling-3.0-tiny-Q4_K_M.gguf,bailingmoe3,Q4_K_M,0,2,8192,256,mapped,f16,,n/a,,,,,unrecorded,,net card minus vramfit.experts_on_card (headroom.py method),2026-09-10,records/measurements/measuring-gaps-2026-09-10/results-arms-q3-scratch.json,q3-ling-ub256-2,--verbose
wake_s,74.0875,s,,,srv1,srv1@hosts.json-decl-2026-09-03,llamacpp,llamacpp:b10644-L3,Ling-3.0-tiny-Q4_K_M.gguf,bailingmoe3,Q4_K_M,0,2,8192,512,mapped,f16,,n/a,,,,,unrecorded,cold start,door-return minus StartedAt (rig.wake_from),2026-09-10,records/measurements/measuring-gaps-2026-09-10/results-arms-q3-scratch.json,q3-ling-ub512-1,--verbose
card_steady_mib,4808,MiB,,,srv1,srv1@hosts.json-decl-2026-09-03,llamacpp,llamacpp:b10644-L3,Ling-3.0-tiny-Q4_K_M.gguf,bailingmoe3,Q4_K_M,0,2,8192,512,mapped,f16,,n/a,,,,,unrecorded,,nvidia-smi memory.used after load,2026-09-10,records/measurements/measuring-gaps-2026-09-10/results-arms-q3-scratch.json,q3-ling-ub512-1,--verbose
card_peak_minus_steady_mib,0,MiB,,,srv1,srv1@hosts.json-decl-2026-09-03,llamacpp,llamacpp:b10644-L3,Ling-3.0-tiny-Q4_K_M.gguf,bailingmoe3,Q4_K_M,0,2,8192,512,mapped,f16,,n/a,,,,,unrecorded,,1 Hz sampler peak minus steady,2026-09-10,records/measurements/measuring-gaps-2026-09-10/results-arms-q3-scratch.json,q3-ling-ub512-1,--verbose
card_C_mib,792.75,MiB,,,srv1,srv1@hosts.json-decl-2026-09-03,llamacpp,llamacpp:b10644-L3,Ling-3.0-tiny-Q4_K_M.gguf,bailingmoe3,Q4_K_M,0,2,8192,512,mapped,f16,,n/a,,,,,unrecorded,,net card minus vramfit.experts_on_card (headroom.py method),2026-09-10,records/measurements/measuring-gaps-2026-09-10/results-arms-q3-scratch.json,q3-ling-ub512-1,--verbose
wake_s,73.9794,s,,,srv1,srv1@hosts.json-decl-2026-09-03,llamacpp,llamacpp:b10644-L3,Ling-3.0-tiny-Q4_K_M.gguf,bailingmoe3,Q4_K_M,0,2,8192,512,mapped,f16,,n/a,,,,,unrecorded,cold start,door-return minus StartedAt (rig.wake_from),2026-09-10,records/measurements/measuring-gaps-2026-09-10/results-arms-q3-scratch.json,q3-ling-ub512-2,--verbose
card_steady_mib,4808,MiB,,,srv1,srv1@hosts.json-decl-2026-09-03,llamacpp,llamacpp:b10644-L3,Ling-3.0-tiny-Q4_K_M.gguf,bailingmoe3,Q4_K_M,0,2,8192,512,mapped,f16,,n/a,,,,,unrecorded,,nvidia-smi memory.used after load,2026-09-10,records/measurements/measuring-gaps-2026-09-10/results-arms-q3-scratch.json,q3-ling-ub512-2,--verbose
card_peak_minus_steady_mib,0,MiB,,,srv1,srv1@hosts.json-decl-2026-09-03,llamacpp,llamacpp:b10644-L3,Ling-3.0-tiny-Q4_K_M.gguf,bailingmoe3,Q4_K_M,0,2,8192,512,mapped,f16,,n/a,,,,,unrecorded,,1 Hz sampler peak minus steady,2026-09-10,records/measurements/measuring-gaps-2026-09-10/results-arms-q3-scratch.json,q3-ling-ub512-2,--verbose
card_C_mib,792.75,MiB,,,srv1,srv1@hosts.json-decl-2026-09-03,llamacpp,llamacpp:b10644-L3,Ling-3.0-tiny-Q4_K_M.gguf,bailingmoe3,Q4_K_M,0,2,8192,512,mapped,f16,,n/a,,,,,unrecorded,,net card minus vramfit.experts_on_card (headroom.py method),2026-09-10,records/measurements/measuring-gaps-2026-09-10/results-arms-q3-scratch.json,q3-ling-ub512-2,--verbose
wake_s,75.0051,s,,,srv1,srv1@hosts.json-decl-2026-09-03,llamacpp,llamacpp:b10644-L3,Ling-3.0-tiny-Q4_K_M.gguf,bailingmoe3,Q4_K_M,0,2,8192,1024,mapped,f16,,n/a,,,,,unrecorded,cold start,door-return minus StartedAt (rig.wake_from),2026-09-10,records/measurements/measuring-gaps-2026-09-10/results-arms-q3-scratch.json,q3-ling-ub1024-1,--verbose
card_steady_mib,4808,MiB,,,srv1,srv1@hosts.json-decl-2026-09-03,llamacpp,llamacpp:b10644-L3,Ling-3.0-tiny-Q4_K_M.gguf,bailingmoe3,Q4_K_M,0,2,8192,1024,mapped,f16,,n/a,,,,,unrecorded,,nvidia-smi memory.used after load,2026-09-10,records/measurements/measuring-gaps-2026-09-10/results-arms-q3-scratch.json,q3-ling-ub1024-1,--verbose
card_peak_minus_steady_mib,0,MiB,,,srv1,srv1@hosts.json-decl-2026-09-03,llamacpp,llamacpp:b10644-L3,Ling-3.0-tiny-Q4_K_M.gguf,bailingmoe3,Q4_K_M,0,2,8192,1024,mapped,f16,,n/a,,,,,unrecorded,,1 Hz sampler peak minus steady,2026-09-10,records/measurements/measuring-gaps-2026-09-10/results-arms-q3-scratch.json,q3-ling-ub1024-1,--verbose
card_C_mib,792.75,MiB,,,srv1,srv1@hosts.json-decl-2026-09-03,llamacpp,llamacpp:b10644-L3,Ling-3.0-tiny-Q4_K_M.gguf,bailingmoe3,Q4_K_M,0,2,8192,1024,mapped,f16,,n/a,,,,,unrecorded,,net card minus vramfit.experts_on_card (headroom.py method),2026-09-10,records/measurements/measuring-gaps-2026-09-10/results-arms-q3-scratch.json,q3-ling-ub1024-1,--verbose
wake_s,74.4232,s,,,srv1,srv1@hosts.json-decl-2026-09-03,llamacpp,llamacpp:b10644-L3,Ling-3.0-tiny-Q4_K_M.gguf,bailingmoe3,Q4_K_M,0,2,8192,1024,mapped,f16,,n/a,,,,,unrecorded,cold start,door-return minus StartedAt (rig.wake_from),2026-09-10,records/measurements/measuring-gaps-2026-09-10/results-arms-q3-scratch.json,q3-ling-ub1024-2,--verbose
card_steady_mib,4808,MiB,,,srv1,srv1@hosts.json-decl-2026-09-03,llamacpp,llamacpp:b10644-L3,Ling-3.0-tiny-Q4_K_M.gguf,bailingmoe3,Q4_K_M,0,2,8192,1024,mapped,f16,,n/a,,,,,unrecorded,,nvidia-smi memory.used after load,2026-09-10,records/measurements/measuring-gaps-2026-09-10/results-arms-q3-scratch.json,q3-ling-ub1024-2,--verbose
card_peak_minus_steady_mib,0,MiB,,,srv1,srv1@hosts.json-decl-2026-09-03,llamacpp,llamacpp:b10644-L3,Ling-3.0-tiny-Q4_K_M.gguf,bailingmoe3,Q4_K_M,0,2,8192,1024,mapped,f16,,n/a,,,,,unrecorded,,1 Hz sampler peak minus steady,2026-09-10,records/measurements/measuring-gaps-2026-09-10/results-arms-q3-scratch.json,q3-ling-ub1024-2,--verbose
card_C_mib,792.75,MiB,,,srv1,srv1@hosts.json-decl-2026-09-03,llamacpp,llamacpp:b10644-L3,Ling-3.0-tiny-Q4_K_M.gguf,bailingmoe3,Q4_K_M,0,2,8192,1024,mapped,f16,,n/a,,,,,unrecorded,,net card minus vramfit.experts_on_card (headroom.py method),2026-09-10,records/measurements/measuring-gaps-2026-09-10/results-arms-q3-scratch.json,q3-ling-ub1024-2,--verbose
wake_s,124.9532,s,,,srv1,srv1@hosts.json-decl-2026-09-03,llamacpp,llamacpp:b10644-L3,gemma-4-26B-A4B-it-UD-IQ3_XXS.gguf,gemma4,UD-IQ3_XXS,22,2,8192,256,mapped,f16,,n/a,,,,,unrecorded,cold start,door-return minus StartedAt (rig.wake_from),2026-09-10,records/measurements/measuring-gaps-2026-09-10/results-arms-q3-scratch.json,q3-gemma-ub256-1,--verbose
card_steady_mib,5412,MiB,,,srv1,srv1@hosts.json-decl-2026-09-03,llamacpp,llamacpp:b10644-L3,gemma-4-26B-A4B-it-UD-IQ3_XXS.gguf,gemma4,UD-IQ3_XXS,22,2,8192,256,mapped,f16,,n/a,,,,,unrecorded,,nvidia-smi memory.used after load,2026-09-10,records/measurements/measuring-gaps-2026-09-10/results-arms-q3-scratch.json,q3-gemma-ub256-1,--verbose
card_peak_minus_steady_mib,0,MiB,,,srv1,srv1@hosts.json-decl-2026-09-03,llamacpp,llamacpp:b10644-L3,gemma-4-26B-A4B-it-UD-IQ3_XXS.gguf,gemma4,UD-IQ3_XXS,22,2,8192,256,mapped,f16,,n/a,,,,,unrecorded,,1 Hz sampler peak minus steady,2026-09-10,records/measurements/measuring-gaps-2026-09-10/results-arms-q3-scratch.json,q3-gemma-ub256-1,--verbose
card_C_mib,2891.8086,MiB,,,srv1,srv1@hosts.json-decl-2026-09-03,llamacpp,llamacpp:b10644-L3,gemma-4-26B-A4B-it-UD-IQ3_XXS.gguf,gemma4,UD-IQ3_XXS,22,2,8192,256,mapped,f16,,n/a,,,,,unrecorded,,net card minus vramfit.experts_on_card (headroom.py method),2026-09-10,records/measurements/measuring-gaps-2026-09-10/results-arms-q3-scratch.json,q3-gemma-ub256-1,--verbose
wake_s,123.6148,s,,,srv1,srv1@hosts.json-decl-2026-09-03,llamacpp,llamacpp:b10644-L3,gemma-4-26B-A4B-it-UD-IQ3_XXS.gguf,gemma4,UD-IQ3_XXS,22,2,8192,256,mapped,f16,,n/a,,,,,unrecorded,cold start,door-return minus StartedAt (rig.wake_from),2026-09-10,records/measurements/measuring-gaps-2026-09-10/results-arms-q3-scratch.json,q3-gemma-ub256-2,--verbose
card_steady_mib,5412,MiB,,,srv1,srv1@hosts.json-decl-2026-09-03,llamacpp,llamacpp:b10644-L3,gemma-4-26B-A4B-it-UD-IQ3_XXS.gguf,gemma4,UD-IQ3_XXS,22,2,8192,256,mapped,f16,,n/a,,,,,unrecorded,,nvidia-smi memory.used after load,2026-09-10,records/measurements/measuring-gaps-2026-09-10/results-arms-q3-scratch.json,q3-gemma-ub256-2,--verbose
card_peak_minus_steady_mib,0,MiB,,,srv1,srv1@hosts.json-decl-2026-09-03,llamacpp,llamacpp:b10644-L3,gemma-4-26B-A4B-it-UD-IQ3_XXS.gguf,gemma4,UD-IQ3_XXS,22,2,8192,256,mapped,f16,,n/a,,,,,unrecorded,,1 Hz sampler peak minus steady,2026-09-10,records/measurements/measuring-gaps-2026-09-10/results-arms-q3-scratch.json,q3-gemma-ub256-2,--verbose
card_C_mib,2891.8086,MiB,,,srv1,srv1@hosts.json-decl-2026-09-03,llamacpp,llamacpp:b10644-L3,gemma-4-26B-A4B-it-UD-IQ3_XXS.gguf,gemma4,UD-IQ3_XXS,22,2,8192,256,mapped,f16,,n/a,,,,,unrecorded,,net card minus vramfit.experts_on_card (headroom.py method),2026-09-10,records/measurements/measuring-gaps-2026-09-10/results-arms-q3-scratch.json,q3-gemma-ub256-2,--verbose
wake_s,123.8963,s,,,srv1,srv1@hosts.json-decl-2026-09-03,llamacpp,llamacpp:b10644-L3,gemma-4-26B-A4B-it-UD-IQ3_XXS.gguf,gemma4,UD-IQ3_XXS,22,2,8192,1024,mapped,f16,,n/a,,,,,unrecorded,cold start,door-return minus StartedAt (rig.wake_from),2026-09-10,records/measurements/measuring-gaps-2026-09-10/results-arms-q3-scratch.json,q3-gemma-ub1024-1,--verbose
card_steady_mib,5546,MiB,,,srv1,srv1@hosts.json-decl-2026-09-03,llamacpp,llamacpp:b10644-L3,gemma-4-26B-A4B-it-UD-IQ3_XXS.gguf,gemma4,UD-IQ3_XXS,22,2,8192,1024,mapped,f16,,n/a,,,,,unrecorded,,nvidia-smi memory.used after load,2026-09-10,records/measurements/measuring-gaps-2026-09-10/results-arms-q3-scratch.json,q3-gemma-ub1024-1,--verbose
card_peak_minus_steady_mib,0,MiB,,,srv1,srv1@hosts.json-decl-2026-09-03,llamacpp,llamacpp:b10644-L3,gemma-4-26B-A4B-it-UD-IQ3_XXS.gguf,gemma4,UD-IQ3_XXS,22,2,8192,1024,mapped,f16,,n/a,,,,,unrecorded,,1 Hz sampler peak minus steady,2026-09-10,records/measurements/measuring-gaps-2026-09-10/results-arms-q3-scratch.json,q3-gemma-ub1024-1,--verbose
card_C_mib,3025.8086,MiB,,,srv1,srv1@hosts.json-decl-2026-09-03,llamacpp,llamacpp:b10644-L3,gemma-4-26B-A4B-it-UD-IQ3_XXS.gguf,gemma4,UD-IQ3_XXS,22,2,8192,1024,mapped,f16,,n/a,,,,,unrecorded,,net card minus vramfit.experts_on_card (headroom.py method),2026-09-10,records/measurements/measuring-gaps-2026-09-10/results-arms-q3-scratch.json,q3-gemma-ub1024-1,--verbose
wake_s,123.455,s,,,srv1,srv1@hosts.json-decl-2026-09-03,llamacpp,llamacpp:b10644-L3,gemma-4-26B-A4B-it-UD-IQ3_XXS.gguf,gemma4,UD-IQ3_XXS,22,2,8192,1024,mapped,f16,,n/a,,,,,unrecorded,cold start,door-return minus StartedAt (rig.wake_from),2026-09-10,records/measurements/measuring-gaps-2026-09-10/results-arms-q3-scratch.json,q3-gemma-ub1024-2,--verbose
card_steady_mib,5546,MiB,,,srv1,srv1@hosts.json-decl-2026-09-03,llamacpp,llamacpp:b10644-L3,gemma-4-26B-A4B-it-UD-IQ3_XXS.gguf,gemma4,UD-IQ3_XXS,22,2,8192,1024,mapped,f16,,n/a,,,,,unrecorded,,nvidia-smi memory.used after load,2026-09-10,records/measurements/measuring-gaps-2026-09-10/results-arms-q3-scratch.json,q3-gemma-ub1024-2,--verbose
card_peak_minus_steady_mib,0,MiB,,,srv1,srv1@hosts.json-decl-2026-09-03,llamacpp,llamacpp:b10644-L3,gemma-4-26B-A4B-it-UD-IQ3_XXS.gguf,gemma4,UD-IQ3_XXS,22,2,8192,1024,mapped,f16,,n/a,,,,,unrecorded,,1 Hz sampler peak minus steady,2026-09-10,records/measurements/measuring-gaps-2026-09-10/results-arms-q3-scratch.json,q3-gemma-ub1024-2,--verbose
card_C_mib,3025.8086,MiB,,,srv1,srv1@hosts.json-decl-2026-09-03,llamacpp,llamacpp:b10644-L3,gemma-4-26B-A4B-it-UD-IQ3_XXS.gguf,gemma4,UD-IQ3_XXS,22,2,8192,1024,mapped,f16,,n/a,,,,,unrecorded,,net card minus vramfit.experts_on_card (headroom.py method),2026-09-10,records/measurements/measuring-gaps-2026-09-10/results-arms-q3-scratch.json,q3-gemma-ub1024-2,--verbose
wake_s,103.0555,s,,,srv2,srv2@hosts.json-decl-2026-09-03,llamacpp,llamacpp:b10644-L3,Qwen3-Next-80B-A3B-Instruct-Q3_K_M.gguf,qwen3next,Q3_K_M,35,2,8192,256,mapped,f16,,n/a,,,,,unrecorded,cold start,door-return minus StartedAt (rig.wake_from),2026-09-10,records/measurements/measuring-gaps-2026-09-10/results-arms-q3-scratch.json,q3-80b-ub256-1,--verbose
card_steady_mib,11881,MiB,,,srv2,srv2@hosts.json-decl-2026-09-03,llamacpp,llamacpp:b10644-L3,Qwen3-Next-80B-A3B-Instruct-Q3_K_M.gguf,qwen3next,Q3_K_M,35,2,8192,256,mapped,f16,,n/a,,,,,unrecorded,,nvidia-smi memory.used after load,2026-09-10,records/measurements/measuring-gaps-2026-09-10/results-arms-q3-scratch.json,q3-80b-ub256-1,--verbose
card_peak_minus_steady_mib,0,MiB,,,srv2,srv2@hosts.json-decl-2026-09-03,llamacpp,llamacpp:b10644-L3,Qwen3-Next-80B-A3B-Instruct-Q3_K_M.gguf,qwen3next,Q3_K_M,35,2,8192,256,mapped,f16,,n/a,,,,,unrecorded,,1 Hz sampler peak minus steady,2026-09-10,records/measurements/measuring-gaps-2026-09-10/results-arms-q3-scratch.json,q3-80b-ub256-1,--verbose
card_C_mib,2416.0,MiB,,,srv2,srv2@hosts.json-decl-2026-09-03,llamacpp,llamacpp:b10644-L3,Qwen3-Next-80B-A3B-Instruct-Q3_K_M.gguf,qwen3next,Q3_K_M,35,2,8192,256,mapped,f16,,n/a,,,,,unrecorded,,net card minus vramfit.experts_on_card (headroom.py method),2026-09-10,records/measurements/measuring-gaps-2026-09-10/results-arms-q3-scratch.json,q3-80b-ub256-1,--verbose
wake_s,103.6645,s,,,srv2,srv2@hosts.json-decl-2026-09-03,llamacpp,llamacpp:b10644-L3,Qwen3-Next-80B-A3B-Instruct-Q3_K_M.gguf,qwen3next,Q3_K_M,35,2,8192,256,mapped,f16,,n/a,,,,,unrecorded,cold start,door-return minus StartedAt (rig.wake_from),2026-09-10,records/measurements/measuring-gaps-2026-09-10/results-arms-q3-scratch.json,q3-80b-ub256-2,--verbose
card_steady_mib,11881,MiB,,,srv2,srv2@hosts.json-decl-2026-09-03,llamacpp,llamacpp:b10644-L3,Qwen3-Next-80B-A3B-Instruct-Q3_K_M.gguf,qwen3next,Q3_K_M,35,2,8192,256,mapped,f16,,n/a,,,,,unrecorded,,nvidia-smi memory.used after load,2026-09-10,records/measurements/measuring-gaps-2026-09-10/results-arms-q3-scratch.json,q3-80b-ub256-2,--verbose
card_peak_minus_steady_mib,0,MiB,,,srv2,srv2@hosts.json-decl-2026-09-03,llamacpp,llamacpp:b10644-L3,Qwen3-Next-80B-A3B-Instruct-Q3_K_M.gguf,qwen3next,Q3_K_M,35,2,8192,256,mapped,f16,,n/a,,,,,unrecorded,,1 Hz sampler peak minus steady,2026-09-10,records/measurements/measuring-gaps-2026-09-10/results-arms-q3-scratch.json,q3-80b-ub256-2,--verbose
card_C_mib,2416.0,MiB,,,srv2,srv2@hosts.json-decl-2026-09-03,llamacpp,llamacpp:b10644-L3,Qwen3-Next-80B-A3B-Instruct-Q3_K_M.gguf,qwen3next,Q3_K_M,35,2,8192,256,mapped,f16,,n/a,,,,,unrecorded,,net card minus vramfit.experts_on_card (headroom.py method),2026-09-10,records/measurements/measuring-gaps-2026-09-10/results-arms-q3-scratch.json,q3-80b-ub256-2,--verbose
wake_s,102.9475,s,,,srv2,srv2@hosts.json-decl-2026-09-03,llamacpp,llamacpp:b10644-L3,Qwen3-Next-80B-A3B-Instruct-Q3_K_M.gguf,qwen3next,Q3_K_M,35,2,8192,1024,mapped,f16,,n/a,,,,,unrecorded,cold start,door-return minus StartedAt (rig.wake_from),2026-09-10,records/measurements/measuring-gaps-2026-09-10/results-arms-q3-scratch.json,q3-80b-ub1024-1,--verbose
card_steady_mib,11893,MiB,,,srv2,srv2@hosts.json-decl-2026-09-03,llamacpp,llamacpp:b10644-L3,Qwen3-Next-80B-A3B-Instruct-Q3_K_M.gguf,qwen3next,Q3_K_M,35,2,8192,1024,mapped,f16,,n/a,,,,,unrecorded,,nvidia-smi memory.used after load,2026-09-10,records/measurements/measuring-gaps-2026-09-10/results-arms-q3-scratch.json,q3-80b-ub1024-1,--verbose
card_peak_minus_steady_mib,0,MiB,,,srv2,srv2@hosts.json-decl-2026-09-03,llamacpp,llamacpp:b10644-L3,Qwen3-Next-80B-A3B-Instruct-Q3_K_M.gguf,qwen3next,Q3_K_M,35,2,8192,1024,mapped,f16,,n/a,,,,,unrecorded,,1 Hz sampler peak minus steady,2026-09-10,records/measurements/measuring-gaps-2026-09-10/results-arms-q3-scratch.json,q3-80b-ub1024-1,--verbose
card_C_mib,2428.0,MiB,,,srv2,srv2@hosts.json-decl-2026-09-03,llamacpp,llamacpp:b10644-L3,Qwen3-Next-80B-A3B-Instruct-Q3_K_M.gguf,qwen3next,Q3_K_M,35,2,8192,1024,mapped,f16,,n/a,,,,,unrecorded,,net card minus vramfit.experts_on_card (headroom.py method),2026-09-10,records/measurements/measuring-gaps-2026-09-10/results-arms-q3-scratch.json,q3-80b-ub1024-1,--verbose
wake_s,102.6931,s,,,srv2,srv2@hosts.json-decl-2026-09-03,llamacpp,llamacpp:b10644-L3,Qwen3-Next-80B-A3B-Instruct-Q3_K_M.gguf,qwen3next,Q3_K_M,35,2,8192,1024,mapped,f16,,n/a,,,,,unrecorded,cold start,door-return minus StartedAt (rig.wake_from),2026-09-10,records/measurements/measuring-gaps-2026-09-10/results-arms-q3-scratch.json,q3-80b-ub1024-2,--verbose
card_steady_mib,11893,MiB,,,srv2,srv2@hosts.json-decl-2026-09-03,llamacpp,llamacpp:b10644-L3,Qwen3-Next-80B-A3B-Instruct-Q3_K_M.gguf,qwen3next,Q3_K_M,35,2,8192,1024,mapped,f16,,n/a,,,,,unrecorded,,nvidia-smi memory.used after load,2026-09-10,records/measurements/measuring-gaps-2026-09-10/results-arms-q3-scratch.json,q3-80b-ub1024-2,--verbose
card_peak_minus_steady_mib,0,MiB,,,srv2,srv2@hosts.json-decl-2026-09-03,llamacpp,llamacpp:b10644-L3,Qwen3-Next-80B-A3B-Instruct-Q3_K_M.gguf,qwen3next,Q3_K_M,35,2,8192,1024,mapped,f16,,n/a,,,,,unrecorded,,1 Hz sampler peak minus steady,2026-09-10,records/measurements/measuring-gaps-2026-09-10/results-arms-q3-scratch.json,q3-80b-ub1024-2,--verbose
card_C_mib,2428.0,MiB,,,srv2,srv2@hosts.json-decl-2026-09-03,llamacpp,llamacpp:b10644-L3,Qwen3-Next-80B-A3B-Instruct-Q3_K_M.gguf,qwen3next,Q3_K_M,35,2,8192,1024,mapped,f16,,n/a,,,,,unrecorded,,net card minus vramfit.experts_on_card (headroom.py method),2026-09-10,records/measurements/measuring-gaps-2026-09-10/results-arms-q3-scratch.json,q3-80b-ub1024-2,--verbose
wake_s,47.5505,s,,,srv2,srv2@hosts.json-decl-2026-09-03,llamacpp,llamacpp:b10644-L3,deepseek-coder-v2-16b.gguf,deepseek2,,0,2,8192,512,mapped,f16,,n/a,,,,,unrecorded,cold start,door-return minus StartedAt (rig.wake_from),2026-09-10,records/measurements/measuring-gaps-2026-09-10/results-arms-q4-c-drift.json,q4-deepseek-n0-1,--verbose
card_steady_mib,10751,MiB,,,srv2,srv2@hosts.json-decl-2026-09-03,llamacpp,llamacpp:b10644-L3,deepseek-coder-v2-16b.gguf,deepseek2,,0,2,8192,512,mapped,f16,,n/a,,,,,unrecorded,,nvidia-smi memory.used after load,2026-09-10,records/measurements/measuring-gaps-2026-09-10/results-arms-q4-c-drift.json,q4-deepseek-n0-1,--verbose
card_peak_minus_steady_mib,0,MiB,,,srv2,srv2@hosts.json-decl-2026-09-03,llamacpp,llamacpp:b10644-L3,deepseek-coder-v2-16b.gguf,deepseek2,,0,2,8192,512,mapped,f16,,n/a,,,,,unrecorded,,1 Hz sampler peak minus steady,2026-09-10,records/measurements/measuring-gaps-2026-09-10/results-arms-q4-c-drift.json,q4-deepseek-n0-1,--verbose
card_C_mib,3028.0,MiB,,,srv2,srv2@hosts.json-decl-2026-09-03,llamacpp,llamacpp:b10644-L3,deepseek-coder-v2-16b.gguf,deepseek2,,0,2,8192,512,mapped,f16,,n/a,,,,,unrecorded,,net card minus vramfit.experts_on_card (headroom.py method),2026-09-10,records/measurements/measuring-gaps-2026-09-10/results-arms-q4-c-drift.json,q4-deepseek-n0-1,--verbose
wake_s,48.4502,s,,,srv2,srv2@hosts.json-decl-2026-09-03,llamacpp,llamacpp:b10644-L3,deepseek-coder-v2-16b.gguf,deepseek2,,0,2,8192,512,mapped,f16,,n/a,,,,,unrecorded,cold start,door-return minus StartedAt (rig.wake_from),2026-09-10,records/measurements/measuring-gaps-2026-09-10/results-arms-q4-c-drift.json,q4-deepseek-n0-2,--verbose
card_steady_mib,10751,MiB,,,srv2,srv2@hosts.json-decl-2026-09-03,llamacpp,llamacpp:b10644-L3,deepseek-coder-v2-16b.gguf,deepseek2,,0,2,8192,512,mapped,f16,,n/a,,,,,unrecorded,,nvidia-smi memory.used after load,2026-09-10,records/measurements/measuring-gaps-2026-09-10/results-arms-q4-c-drift.json,q4-deepseek-n0-2,--verbose
card_peak_minus_steady_mib,0,MiB,,,srv2,srv2@hosts.json-decl-2026-09-03,llamacpp,llamacpp:b10644-L3,deepseek-coder-v2-16b.gguf,deepseek2,,0,2,8192,512,mapped,f16,,n/a,,,,,unrecorded,,1 Hz sampler peak minus steady,2026-09-10,records/measurements/measuring-gaps-2026-09-10/results-arms-q4-c-drift.json,q4-deepseek-n0-2,--verbose
card_C_mib,3028.0,MiB,,,srv2,srv2@hosts.json-decl-2026-09-03,llamacpp,llamacpp:b10644-L3,deepseek-coder-v2-16b.gguf,deepseek2,,0,2,8192,512,mapped,f16,,n/a,,,,,unrecorded,,net card minus vramfit.experts_on_card (headroom.py method),2026-09-10,records/measurements/measuring-gaps-2026-09-10/results-arms-q4-c-drift.json,q4-deepseek-n0-2,--verbose
wake_s,47.5268,s,,,srv2,srv2@hosts.json-decl-2026-09-03,llamacpp,llamacpp:b10644-L3,deepseek-coder-v2-16b.gguf,deepseek2,,13,2,8192,512,mapped,f16,,n/a,,,,,unrecorded,cold start,door-return minus StartedAt (rig.wake_from),2026-09-10,records/measurements/measuring-gaps-2026-09-10/results-arms-q4-c-drift.json,q4-deepseek-n13-1,--verbose
card_steady_mib,7261,MiB,,,srv2,srv2@hosts.json-decl-2026-09-03,llamacpp,llamacpp:b10644-L3,deepseek-coder-v2-16b.gguf,deepseek2,,13,2,8192,512,mapped,f16,,n/a,,,,,unrecorded,,nvidia-smi memory.used after load,2026-09-10,records/measurements/measuring-gaps-2026-09-10/results-arms-q4-c-drift.json,q4-deepseek-n13-1,--verbose
card_peak_minus_steady_mib,0,MiB,,,srv2,srv2@hosts.json-decl-2026-09-03,llamacpp,llamacpp:b10644-L3,deepseek-coder-v2-16b.gguf,deepseek2,,13,2,8192,512,mapped,f16,,n/a,,,,,unrecorded,,1 Hz sampler peak minus steady,2026-09-10,records/measurements/measuring-gaps-2026-09-10/results-arms-q4-c-drift.json,q4-deepseek-n13-1,--verbose
card_C_mib,3102.0,MiB,,,srv2,srv2@hosts.json-decl-2026-09-03,llamacpp,llamacpp:b10644-L3,deepseek-coder-v2-16b.gguf,deepseek2,,13,2,8192,512,mapped,f16,,n/a,,,,,unrecorded,,net card minus vramfit.experts_on_card (headroom.py method),2026-09-10,records/measurements/measuring-gaps-2026-09-10/results-arms-q4-c-drift.json,q4-deepseek-n13-1,--verbose
wake_s,47.9842,s,,,srv2,srv2@hosts.json-decl-2026-09-03,llamacpp,llamacpp:b10644-L3,deepseek-coder-v2-16b.gguf,deepseek2,,13,2,8192,512,mapped,f16,,n/a,,,,,unrecorded,cold start,door-return minus StartedAt (rig.wake_from),2026-09-10,records/measurements/measuring-gaps-2026-09-10/results-arms-q4-c-drift.json,q4-deepseek-n13-2,--verbose
card_steady_mib,7261,MiB,,,srv2,srv2@hosts.json-decl-2026-09-03,llamacpp,llamacpp:b10644-L3,deepseek-coder-v2-16b.gguf,deepseek2,,13,2,8192,512,mapped,f16,,n/a,,,,,unrecorded,,nvidia-smi memory.used after load,2026-09-10,records/measurements/measuring-gaps-2026-09-10/results-arms-q4-c-drift.json,q4-deepseek-n13-2,--verbose
card_peak_minus_steady_mib,0,MiB,,,srv2,srv2@hosts.json-decl-2026-09-03,llamacpp,llamacpp:b10644-L3,deepseek-coder-v2-16b.gguf,deepseek2,,13,2,8192,512,mapped,f16,,n/a,,,,,unrecorded,,1 Hz sampler peak minus steady,2026-09-10,records/measurements/measuring-gaps-2026-09-10/results-arms-q4-c-drift.json,q4-deepseek-n13-2,--verbose
card_C_mib,3102.0,MiB,,,srv2,srv2@hosts.json-decl-2026-09-03,llamacpp,llamacpp:b10644-L3,deepseek-coder-v2-16b.gguf,deepseek2,,13,2,8192,512,mapped,f16,,n/a,,,,,unrecorded,,net card minus vramfit.experts_on_card (headroom.py method),2026-09-10,records/measurements/measuring-gaps-2026-09-10/results-arms-q4-c-drift.json,q4-deepseek-n13-2,--verbose
wake_s,47.223,s,,,srv2,srv2@hosts.json-decl-2026-09-03,llamacpp,llamacpp:b10644-L3,deepseek-coder-v2-16b.gguf,deepseek2,,26,2,8192,512,mapped,f16,,n/a,,,,,unrecorded,cold start,door-return minus StartedAt (rig.wake_from),2026-09-10,records/measurements/measuring-gaps-2026-09-10/results-arms-q4-c-drift.json,q4-deepseek-n26-1,--verbose
card_steady_mib,3399,MiB,,,srv2,srv2@hosts.json-decl-2026-09-03,llamacpp,llamacpp:b10644-L3,deepseek-coder-v2-16b.gguf,deepseek2,,26,2,8192,512,mapped,f16,,n/a,,,,,unrecorded,,nvidia-smi memory.used after load,2026-09-10,records/measurements/measuring-gaps-2026-09-10/results-arms-q4-c-drift.json,q4-deepseek-n26-1,--verbose
card_peak_minus_steady_mib,0,MiB,,,srv2,srv2@hosts.json-decl-2026-09-03,llamacpp,llamacpp:b10644-L3,deepseek-coder-v2-16b.gguf,deepseek2,,26,2,8192,512,mapped,f16,,n/a,,,,,unrecorded,,1 Hz sampler peak minus steady,2026-09-10,records/measurements/measuring-gaps-2026-09-10/results-arms-q4-c-drift.json,q4-deepseek-n26-1,--verbose
card_C_mib,3101.0,MiB,,,srv2,srv2@hosts.json-decl-2026-09-03,llamacpp,llamacpp:b10644-L3,deepseek-coder-v2-16b.gguf,deepseek2,,26,2,8192,512,mapped,f16,,n/a,,,,,unrecorded,,net card minus vramfit.experts_on_card (headroom.py method),2026-09-10,records/measurements/measuring-gaps-2026-09-10/results-arms-q4-c-drift.json,q4-deepseek-n26-1,--verbose
wake_s,47.5889,s,,,srv2,srv2@hosts.json-decl-2026-09-03,llamacpp,llamacpp:b10644-L3,deepseek-coder-v2-16b.gguf,deepseek2,,26,2,8192,512,mapped,f16,,n/a,,,,,unrecorded,cold start,door-return minus StartedAt (rig.wake_from),2026-09-10,records/measurements/measuring-gaps-2026-09-10/results-arms-q4-c-drift.json,q4-deepseek-n26-2,--verbose
card_steady_mib,3399,MiB,,,srv2,srv2@hosts.json-decl-2026-09-03,llamacpp,llamacpp:b10644-L3,deepseek-coder-v2-16b.gguf,deepseek2,,26,2,8192,512,mapped,f16,,n/a,,,,,unrecorded,,nvidia-smi memory.used after load,2026-09-10,records/measurements/measuring-gaps-2026-09-10/results-arms-q4-c-drift.json,q4-deepseek-n26-2,--verbose
card_peak_minus_steady_mib,0,MiB,,,srv2,srv2@hosts.json-decl-2026-09-03,llamacpp,llamacpp:b10644-L3,deepseek-coder-v2-16b.gguf,deepseek2,,26,2,8192,512,mapped,f16,,n/a,,,,,unrecorded,,1 Hz sampler peak minus steady,2026-09-10,records/measurements/measuring-gaps-2026-09-10/results-arms-q4-c-drift.json,q4-deepseek-n26-2,--verbose
card_C_mib,3101.0,MiB,,,srv2,srv2@hosts.json-decl-2026-09-03,llamacpp,llamacpp:b10644-L3,deepseek-coder-v2-16b.gguf,deepseek2,,26,2,8192,512,mapped,f16,,n/a,,,,,unrecorded,,net card minus vramfit.experts_on_card (headroom.py method),2026-09-10,records/measurements/measuring-gaps-2026-09-10/results-arms-q4-c-drift.json,q4-deepseek-n26-2,--verbose
wake_s,70.7462,s,,,srv1,srv1@hosts.json-decl-2026-09-03,llamacpp,llamacpp:b10644-L3,Ling-3.0-tiny-Q4_K_M.gguf,bailingmoe3,Q4_K_M,0,2,8192,512,mapped,f16,,n/a,,,,,unrecorded,cold start,door-return minus StartedAt (rig.wake_from),2026-09-10,records/measurements/measuring-gaps-2026-09-10/results-arms-q5-mla.json,q5-ling-1,--verbose
card_steady_mib,4808,MiB,,,srv1,srv1@hosts.json-decl-2026-09-03,llamacpp,llamacpp:b10644-L3,Ling-3.0-tiny-Q4_K_M.gguf,bailingmoe3,Q4_K_M,0,2,8192,512,mapped,f16,,n/a,,,,,unrecorded,,nvidia-smi memory.used after load,2026-09-10,records/measurements/measuring-gaps-2026-09-10/results-arms-q5-mla.json,q5-ling-1,--verbose
card_peak_minus_steady_mib,0,MiB,,,srv1,srv1@hosts.json-decl-2026-09-03,llamacpp,llamacpp:b10644-L3,Ling-3.0-tiny-Q4_K_M.gguf,bailingmoe3,Q4_K_M,0,2,8192,512,mapped,f16,,n/a,,,,,unrecorded,,1 Hz sampler peak minus steady,2026-09-10,records/measurements/measuring-gaps-2026-09-10/results-arms-q5-mla.json,q5-ling-1,--verbose
card_C_mib,792.75,MiB,,,srv1,srv1@hosts.json-decl-2026-09-03,llamacpp,llamacpp:b10644-L3,Ling-3.0-tiny-Q4_K_M.gguf,bailingmoe3,Q4_K_M,0,2,8192,512,mapped,f16,,n/a,,,,,unrecorded,,net card minus vramfit.experts_on_card (headroom.py method),2026-09-10,records/measurements/measuring-gaps-2026-09-10/results-arms-q5-mla.json,q5-ling-1,--verbose
card_vs_prediction_mib,4791,MiB,4791.0,0.0,srv1,srv1@hosts.json-decl-2026-09-03,llamacpp,llamacpp:b10644-L3,Ling-3.0-tiny-Q4_K_M.gguf,bailingmoe3,Q4_K_M,0,2,8192,512,mapped,f16,,n/a,,,,,unrecorded,,stored vramfit prediction vs net card,2026-09-10,records/measurements/measuring-gaps-2026-09-10/results-arms-q5-mla.json,q5-ling-1,--verbose
restarts,0,count,,,srv1,srv1@hosts.json-decl-2026-09-03,llamacpp,llamacpp:b10644-L3,Ling-3.0-tiny-Q4_K_M.gguf,bailingmoe3,Q4_K_M,0,2,8192,512,mapped,f16,,n/a,,,,,unrecorded,,docker RestartCount,2026-09-10,records/measurements/measuring-gaps-2026-09-10/results-arms-q5-mla.json,q5-ling-1,--verbose
wake_s,73.519,s,,,srv1,srv1@hosts.json-decl-2026-09-03,llamacpp,llamacpp:b10644-L3,Ling-3.0-tiny-Q4_K_M.gguf,bailingmoe3,Q4_K_M,0,2,8192,512,mapped,f16,,n/a,,,,,unrecorded,cold start,door-return minus StartedAt (rig.wake_from),2026-09-10,records/measurements/measuring-gaps-2026-09-10/results-arms-q5-mla.json,q5-ling-2,--verbose
card_steady_mib,4808,MiB,,,srv1,srv1@hosts.json-decl-2026-09-03,llamacpp,llamacpp:b10644-L3,Ling-3.0-tiny-Q4_K_M.gguf,bailingmoe3,Q4_K_M,0,2,8192,512,mapped,f16,,n/a,,,,,unrecorded,,nvidia-smi memory.used after load,2026-09-10,records/measurements/measuring-gaps-2026-09-10/results-arms-q5-mla.json,q5-ling-2,--verbose
card_peak_minus_steady_mib,0,MiB,,,srv1,srv1@hosts.json-decl-2026-09-03,llamacpp,llamacpp:b10644-L3,Ling-3.0-tiny-Q4_K_M.gguf,bailingmoe3,Q4_K_M,0,2,8192,512,mapped,f16,,n/a,,,,,unrecorded,,1 Hz sampler peak minus steady,2026-09-10,records/measurements/measuring-gaps-2026-09-10/results-arms-q5-mla.json,q5-ling-2,--verbose
card_C_mib,792.75,MiB,,,srv1,srv1@hosts.json-decl-2026-09-03,llamacpp,llamacpp:b10644-L3,Ling-3.0-tiny-Q4_K_M.gguf,bailingmoe3,Q4_K_M,0,2,8192,512,mapped,f16,,n/a,,,,,unrecorded,,net card minus vramfit.experts_on_card (headroom.py method),2026-09-10,records/measurements/measuring-gaps-2026-09-10/results-arms-q5-mla.json,q5-ling-2,--verbose
card_vs_prediction_mib,4791,MiB,4791.0,0.0,srv1,srv1@hosts.json-decl-2026-09-03,llamacpp,llamacpp:b10644-L3,Ling-3.0-tiny-Q4_K_M.gguf,bailingmoe3,Q4_K_M,0,2,8192,512,mapped,f16,,n/a,,,,,unrecorded,,stored vramfit prediction vs net card,2026-09-10,records/measurements/measuring-gaps-2026-09-10/results-arms-q5-mla.json,q5-ling-2,--verbose
restarts,0,count,,,srv1,srv1@hosts.json-decl-2026-09-03,llamacpp,llamacpp:b10644-L3,Ling-3.0-tiny-Q4_K_M.gguf,bailingmoe3,Q4_K_M,0,2,8192,512,mapped,f16,,n/a,,,,,unrecorded,,docker RestartCount,2026-09-10,records/measurements/measuring-gaps-2026-09-10/results-arms-q5-mla.json,q5-ling-2,--verbose
wake_s,141.5107,s,,,srv1,srv1@hosts.json-decl-2026-09-03,llamacpp,llamacpp:b10644-L3,Qwen3.6-35B-A3B-UD-IQ3_XXS.gguf,qwen35moe,UD-IQ3_XXS,30,2,16384,512,mapped,f16,,n/a,,,,,60 (METHOD.md:60),cold start,door-return minus StartedAt,2026-09-09,records/measurements/fleet-gaps-2026-09-09/m1-srv1-mode-vram.json,m1-srv1-mapped-1,compose mapped to compose.srv1.mapped-emitted.yml (README Step 0)
card_steady_mib,5110,MiB,,,srv1,srv1@hosts.json-decl-2026-09-03,llamacpp,llamacpp:b10644-L3,Qwen3.6-35B-A3B-UD-IQ3_XXS.gguf,qwen35moe,UD-IQ3_XXS,30,2,16384,512,mapped,f16,,n/a,,,,,60 (METHOD.md:60),,,2026-09-09,records/measurements/fleet-gaps-2026-09-09/m1-srv1-mode-vram.json,m1-srv1-mapped-1,compose mapped to compose.srv1.mapped-emitted.yml (README Step 0)
decode_tok_s,33.3256,tok/s,,,srv1,srv1@hosts.json-decl-2026-09-03,llamacpp,llamacpp:b10644-L3,Qwen3.6-35B-A3B-UD-IQ3_XXS.gguf,qwen35moe,UD-IQ3_XXS,30,2,16384,512,mapped,f16,,n/a,,,,,60 (METHOD.md:60),warm per README Step 0 (n=3),mean_tok_s,2026-09-09,records/measurements/fleet-gaps-2026-09-09/m1-srv1-mode-vram.json,m1-srv1-mapped-1,compose mapped to compose.srv1.mapped-emitted.yml (README Step 0)
majfault_wake,12922,pages,,,srv1,srv1@hosts.json-decl-2026-09-03,llamacpp,llamacpp:b10644-L3,Qwen3.6-35B-A3B-UD-IQ3_XXS.gguf,qwen35moe,UD-IQ3_XXS,30,2,16384,512,mapped,f16,,n/a,,,,,60 (METHOD.md:60),,,2026-09-09,records/measurements/fleet-gaps-2026-09-09/m1-srv1-mode-vram.json,m1-srv1-mapped-1,compose mapped to compose.srv1.mapped-emitted.yml (README Step 0)
pswpout_wake,32145,pages,,,srv1,srv1@hosts.json-decl-2026-09-03,llamacpp,llamacpp:b10644-L3,Qwen3.6-35B-A3B-UD-IQ3_XXS.gguf,qwen35moe,UD-IQ3_XXS,30,2,16384,512,mapped,f16,,n/a,,,,,60 (METHOD.md:60),,,2026-09-09,records/measurements/fleet-gaps-2026-09-09/m1-srv1-mode-vram.json,m1-srv1-mapped-1,compose mapped to compose.srv1.mapped-emitted.yml (README Step 0)
wake_s,141.0896,s,,,srv1,srv1@hosts.json-decl-2026-09-03,llamacpp,llamacpp:b10644-L3,Qwen3.6-35B-A3B-UD-IQ3_XXS.gguf,qwen35moe,UD-IQ3_XXS,30,2,16384,512,mapped,f16,,n/a,,,0.0,1.934,0 (README:35),cold start,"StartedAt clock, raw minus 10800 s mktime offset (README:264)",2026-09-09,records/measurements/ram-headroom-2026-09-09/sweep-results.json,srv1-qwen-hi,compose records/measurements/ram-headroom-2026-09-09/compose.srv1-qwen-mapped.yml (row cites uncommitted /tmp compose.srv1.mapped.yml); raw 10941.1
decode_tok_s,32.742,tok/s,,,srv1,srv1@hosts.json-decl-2026-09-03,llamacpp,llamacpp:b10644-L3,Qwen3.6-35B-A3B-UD-IQ3_XXS.gguf,qwen35moe,UD-IQ3_XXS,30,2,16384,512,mapped,f16,,n/a,,,0.0,1.934,0 (README:35),warm (1 discarded + mean of 3),sweep.py rates,2026-09-09,records/measurements/ram-headroom-2026-09-09/sweep-results.json,srv1-qwen-hi,"compose records/measurements/ram-headroom-2026-09-09/compose.srv1-qwen-mapped.yml (row cites uncommitted /tmp compose.srv1.mapped.yml); samples=[32.8, 32.68, 32.74]"
majfault_wake,8676,pages,,,srv1,srv1@hosts.json-decl-2026-09-03,llamacpp,llamacpp:b10644-L3,Qwen3.6-35B-A3B-UD-IQ3_XXS.gguf,qwen35moe,UD-IQ3_XXS,30,2,16384,512,mapped,f16,,n/a,,,0.0,1.934,0 (README:35),,,2026-09-09,records/measurements/ram-headroom-2026-09-09/sweep-results.json,srv1-qwen-hi,compose records/measurements/ram-headroom-2026-09-09/compose.srv1-qwen-mapped.yml (row cites uncommitted /tmp compose.srv1.mapped.yml)
majfault_decode,14,pages,,,srv1,srv1@hosts.json-decl-2026-09-03,llamacpp,llamacpp:b10644-L3,Qwen3.6-35B-A3B-UD-IQ3_XXS.gguf,qwen35moe,UD-IQ3_XXS,30,2,16384,512,mapped,f16,,n/a,,,0.0,1.934,0 (README:35),,/proc/vmstat delta over 3 decode samples,2026-09-09,records/measurements/ram-headroom-2026-09-09/sweep-results.json,srv1-qwen-hi,compose records/measurements/ram-headroom-2026-09-09/compose.srv1-qwen-mapped.yml (row cites uncommitted /tmp compose.srv1.mapped.yml)
pswpin_decode,0,pages,,,srv1,srv1@hosts.json-decl-2026-09-03,llamacpp,llamacpp:b10644-L3,Qwen3.6-35B-A3B-UD-IQ3_XXS.gguf,qwen35moe,UD-IQ3_XXS,30,2,16384,512,mapped,f16,,n/a,,,0.0,1.934,0 (README:35),,,2026-09-09,records/measurements/ram-headroom-2026-09-09/sweep-results.json,srv1-qwen-hi,compose records/measurements/ram-headroom-2026-09-09/compose.srv1-qwen-mapped.yml (row cites uncommitted /tmp compose.srv1.mapped.yml)
pswpout_decode,0,pages,,,srv1,srv1@hosts.json-decl-2026-09-03,llamacpp,llamacpp:b10644-L3,Qwen3.6-35B-A3B-UD-IQ3_XXS.gguf,qwen35moe,UD-IQ3_XXS,30,2,16384,512,mapped,f16,,n/a,,,0.0,1.934,0 (README:35),,,2026-09-09,records/measurements/ram-headroom-2026-09-09/sweep-results.json,srv1-qwen-hi,compose records/measurements/ram-headroom-2026-09-09/compose.srv1-qwen-mapped.yml (row cites uncommitted /tmp compose.srv1.mapped.yml)
shmem_mapped_unit_gib,0.0296,GiB,,,srv1,srv1@hosts.json-decl-2026-09-03,llamacpp,llamacpp:b10644-L3,Qwen3.6-35B-A3B-UD-IQ3_XXS.gguf,qwen35moe,UD-IQ3_XXS,30,2,16384,512,mapped,f16,,n/a,,,0.0,1.934,0 (README:35),,,2026-09-09,records/measurements/ram-headroom-2026-09-09/sweep-results.json,srv1-qwen-hi,compose records/measurements/ram-headroom-2026-09-09/compose.srv1-qwen-mapped.yml (row cites uncommitted /tmp compose.srv1.mapped.yml)
wake_s,139.917,s,,,srv1,srv1@hosts.json-decl-2026-09-03,llamacpp,llamacpp:b10644-L3,Qwen3.6-35B-A3B-UD-IQ3_XXS.gguf,qwen35moe,UD-IQ3_XXS,30,2,16384,512,mapped,f16,,n/a,,,1.39,0.519,0 (README:35),cold start,"StartedAt clock, raw minus 10800 s mktime offset (README:264)",2026-09-09,records/measurements/ram-headroom-2026-09-09/sweep-results.json,srv1-qwen-mid,compose records/measurements/ram-headroom-2026-09-09/compose.srv1-qwen-mapped.yml (row cites uncommitted /tmp compose.srv1.mapped.yml); raw 10939.9
decode_tok_s,33.0335,tok/s,,,srv1,srv1@hosts.json-decl-2026-09-03,llamacpp,llamacpp:b10644-L3,Qwen3.6-35B-A3B-UD-IQ3_XXS.gguf,qwen35moe,UD-IQ3_XXS,30,2,16384,512,mapped,f16,,n/a,,,1.39,0.519,0 (README:35),warm (1 discarded + mean of 3),sweep.py rates,2026-09-09,records/measurements/ram-headroom-2026-09-09/sweep-results.json,srv1-qwen-mid,"compose records/measurements/ram-headroom-2026-09-09/compose.srv1-qwen-mapped.yml (row cites uncommitted /tmp compose.srv1.mapped.yml); samples=[32.71, 33.2, 33.19]"
majfault_wake,10265,pages,,,srv1,srv1@hosts.json-decl-2026-09-03,llamacpp,llamacpp:b10644-L3,Qwen3.6-35B-A3B-UD-IQ3_XXS.gguf,qwen35moe,UD-IQ3_XXS,30,2,16384,512,mapped,f16,,n/a,,,1.39,0.519,0 (README:35),,,2026-09-09,records/measurements/ram-headroom-2026-09-09/sweep-results.json,srv1-qwen-mid,compose records/measurements/ram-headroom-2026-09-09/compose.srv1-qwen-mapped.yml (row cites uncommitted /tmp compose.srv1.mapped.yml)
majfault_decode,111,pages,,,srv1,srv1@hosts.json-decl-2026-09-03,llamacpp,llamacpp:b10644-L3,Qwen3.6-35B-A3B-UD-IQ3_XXS.gguf,qwen35moe,UD-IQ3_XXS,30,2,16384,512,mapped,f16,,n/a,,,1.39,0.519,0 (README:35),,/proc/vmstat delta over 3 decode samples,2026-09-09,records/measurements/ram-headroom-2026-09-09/sweep-results.json,srv1-qwen-mid,compose records/measurements/ram-headroom-2026-09-09/compose.srv1-qwen-mapped.yml (row cites uncommitted /tmp compose.srv1.mapped.yml)
pswpin_decode,0,pages,,,srv1,srv1@hosts.json-decl-2026-09-03,llamacpp,llamacpp:b10644-L3,Qwen3.6-35B-A3B-UD-IQ3_XXS.gguf,qwen35moe,UD-IQ3_XXS,30,2,16384,512,mapped,f16,,n/a,,,1.39,0.519,0 (README:35),,,2026-09-09,records/measurements/ram-headroom-2026-09-09/sweep-results.json,srv1-qwen-mid,compose records/measurements/ram-headroom-2026-09-09/compose.srv1-qwen-mapped.yml (row cites uncommitted /tmp compose.srv1.mapped.yml)
pswpout_decode,0,pages,,,srv1,srv1@hosts.json-decl-2026-09-03,llamacpp,llamacpp:b10644-L3,Qwen3.6-35B-A3B-UD-IQ3_XXS.gguf,qwen35moe,UD-IQ3_XXS,30,2,16384,512,mapped,f16,,n/a,,,1.39,0.519,0 (README:35),,,2026-09-09,records/measurements/ram-headroom-2026-09-09/sweep-results.json,srv1-qwen-mid,compose records/measurements/ram-headroom-2026-09-09/compose.srv1-qwen-mapped.yml (row cites uncommitted /tmp compose.srv1.mapped.yml)
shmem_mapped_unit_gib,0.0296,GiB,,,srv1,srv1@hosts.json-decl-2026-09-03,llamacpp,llamacpp:b10644-L3,Qwen3.6-35B-A3B-UD-IQ3_XXS.gguf,qwen35moe,UD-IQ3_XXS,30,2,16384,512,mapped,f16,,n/a,,,1.39,0.519,0 (README:35),,,2026-09-09,records/measurements/ram-headroom-2026-09-09/sweep-results.json,srv1-qwen-mid,compose records/measurements/ram-headroom-2026-09-09/compose.srv1-qwen-mapped.yml (row cites uncommitted /tmp compose.srv1.mapped.yml)
wake_s,170.3567,s,,,srv1,srv1@hosts.json-decl-2026-09-03,llamacpp,llamacpp:b10644-L3,Qwen3.6-35B-A3B-UD-IQ3_XXS.gguf,qwen35moe,UD-IQ3_XXS,30,2,16384,512,mapped,f16,,n/a,,,2.89,-0.968,0 (README:35),cold start,"StartedAt clock, raw minus 10800 s mktime offset (README:264)",2026-09-09,records/measurements/ram-headroom-2026-09-09/sweep-results.json,srv1-qwen-neg,compose records/measurements/ram-headroom-2026-09-09/compose.srv1-qwen-mapped.yml (row cites uncommitted /tmp compose.srv1.mapped.yml); raw 10970.4
decode_tok_s,33.0882,tok/s,,,srv1,srv1@hosts.json-decl-2026-09-03,llamacpp,llamacpp:b10644-L3,Qwen3.6-35B-A3B-UD-IQ3_XXS.gguf,qwen35moe,UD-IQ3_XXS,30,2,16384,512,mapped,f16,,n/a,,,2.89,-0.968,0 (README:35),warm (1 discarded + mean of 3),sweep.py rates,2026-09-09,records/measurements/ram-headroom-2026-09-09/sweep-results.json,srv1-qwen-neg,"compose records/measurements/ram-headroom-2026-09-09/compose.srv1-qwen-mapped.yml (row cites uncommitted /tmp compose.srv1.mapped.yml); samples=[33.13, 33.07, 33.06]"
majfault_wake,12147,pages,,,srv1,srv1@hosts.json-decl-2026-09-03,llamacpp,llamacpp:b10644-L3,Qwen3.6-35B-A3B-UD-IQ3_XXS.gguf,qwen35moe,UD-IQ3_XXS,30,2,16384,512,mapped,f16,,n/a,,,2.89,-0.968,0 (README:35),,,2026-09-09,records/measurements/ram-headroom-2026-09-09/sweep-results.json,srv1-qwen-neg,compose records/measurements/ram-headroom-2026-09-09/compose.srv1-qwen-mapped.yml (row cites uncommitted /tmp compose.srv1.mapped.yml)
majfault_decode,110,pages,,,srv1,srv1@hosts.json-decl-2026-09-03,llamacpp,llamacpp:b10644-L3,Qwen3.6-35B-A3B-UD-IQ3_XXS.gguf,qwen35moe,UD-IQ3_XXS,30,2,16384,512,mapped,f16,,n/a,,,2.89,-0.968,0 (README:35),,/proc/vmstat delta over 3 decode samples,2026-09-09,records/measurements/ram-headroom-2026-09-09/sweep-results.json,srv1-qwen-neg,compose records/measurements/ram-headroom-2026-09-09/compose.srv1-qwen-mapped.yml (row cites uncommitted /tmp compose.srv1.mapped.yml)
pswpin_decode,0,pages,,,srv1,srv1@hosts.json-decl-2026-09-03,llamacpp,llamacpp:b10644-L3,Qwen3.6-35B-A3B-UD-IQ3_XXS.gguf,qwen35moe,UD-IQ3_XXS,30,2,16384,512,mapped,f16,,n/a,,,2.89,-0.968,0 (README:35),,,2026-09-09,records/measurements/ram-headroom-2026-09-09/sweep-results.json,srv1-qwen-neg,compose records/measurements/ram-headroom-2026-09-09/compose.srv1-qwen-mapped.yml (row cites uncommitted /tmp compose.srv1.mapped.yml)
pswpout_decode,0,pages,,,srv1,srv1@hosts.json-decl-2026-09-03,llamacpp,llamacpp:b10644-L3,Qwen3.6-35B-A3B-UD-IQ3_XXS.gguf,qwen35moe,UD-IQ3_XXS,30,2,16384,512,mapped,f16,,n/a,,,2.89,-0.968,0 (README:35),,,2026-09-09,records/measurements/ram-headroom-2026-09-09/sweep-results.json,srv1-qwen-neg,compose records/measurements/ram-headroom-2026-09-09/compose.srv1-qwen-mapped.yml (row cites uncommitted /tmp compose.srv1.mapped.yml)
shmem_mapped_unit_gib,0.0296,GiB,,,srv1,srv1@hosts.json-decl-2026-09-03,llamacpp,llamacpp:b10644-L3,Qwen3.6-35B-A3B-UD-IQ3_XXS.gguf,qwen35moe,UD-IQ3_XXS,30,2,16384,512,mapped,f16,,n/a,,,2.89,-0.968,0 (README:35),,,2026-09-09,records/measurements/ram-headroom-2026-09-09/sweep-results.json,srv1-qwen-neg,compose records/measurements/ram-headroom-2026-09-09/compose.srv1-qwen-mapped.yml (row cites uncommitted /tmp compose.srv1.mapped.yml)
wake_s,102.9322,s,,,srv2,srv2@hosts.json-decl-2026-09-03,llamacpp,llamacpp:b10644-L3,Qwen3-Next-80B-A3B-Instruct-Q3_K_M.gguf,qwen3next,Q3_K_M,35,2,8192,512,mapped,f16,,n/a,,,6.93,2.016,0 (README:35),cold start,"StartedAt clock, raw minus 10800 s mktime offset (README:264)",2026-09-09,records/measurements/ram-headroom-2026-09-09/sweep-results-arms-srv2.json,srv2-80b-hi,compose records/measurements/ram-headroom-2026-09-09/compose.srv2-80b.yml (row cites uncommitted /tmp compose.srv2.yml); raw 10902.9
decode_tok_s,29.714,tok/s,,,srv2,srv2@hosts.json-decl-2026-09-03,llamacpp,llamacpp:b10644-L3,Qwen3-Next-80B-A3B-Instruct-Q3_K_M.gguf,qwen3next,Q3_K_M,35,2,8192,512,mapped,f16,,n/a,,,6.93,2.016,0 (README:35),warm (1 discarded + mean of 3),sweep.py rates,2026-09-09,records/measurements/ram-headroom-2026-09-09/sweep-results-arms-srv2.json,srv2-80b-hi,"compose records/measurements/ram-headroom-2026-09-09/compose.srv2-80b.yml (row cites uncommitted /tmp compose.srv2.yml); samples=[29.7, 29.72, 29.72]"
majfault_wake,5372,pages,,,srv2,srv2@hosts.json-decl-2026-09-03,llamacpp,llamacpp:b10644-L3,Qwen3-Next-80B-A3B-Instruct-Q3_K_M.gguf,qwen3next,Q3_K_M,35,2,8192,512,mapped,f16,,n/a,,,6.93,2.016,0 (README:35),,,2026-09-09,records/measurements/ram-headroom-2026-09-09/sweep-results-arms-srv2.json,srv2-80b-hi,compose records/measurements/ram-headroom-2026-09-09/compose.srv2-80b.yml (row cites uncommitted /tmp compose.srv2.yml)
majfault_decode,0,pages,,,srv2,srv2@hosts.json-decl-2026-09-03,llamacpp,llamacpp:b10644-L3,Qwen3-Next-80B-A3B-Instruct-Q3_K_M.gguf,qwen3next,Q3_K_M,35,2,8192,512,mapped,f16,,n/a,,,6.93,2.016,0 (README:35),,/proc/vmstat delta over 3 decode samples,2026-09-09,records/measurements/ram-headroom-2026-09-09/sweep-results-arms-srv2.json,srv2-80b-hi,compose records/measurements/ram-headroom-2026-09-09/compose.srv2-80b.yml (row cites uncommitted /tmp compose.srv2.yml)
pswpin_decode,0,pages,,,srv2,srv2@hosts.json-decl-2026-09-03,llamacpp,llamacpp:b10644-L3,Qwen3-Next-80B-A3B-Instruct-Q3_K_M.gguf,qwen3next,Q3_K_M,35,2,8192,512,mapped,f16,,n/a,,,6.93,2.016,0 (README:35),,,2026-09-09,records/measurements/ram-headroom-2026-09-09/sweep-results-arms-srv2.json,srv2-80b-hi,compose records/measurements/ram-headroom-2026-09-09/compose.srv2-80b.yml (row cites uncommitted /tmp compose.srv2.yml)
pswpout_decode,0,pages,,,srv2,srv2@hosts.json-decl-2026-09-03,llamacpp,llamacpp:b10644-L3,Qwen3-Next-80B-A3B-Instruct-Q3_K_M.gguf,qwen3next,Q3_K_M,35,2,8192,512,mapped,f16,,n/a,,,6.93,2.016,0 (README:35),,,2026-09-09,records/measurements/ram-headroom-2026-09-09/sweep-results-arms-srv2.json,srv2-80b-hi,compose records/measurements/ram-headroom-2026-09-09/compose.srv2-80b.yml (row cites uncommitted /tmp compose.srv2.yml)
shmem_mapped_unit_gib,0.024,GiB,,,srv2,srv2@hosts.json-decl-2026-09-03,llamacpp,llamacpp:b10644-L3,Qwen3-Next-80B-A3B-Instruct-Q3_K_M.gguf,qwen3next,Q3_K_M,35,2,8192,512,mapped,f16,,n/a,,,6.93,2.016,0 (README:35),,,2026-09-09,records/measurements/ram-headroom-2026-09-09/sweep-results-arms-srv2.json,srv2-80b-hi,compose records/measurements/ram-headroom-2026-09-09/compose.srv2-80b.yml (row cites uncommitted /tmp compose.srv2.yml)
wake_s,103.7254,s,,,srv2,srv2@hosts.json-decl-2026-09-03,llamacpp,llamacpp:b10644-L3,Qwen3-Next-80B-A3B-Instruct-Q3_K_M.gguf,qwen3next,Q3_K_M,35,2,8192,512,mapped,f16,,n/a,,,8.33,0.48,0 (README:35),cold start,"StartedAt clock, raw minus 10800 s mktime offset (README:264)",2026-09-09,records/measurements/ram-headroom-2026-09-09/sweep-results-arms-srv2.json,srv2-80b-mid,compose records/measurements/ram-headroom-2026-09-09/compose.srv2-80b.yml (row cites uncommitted /tmp compose.srv2.yml); raw 10903.7
decode_tok_s,29.5126,tok/s,,,srv2,srv2@hosts.json-decl-2026-09-03,llamacpp,llamacpp:b10644-L3,Qwen3-Next-80B-A3B-Instruct-Q3_K_M.gguf,qwen3next,Q3_K_M,35,2,8192,512,mapped,f16,,n/a,,,8.33,0.48,0 (README:35),warm (1 discarded + mean of 3),sweep.py rates,2026-09-09,records/measurements/ram-headroom-2026-09-09/sweep-results-arms-srv2.json,srv2-80b-mid,"compose records/measurements/ram-headroom-2026-09-09/compose.srv2-80b.yml (row cites uncommitted /tmp compose.srv2.yml); samples=[29.51, 29.47, 29.56]"
majfault_wake,145596,pages,,,srv2,srv2@hosts.json-decl-2026-09-03,llamacpp,llamacpp:b10644-L3,Qwen3-Next-80B-A3B-Instruct-Q3_K_M.gguf,qwen3next,Q3_K_M,35,2,8192,512,mapped,f16,,n/a,,,8.33,0.48,0 (README:35),,,2026-09-09,records/measurements/ram-headroom-2026-09-09/sweep-results-arms-srv2.json,srv2-80b-mid,compose records/measurements/ram-headroom-2026-09-09/compose.srv2-80b.yml (row cites uncommitted /tmp compose.srv2.yml)
majfault_decode,519,pages,,,srv2,srv2@hosts.json-decl-2026-09-03,llamacpp,llamacpp:b10644-L3,Qwen3-Next-80B-A3B-Instruct-Q3_K_M.gguf,qwen3next,Q3_K_M,35,2,8192,512,mapped,f16,,n/a,,,8.33,0.48,0 (README:35),,/proc/vmstat delta over 3 decode samples,2026-09-09,records/measurements/ram-headroom-2026-09-09/sweep-results-arms-srv2.json,srv2-80b-mid,compose records/measurements/ram-headroom-2026-09-09/compose.srv2-80b.yml (row cites uncommitted /tmp compose.srv2.yml)
pswpin_decode,3,pages,,,srv2,srv2@hosts.json-decl-2026-09-03,llamacpp,llamacpp:b10644-L3,Qwen3-Next-80B-A3B-Instruct-Q3_K_M.gguf,qwen3next,Q3_K_M,35,2,8192,512,mapped,f16,,n/a,,,8.33,0.48,0 (README:35),,,2026-09-09,records/measurements/ram-headroom-2026-09-09/sweep-results-arms-srv2.json,srv2-80b-mid,compose records/measurements/ram-headroom-2026-09-09/compose.srv2-80b.yml (row cites uncommitted /tmp compose.srv2.yml)
pswpout_decode,0,pages,,,srv2,srv2@hosts.json-decl-2026-09-03,llamacpp,llamacpp:b10644-L3,Qwen3-Next-80B-A3B-Instruct-Q3_K_M.gguf,qwen3next,Q3_K_M,35,2,8192,512,mapped,f16,,n/a,,,8.33,0.48,0 (README:35),,,2026-09-09,records/measurements/ram-headroom-2026-09-09/sweep-results-arms-srv2.json,srv2-80b-mid,compose records/measurements/ram-headroom-2026-09-09/compose.srv2-80b.yml (row cites uncommitted /tmp compose.srv2.yml)
shmem_mapped_unit_gib,0.024,GiB,,,srv2,srv2@hosts.json-decl-2026-09-03,llamacpp,llamacpp:b10644-L3,Qwen3-Next-80B-A3B-Instruct-Q3_K_M.gguf,qwen3next,Q3_K_M,35,2,8192,512,mapped,f16,,n/a,,,8.33,0.48,0 (README:35),,,2026-09-09,records/measurements/ram-headroom-2026-09-09/sweep-results-arms-srv2.json,srv2-80b-mid,compose records/measurements/ram-headroom-2026-09-09/compose.srv2-80b.yml (row cites uncommitted /tmp compose.srv2.yml)
wake_s,107.9739,s,,,srv2,srv2@hosts.json-decl-2026-09-03,llamacpp,llamacpp:b10644-L3,Qwen3-Next-80B-A3B-Instruct-Q3_K_M.gguf,qwen3next,Q3_K_M,35,2,8192,512,mapped,f16,,n/a,,,9.83,-0.843,0 (README:35),cold start,"StartedAt clock, raw minus 10800 s mktime offset (README:264)",2026-09-09,records/measurements/ram-headroom-2026-09-09/sweep-results-arms-srv2.json,srv2-80b-neg,compose records/measurements/ram-headroom-2026-09-09/compose.srv2-80b.yml (row cites uncommitted /tmp compose.srv2.yml); raw 10908.0
decode_tok_s,29.1902,tok/s,,,srv2,srv2@hosts.json-decl-2026-09-03,llamacpp,llamacpp:b10644-L3,Qwen3-Next-80B-A3B-Instruct-Q3_K_M.gguf,qwen3next,Q3_K_M,35,2,8192,512,mapped,f16,,n/a,,,9.83,-0.843,0 (README:35),warm (1 discarded + mean of 3),sweep.py rates,2026-09-09,records/measurements/ram-headroom-2026-09-09/sweep-results-arms-srv2.json,srv2-80b-neg,"compose records/measurements/ram-headroom-2026-09-09/compose.srv2-80b.yml (row cites uncommitted /tmp compose.srv2.yml); samples=[29.38, 28.97, 29.22]"
majfault_wake,35511,pages,,,srv2,srv2@hosts.json-decl-2026-09-03,llamacpp,llamacpp:b10644-L3,Qwen3-Next-80B-A3B-Instruct-Q3_K_M.gguf,qwen3next,Q3_K_M,35,2,8192,512,mapped,f16,,n/a,,,9.83,-0.843,0 (README:35),,,2026-09-09,records/measurements/ram-headroom-2026-09-09/sweep-results-arms-srv2.json,srv2-80b-neg,compose records/measurements/ram-headroom-2026-09-09/compose.srv2-80b.yml (row cites uncommitted /tmp compose.srv2.yml)
majfault_decode,23,pages,,,srv2,srv2@hosts.json-decl-2026-09-03,llamacpp,llamacpp:b10644-L3,Qwen3-Next-80B-A3B-Instruct-Q3_K_M.gguf,qwen3next,Q3_K_M,35,2,8192,512,mapped,f16,,n/a,,,9.83,-0.843,0 (README:35),,/proc/vmstat delta over 3 decode samples,2026-09-09,records/measurements/ram-headroom-2026-09-09/sweep-results-arms-srv2.json,srv2-80b-neg,compose records/measurements/ram-headroom-2026-09-09/compose.srv2-80b.yml (row cites uncommitted /tmp compose.srv2.yml)
pswpin_decode,0,pages,,,srv2,srv2@hosts.json-decl-2026-09-03,llamacpp,llamacpp:b10644-L3,Qwen3-Next-80B-A3B-Instruct-Q3_K_M.gguf,qwen3next,Q3_K_M,35,2,8192,512,mapped,f16,,n/a,,,9.83,-0.843,0 (README:35),,,2026-09-09,records/measurements/ram-headroom-2026-09-09/sweep-results-arms-srv2.json,srv2-80b-neg,compose records/measurements/ram-headroom-2026-09-09/compose.srv2-80b.yml (row cites uncommitted /tmp compose.srv2.yml)
pswpout_decode,0,pages,,,srv2,srv2@hosts.json-decl-2026-09-03,llamacpp,llamacpp:b10644-L3,Qwen3-Next-80B-A3B-Instruct-Q3_K_M.gguf,qwen3next,Q3_K_M,35,2,8192,512,mapped,f16,,n/a,,,9.83,-0.843,0 (README:35),,,2026-09-09,records/measurements/ram-headroom-2026-09-09/sweep-results-arms-srv2.json,srv2-80b-neg,compose records/measurements/ram-headroom-2026-09-09/compose.srv2-80b.yml (row cites uncommitted /tmp compose.srv2.yml)
shmem_mapped_unit_gib,0.024,GiB,,,srv2,srv2@hosts.json-decl-2026-09-03,llamacpp,llamacpp:b10644-L3,Qwen3-Next-80B-A3B-Instruct-Q3_K_M.gguf,qwen3next,Q3_K_M,35,2,8192,512,mapped,f16,,n/a,,,9.83,-0.843,0 (README:35),,,2026-09-09,records/measurements/ram-headroom-2026-09-09/sweep-results-arms-srv2.json,srv2-80b-neg,compose records/measurements/ram-headroom-2026-09-09/compose.srv2-80b.yml (row cites uncommitted /tmp compose.srv2.yml)
wake_s,85.6508,s,,,srv1,srv1@hosts.json-decl-2026-09-03,llamacpp,llamacpp:b10644-L3,deepseek-coder-v2-16b.gguf,deepseek2,,19,2,8192,512,mapped,f16,,n/a,,,4.0,1.93,0 (README:35),cold start,StartedAt clock,2026-09-09,records/measurements/ram-headroom-2026-09-09/sweep-results-arms-deepseek.json,srv1-deepseek-hi2,compose records/measurements/ram-headroom-2026-09-09/compose.srv1-deepseek.yml (row cites uncommitted /tmp compose.srv1.yml)
decode_tok_s,34.6745,tok/s,,,srv1,srv1@hosts.json-decl-2026-09-03,llamacpp,llamacpp:b10644-L3,deepseek-coder-v2-16b.gguf,deepseek2,,19,2,8192,512,mapped,f16,,n/a,,,4.0,1.93,0 (README:35),warm (1 discarded + mean of 3),sweep.py rates,2026-09-09,records/measurements/ram-headroom-2026-09-09/sweep-results-arms-deepseek.json,srv1-deepseek-hi2,"compose records/measurements/ram-headroom-2026-09-09/compose.srv1-deepseek.yml (row cites uncommitted /tmp compose.srv1.yml); samples=[34.56, 34.73, 34.73]"
majfault_wake,5938,pages,,,srv1,srv1@hosts.json-decl-2026-09-03,llamacpp,llamacpp:b10644-L3,deepseek-coder-v2-16b.gguf,deepseek2,,19,2,8192,512,mapped,f16,,n/a,,,4.0,1.93,0 (README:35),,,2026-09-09,records/measurements/ram-headroom-2026-09-09/sweep-results-arms-deepseek.json,srv1-deepseek-hi2,compose records/measurements/ram-headroom-2026-09-09/compose.srv1-deepseek.yml (row cites uncommitted /tmp compose.srv1.yml)
majfault_decode,25,pages,,,srv1,srv1@hosts.json-decl-2026-09-03,llamacpp,llamacpp:b10644-L3,deepseek-coder-v2-16b.gguf,deepseek2,,19,2,8192,512,mapped,f16,,n/a,,,4.0,1.93,0 (README:35),,/proc/vmstat delta over 3 decode samples,2026-09-09,records/measurements/ram-headroom-2026-09-09/sweep-results-arms-deepseek.json,srv1-deepseek-hi2,compose records/measurements/ram-headroom-2026-09-09/compose.srv1-deepseek.yml (row cites uncommitted /tmp compose.srv1.yml)
pswpin_decode,0,pages,,,srv1,srv1@hosts.json-decl-2026-09-03,llamacpp,llamacpp:b10644-L3,deepseek-coder-v2-16b.gguf,deepseek2,,19,2,8192,512,mapped,f16,,n/a,,,4.0,1.93,0 (README:35),,,2026-09-09,records/measurements/ram-headroom-2026-09-09/sweep-results-arms-deepseek.json,srv1-deepseek-hi2,compose records/measurements/ram-headroom-2026-09-09/compose.srv1-deepseek.yml (row cites uncommitted /tmp compose.srv1.yml)
pswpout_decode,0,pages,,,srv1,srv1@hosts.json-decl-2026-09-03,llamacpp,llamacpp:b10644-L3,deepseek-coder-v2-16b.gguf,deepseek2,,19,2,8192,512,mapped,f16,,n/a,,,4.0,1.93,0 (README:35),,,2026-09-09,records/measurements/ram-headroom-2026-09-09/sweep-results-arms-deepseek.json,srv1-deepseek-hi2,compose records/measurements/ram-headroom-2026-09-09/compose.srv1-deepseek.yml (row cites uncommitted /tmp compose.srv1.yml)
shmem_mapped_unit_gib,0.1097,GiB,,,srv1,srv1@hosts.json-decl-2026-09-03,llamacpp,llamacpp:b10644-L3,deepseek-coder-v2-16b.gguf,deepseek2,,19,2,8192,512,mapped,f16,,n/a,,,4.0,1.93,0 (README:35),,,2026-09-09,records/measurements/ram-headroom-2026-09-09/sweep-results-arms-deepseek.json,srv1-deepseek-hi2,compose records/measurements/ram-headroom-2026-09-09/compose.srv1-deepseek.yml (row cites uncommitted /tmp compose.srv1.yml)
wake_s,94.8662,s,,,srv1,srv1@hosts.json-decl-2026-09-03,llamacpp,llamacpp:b10644-L3,deepseek-coder-v2-16b.gguf,deepseek2,,19,2,8192,512,mapped,f16,,n/a,,,5.4,0.497,0 (README:35),cold start,StartedAt clock,2026-09-09,records/measurements/ram-headroom-2026-09-09/sweep-results-arms-deepseek.json,srv1-deepseek-mid2,compose records/measurements/ram-headroom-2026-09-09/compose.srv1-deepseek.yml (row cites uncommitted /tmp compose.srv1.yml)
decode_tok_s,34.5635,tok/s,,,srv1,srv1@hosts.json-decl-2026-09-03,llamacpp,llamacpp:b10644-L3,deepseek-coder-v2-16b.gguf,deepseek2,,19,2,8192,512,mapped,f16,,n/a,,,5.4,0.497,0 (README:35),warm (1 discarded + mean of 3),sweep.py rates,2026-09-09,records/measurements/ram-headroom-2026-09-09/sweep-results-arms-deepseek.json,srv1-deepseek-mid2,"compose records/measurements/ram-headroom-2026-09-09/compose.srv1-deepseek.yml (row cites uncommitted /tmp compose.srv1.yml); samples=[34.56, 34.57, 34.56]"
majfault_wake,9044,pages,,,srv1,srv1@hosts.json-decl-2026-09-03,llamacpp,llamacpp:b10644-L3,deepseek-coder-v2-16b.gguf,deepseek2,,19,2,8192,512,mapped,f16,,n/a,,,5.4,0.497,0 (README:35),,,2026-09-09,records/measurements/ram-headroom-2026-09-09/sweep-results-arms-deepseek.json,srv1-deepseek-mid2,compose records/measurements/ram-headroom-2026-09-09/compose.srv1-deepseek.yml (row cites uncommitted /tmp compose.srv1.yml)
majfault_decode,47,pages,,,srv1,srv1@hosts.json-decl-2026-09-03,llamacpp,llamacpp:b10644-L3,deepseek-coder-v2-16b.gguf,deepseek2,,19,2,8192,512,mapped,f16,,n/a,,,5.4,0.497,0 (README:35),,/proc/vmstat delta over 3 decode samples,2026-09-09,records/measurements/ram-headroom-2026-09-09/sweep-results-arms-deepseek.json,srv1-deepseek-mid2,compose records/measurements/ram-headroom-2026-09-09/compose.srv1-deepseek.yml (row cites uncommitted /tmp compose.srv1.yml)
pswpin_decode,0,pages,,,srv1,srv1@hosts.json-decl-2026-09-03,llamacpp,llamacpp:b10644-L3,deepseek-coder-v2-16b.gguf,deepseek2,,19,2,8192,512,mapped,f16,,n/a,,,5.4,0.497,0 (README:35),,,2026-09-09,records/measurements/ram-headroom-2026-09-09/sweep-results-arms-deepseek.json,srv1-deepseek-mid2,compose records/measurements/ram-headroom-2026-09-09/compose.srv1-deepseek.yml (row cites uncommitted /tmp compose.srv1.yml)
pswpout_decode,0,pages,,,srv1,srv1@hosts.json-decl-2026-09-03,llamacpp,llamacpp:b10644-L3,deepseek-coder-v2-16b.gguf,deepseek2,,19,2,8192,512,mapped,f16,,n/a,,,5.4,0.497,0 (README:35),,,2026-09-09,records/measurements/ram-headroom-2026-09-09/sweep-results-arms-deepseek.json,srv1-deepseek-mid2,compose records/measurements/ram-headroom-2026-09-09/compose.srv1-deepseek.yml (row cites uncommitted /tmp compose.srv1.yml)
shmem_mapped_unit_gib,0.1097,GiB,,,srv1,srv1@hosts.json-decl-2026-09-03,llamacpp,llamacpp:b10644-L3,deepseek-coder-v2-16b.gguf,deepseek2,,19,2,8192,512,mapped,f16,,n/a,,,5.4,0.497,0 (README:35),,,2026-09-09,records/measurements/ram-headroom-2026-09-09/sweep-results-arms-deepseek.json,srv1-deepseek-mid2,compose records/measurements/ram-headroom-2026-09-09/compose.srv1-deepseek.yml (row cites uncommitted /tmp compose.srv1.yml)
wake_s,116.3214,s,,,srv1,srv1@hosts.json-decl-2026-09-03,llamacpp,llamacpp:b10644-L3,deepseek-coder-v2-16b.gguf,deepseek2,,19,2,8192,512,mapped,f16,,n/a,,,6.9,-0.979,0 (README:35),cold start,StartedAt clock,2026-09-09,records/measurements/ram-headroom-2026-09-09/sweep-results-arms-deepseek.json,srv1-deepseek-neg2,compose records/measurements/ram-headroom-2026-09-09/compose.srv1-deepseek.yml (row cites uncommitted /tmp compose.srv1.yml)
decode_tok_s,33.1611,tok/s,,,srv1,srv1@hosts.json-decl-2026-09-03,llamacpp,llamacpp:b10644-L3,deepseek-coder-v2-16b.gguf,deepseek2,,19,2,8192,512,mapped,f16,,n/a,,,6.9,-0.979,0 (README:35),warm (1 discarded + mean of 3),sweep.py rates,2026-09-09,records/measurements/ram-headroom-2026-09-09/sweep-results-arms-deepseek.json,srv1-deepseek-neg2,"compose records/measurements/ram-headroom-2026-09-09/compose.srv1-deepseek.yml (row cites uncommitted /tmp compose.srv1.yml); samples=[33.18, 33.15, 33.15]"
majfault_wake,10487,pages,,,srv1,srv1@hosts.json-decl-2026-09-03,llamacpp,llamacpp:b10644-L3,deepseek-coder-v2-16b.gguf,deepseek2,,19,2,8192,512,mapped,f16,,n/a,,,6.9,-0.979,0 (README:35),,,2026-09-09,records/measurements/ram-headroom-2026-09-09/sweep-results-arms-deepseek.json,srv1-deepseek-neg2,compose records/measurements/ram-headroom-2026-09-09/compose.srv1-deepseek.yml (row cites uncommitted /tmp compose.srv1.yml)
majfault_decode,106,pages,,,srv1,srv1@hosts.json-decl-2026-09-03,llamacpp,llamacpp:b10644-L3,deepseek-coder-v2-16b.gguf,deepseek2,,19,2,8192,512,mapped,f16,,n/a,,,6.9,-0.979,0 (README:35),,/proc/vmstat delta over 3 decode samples,2026-09-09,records/measurements/ram-headroom-2026-09-09/sweep-results-arms-deepseek.json,srv1-deepseek-neg2,compose records/measurements/ram-headroom-2026-09-09/compose.srv1-deepseek.yml (row cites uncommitted /tmp compose.srv1.yml)
pswpin_decode,0,pages,,,srv1,srv1@hosts.json-decl-2026-09-03,llamacpp,llamacpp:b10644-L3,deepseek-coder-v2-16b.gguf,deepseek2,,19,2,8192,512,mapped,f16,,n/a,,,6.9,-0.979,0 (README:35),,,2026-09-09,records/measurements/ram-headroom-2026-09-09/sweep-results-arms-deepseek.json,srv1-deepseek-neg2,compose records/measurements/ram-headroom-2026-09-09/compose.srv1-deepseek.yml (row cites uncommitted /tmp compose.srv1.yml)
pswpout_decode,0,pages,,,srv1,srv1@hosts.json-decl-2026-09-03,llamacpp,llamacpp:b10644-L3,deepseek-coder-v2-16b.gguf,deepseek2,,19,2,8192,512,mapped,f16,,n/a,,,6.9,-0.979,0 (README:35),,,2026-09-09,records/measurements/ram-headroom-2026-09-09/sweep-results-arms-deepseek.json,srv1-deepseek-neg2,compose records/measurements/ram-headroom-2026-09-09/compose.srv1-deepseek.yml (row cites uncommitted /tmp compose.srv1.yml)
shmem_mapped_unit_gib,0.1097,GiB,,,srv1,srv1@hosts.json-decl-2026-09-03,llamacpp,llamacpp:b10644-L3,deepseek-coder-v2-16b.gguf,deepseek2,,19,2,8192,512,mapped,f16,,n/a,,,6.9,-0.979,0 (README:35),,,2026-09-09,records/measurements/ram-headroom-2026-09-09/sweep-results-arms-deepseek.json,srv1-deepseek-neg2,compose records/measurements/ram-headroom-2026-09-09/compose.srv1-deepseek.yml (row cites uncommitted /tmp compose.srv1.yml)
wake_s,141.2722,s,,,srv1,srv1@hosts.json-decl-2026-09-03,llamacpp,llamacpp:b10644-L3,Qwen3.6-35B-A3B-UD-IQ3_XXS.gguf,qwen35moe,UD-IQ3_XXS,30,2,16384,512,mapped,f16,,n/a,,,0.0,1.941,0 (README:35),cold start,StartedAt clock,2026-09-09,records/measurements/ram-headroom-2026-09-09/sweep-results-arms-repeat.json,srv1-qwen-hi-r1,compose records/measurements/ram-headroom-2026-09-09/compose.srv1-qwen-mapped.yml (row cites uncommitted /tmp compose.srv1.mapped.yml)
decode_tok_s,33.3036,tok/s,,,srv1,srv1@hosts.json-decl-2026-09-03,llamacpp,llamacpp:b10644-L3,Qwen3.6-35B-A3B-UD-IQ3_XXS.gguf,qwen35moe,UD-IQ3_XXS,30,2,16384,512,mapped,f16,,n/a,,,0.0,1.941,0 (README:35),warm (1 discarded + mean of 3),sweep.py rates,2026-09-09,records/measurements/ram-headroom-2026-09-09/sweep-results-arms-repeat.json,srv1-qwen-hi-r1,"compose records/measurements/ram-headroom-2026-09-09/compose.srv1-qwen-mapped.yml (row cites uncommitted /tmp compose.srv1.mapped.yml); samples=[33.3, 33.31, 33.3]"
majfault_wake,9211,pages,,,srv1,srv1@hosts.json-decl-2026-09-03,llamacpp,llamacpp:b10644-L3,Qwen3.6-35B-A3B-UD-IQ3_XXS.gguf,qwen35moe,UD-IQ3_XXS,30,2,16384,512,mapped,f16,,n/a,,,0.0,1.941,0 (README:35),,,2026-09-09,records/measurements/ram-headroom-2026-09-09/sweep-results-arms-repeat.json,srv1-qwen-hi-r1,compose records/measurements/ram-headroom-2026-09-09/compose.srv1-qwen-mapped.yml (row cites uncommitted /tmp compose.srv1.mapped.yml)
majfault_decode,5,pages,,,srv1,srv1@hosts.json-decl-2026-09-03,llamacpp,llamacpp:b10644-L3,Qwen3.6-35B-A3B-UD-IQ3_XXS.gguf,qwen35moe,UD-IQ3_XXS,30,2,16384,512,mapped,f16,,n/a,,,0.0,1.941,0 (README:35),,/proc/vmstat delta over 3 decode samples,2026-09-09,records/measurements/ram-headroom-2026-09-09/sweep-results-arms-repeat.json,srv1-qwen-hi-r1,compose records/measurements/ram-headroom-2026-09-09/compose.srv1-qwen-mapped.yml (row cites uncommitted /tmp compose.srv1.mapped.yml)
pswpin_decode,0,pages,,,srv1,srv1@hosts.json-decl-2026-09-03,llamacpp,llamacpp:b10644-L3,Qwen3.6-35B-A3B-UD-IQ3_XXS.gguf,qwen35moe,UD-IQ3_XXS,30,2,16384,512,mapped,f16,,n/a,,,0.0,1.941,0 (README:35),,,2026-09-09,records/measurements/ram-headroom-2026-09-09/sweep-results-arms-repeat.json,srv1-qwen-hi-r1,compose records/measurements/ram-headroom-2026-09-09/compose.srv1-qwen-mapped.yml (row cites uncommitted /tmp compose.srv1.mapped.yml)
pswpout_decode,0,pages,,,srv1,srv1@hosts.json-decl-2026-09-03,llamacpp,llamacpp:b10644-L3,Qwen3.6-35B-A3B-UD-IQ3_XXS.gguf,qwen35moe,UD-IQ3_XXS,30,2,16384,512,mapped,f16,,n/a,,,0.0,1.941,0 (README:35),,,2026-09-09,records/measurements/ram-headroom-2026-09-09/sweep-results-arms-repeat.json,srv1-qwen-hi-r1,compose records/measurements/ram-headroom-2026-09-09/compose.srv1-qwen-mapped.yml (row cites uncommitted /tmp compose.srv1.mapped.yml)
shmem_mapped_unit_gib,0.0296,GiB,,,srv1,srv1@hosts.json-decl-2026-09-03,llamacpp,llamacpp:b10644-L3,Qwen3.6-35B-A3B-UD-IQ3_XXS.gguf,qwen35moe,UD-IQ3_XXS,30,2,16384,512,mapped,f16,,n/a,,,0.0,1.941,0 (README:35),,,2026-09-09,records/measurements/ram-headroom-2026-09-09/sweep-results-arms-repeat.json,srv1-qwen-hi-r1,compose records/measurements/ram-headroom-2026-09-09/compose.srv1-qwen-mapped.yml (row cites uncommitted /tmp compose.srv1.mapped.yml)
wake_s,166.8198,s,,,srv1,srv1@hosts.json-decl-2026-09-03,llamacpp,llamacpp:b10644-L3,Qwen3.6-35B-A3B-UD-IQ3_XXS.gguf,qwen35moe,UD-IQ3_XXS,30,2,16384,512,mapped,f16,,n/a,,,2.89,-0.992,0 (README:35),cold start,StartedAt clock,2026-09-09,records/measurements/ram-headroom-2026-09-09/sweep-results-arms-repeat.json,srv1-qwen-neg-r2,compose records/measurements/ram-headroom-2026-09-09/compose.srv1-qwen-mapped.yml (row cites uncommitted /tmp compose.srv1.mapped.yml)
decode_tok_s,31.3744,tok/s,,,srv1,srv1@hosts.json-decl-2026-09-03,llamacpp,llamacpp:b10644-L3,Qwen3.6-35B-A3B-UD-IQ3_XXS.gguf,qwen35moe,UD-IQ3_XXS,30,2,16384,512,mapped,f16,,n/a,,,2.89,-0.992,0 (README:35),warm (1 discarded + mean of 3),sweep.py rates,2026-09-09,records/measurements/ram-headroom-2026-09-09/sweep-results-arms-repeat.json,srv1-qwen-neg-r2,"compose records/measurements/ram-headroom-2026-09-09/compose.srv1-qwen-mapped.yml (row cites uncommitted /tmp compose.srv1.mapped.yml); samples=[31.4, 31.37, 31.35]"
majfault_wake,12274,pages,,,srv1,srv1@hosts.json-decl-2026-09-03,llamacpp,llamacpp:b10644-L3,Qwen3.6-35B-A3B-UD-IQ3_XXS.gguf,qwen35moe,UD-IQ3_XXS,30,2,16384,512,mapped,f16,,n/a,,,2.89,-0.992,0 (README:35),,,2026-09-09,records/measurements/ram-headroom-2026-09-09/sweep-results-arms-repeat.json,srv1-qwen-neg-r2,compose records/measurements/ram-headroom-2026-09-09/compose.srv1-qwen-mapped.yml (row cites uncommitted /tmp compose.srv1.mapped.yml)
majfault_decode,18,pages,,,srv1,srv1@hosts.json-decl-2026-09-03,llamacpp,llamacpp:b10644-L3,Qwen3.6-35B-A3B-UD-IQ3_XXS.gguf,qwen35moe,UD-IQ3_XXS,30,2,16384,512,mapped,f16,,n/a,,,2.89,-0.992,0 (README:35),,/proc/vmstat delta over 3 decode samples,2026-09-09,records/measurements/ram-headroom-2026-09-09/sweep-results-arms-repeat.json,srv1-qwen-neg-r2,compose records/measurements/ram-headroom-2026-09-09/compose.srv1-qwen-mapped.yml (row cites uncommitted /tmp compose.srv1.mapped.yml)
pswpin_decode,0,pages,,,srv1,srv1@hosts.json-decl-2026-09-03,llamacpp,llamacpp:b10644-L3,Qwen3.6-35B-A3B-UD-IQ3_XXS.gguf,qwen35moe,UD-IQ3_XXS,30,2,16384,512,mapped,f16,,n/a,,,2.89,-0.992,0 (README:35),,,2026-09-09,records/measurements/ram-headroom-2026-09-09/sweep-results-arms-repeat.json,srv1-qwen-neg-r2,compose records/measurements/ram-headroom-2026-09-09/compose.srv1-qwen-mapped.yml (row cites uncommitted /tmp compose.srv1.mapped.yml)
pswpout_decode,0,pages,,,srv1,srv1@hosts.json-decl-2026-09-03,llamacpp,llamacpp:b10644-L3,Qwen3.6-35B-A3B-UD-IQ3_XXS.gguf,qwen35moe,UD-IQ3_XXS,30,2,16384,512,mapped,f16,,n/a,,,2.89,-0.992,0 (README:35),,,2026-09-09,records/measurements/ram-headroom-2026-09-09/sweep-results-arms-repeat.json,srv1-qwen-neg-r2,compose records/measurements/ram-headroom-2026-09-09/compose.srv1-qwen-mapped.yml (row cites uncommitted /tmp compose.srv1.mapped.yml)
shmem_mapped_unit_gib,0.0296,GiB,,,srv1,srv1@hosts.json-decl-2026-09-03,llamacpp,llamacpp:b10644-L3,Qwen3.6-35B-A3B-UD-IQ3_XXS.gguf,qwen35moe,UD-IQ3_XXS,30,2,16384,512,mapped,f16,,n/a,,,2.89,-0.992,0 (README:35),,,2026-09-09,records/measurements/ram-headroom-2026-09-09/sweep-results-arms-repeat.json,srv1-qwen-neg-r2,compose records/measurements/ram-headroom-2026-09-09/compose.srv1-qwen-mapped.yml (row cites uncommitted /tmp compose.srv1.mapped.yml)
wake_s,140.0371,s,,,srv1,srv1@hosts.json-decl-2026-09-03,llamacpp,llamacpp:b10644-L3,Qwen3.6-35B-A3B-UD-IQ3_XXS.gguf,qwen35moe,UD-IQ3_XXS,30,2,16384,512,mapped,f16,,n/a,,,0.0,1.927,0 (README:35),cold start,StartedAt clock,2026-09-09,records/measurements/ram-headroom-2026-09-09/sweep-results-arms-repeat.json,srv1-qwen-hi-r3,compose records/measurements/ram-headroom-2026-09-09/compose.srv1-qwen-mapped.yml (row cites uncommitted /tmp compose.srv1.mapped.yml)
decode_tok_s,33.361,tok/s,,,srv1,srv1@hosts.json-decl-2026-09-03,llamacpp,llamacpp:b10644-L3,Qwen3.6-35B-A3B-UD-IQ3_XXS.gguf,qwen35moe,UD-IQ3_XXS,30,2,16384,512,mapped,f16,,n/a,,,0.0,1.927,0 (README:35),warm (1 discarded + mean of 3),sweep.py rates,2026-09-09,records/measurements/ram-headroom-2026-09-09/sweep-results-arms-repeat.json,srv1-qwen-hi-r3,"compose records/measurements/ram-headroom-2026-09-09/compose.srv1-qwen-mapped.yml (row cites uncommitted /tmp compose.srv1.mapped.yml); samples=[33.36, 33.34, 33.38]"
majfault_wake,9178,pages,,,srv1,srv1@hosts.json-decl-2026-09-03,llamacpp,llamacpp:b10644-L3,Qwen3.6-35B-A3B-UD-IQ3_XXS.gguf,qwen35moe,UD-IQ3_XXS,30,2,16384,512,mapped,f16,,n/a,,,0.0,1.927,0 (README:35),,,2026-09-09,records/measurements/ram-headroom-2026-09-09/sweep-results-arms-repeat.json,srv1-qwen-hi-r3,compose records/measurements/ram-headroom-2026-09-09/compose.srv1-qwen-mapped.yml (row cites uncommitted /tmp compose.srv1.mapped.yml)
majfault_decode,8,pages,,,srv1,srv1@hosts.json-decl-2026-09-03,llamacpp,llamacpp:b10644-L3,Qwen3.6-35B-A3B-UD-IQ3_XXS.gguf,qwen35moe,UD-IQ3_XXS,30,2,16384,512,mapped,f16,,n/a,,,0.0,1.927,0 (README:35),,/proc/vmstat delta over 3 decode samples,2026-09-09,records/measurements/ram-headroom-2026-09-09/sweep-results-arms-repeat.json,srv1-qwen-hi-r3,compose records/measurements/ram-headroom-2026-09-09/compose.srv1-qwen-mapped.yml (row cites uncommitted /tmp compose.srv1.mapped.yml)
pswpin_decode,0,pages,,,srv1,srv1@hosts.json-decl-2026-09-03,llamacpp,llamacpp:b10644-L3,Qwen3.6-35B-A3B-UD-IQ3_XXS.gguf,qwen35moe,UD-IQ3_XXS,30,2,16384,512,mapped,f16,,n/a,,,0.0,1.927,0 (README:35),,,2026-09-09,records/measurements/ram-headroom-2026-09-09/sweep-results-arms-repeat.json,srv1-qwen-hi-r3,compose records/measurements/ram-headroom-2026-09-09/compose.srv1-qwen-mapped.yml (row cites uncommitted /tmp compose.srv1.mapped.yml)
pswpout_decode,0,pages,,,srv1,srv1@hosts.json-decl-2026-09-03,llamacpp,llamacpp:b10644-L3,Qwen3.6-35B-A3B-UD-IQ3_XXS.gguf,qwen35moe,UD-IQ3_XXS,30,2,16384,512,mapped,f16,,n/a,,,0.0,1.927,0 (README:35),,,2026-09-09,records/measurements/ram-headroom-2026-09-09/sweep-results-arms-repeat.json,srv1-qwen-hi-r3,compose records/measurements/ram-headroom-2026-09-09/compose.srv1-qwen-mapped.yml (row cites uncommitted /tmp compose.srv1.mapped.yml)
shmem_mapped_unit_gib,0.0296,GiB,,,srv1,srv1@hosts.json-decl-2026-09-03,llamacpp,llamacpp:b10644-L3,Qwen3.6-35B-A3B-UD-IQ3_XXS.gguf,qwen35moe,UD-IQ3_XXS,30,2,16384,512,mapped,f16,,n/a,,,0.0,1.927,0 (README:35),,,2026-09-09,records/measurements/ram-headroom-2026-09-09/sweep-results-arms-repeat.json,srv1-qwen-hi-r3,compose records/measurements/ram-headroom-2026-09-09/compose.srv1-qwen-mapped.yml (row cites uncommitted /tmp compose.srv1.mapped.yml)
wake_s,166.5436,s,,,srv1,srv1@hosts.json-decl-2026-09-03,llamacpp,llamacpp:b10644-L3,Qwen3.6-35B-A3B-UD-IQ3_XXS.gguf,qwen35moe,UD-IQ3_XXS,30,2,16384,512,mapped,f16,,n/a,,,2.89,-0.981,0 (README:35),cold start,StartedAt clock,2026-09-09,records/measurements/ram-headroom-2026-09-09/sweep-results-arms-repeat.json,srv1-qwen-neg-r4,compose records/measurements/ram-headroom-2026-09-09/compose.srv1-qwen-mapped.yml (row cites uncommitted /tmp compose.srv1.mapped.yml)
decode_tok_s,31.8774,tok/s,,,srv1,srv1@hosts.json-decl-2026-09-03,llamacpp,llamacpp:b10644-L3,Qwen3.6-35B-A3B-UD-IQ3_XXS.gguf,qwen35moe,UD-IQ3_XXS,30,2,16384,512,mapped,f16,,n/a,,,2.89,-0.981,0 (README:35),warm (1 discarded + mean of 3),sweep.py rates,2026-09-09,records/measurements/ram-headroom-2026-09-09/sweep-results-arms-repeat.json,srv1-qwen-neg-r4,"compose records/measurements/ram-headroom-2026-09-09/compose.srv1-qwen-mapped.yml (row cites uncommitted /tmp compose.srv1.mapped.yml); samples=[31.86, 31.89, 31.88]"
majfault_wake,12080,pages,,,srv1,srv1@hosts.json-decl-2026-09-03,llamacpp,llamacpp:b10644-L3,Qwen3.6-35B-A3B-UD-IQ3_XXS.gguf,qwen35moe,UD-IQ3_XXS,30,2,16384,512,mapped,f16,,n/a,,,2.89,-0.981,0 (README:35),,,2026-09-09,records/measurements/ram-headroom-2026-09-09/sweep-results-arms-repeat.json,srv1-qwen-neg-r4,compose records/measurements/ram-headroom-2026-09-09/compose.srv1-qwen-mapped.yml (row cites uncommitted /tmp compose.srv1.mapped.yml)
majfault_decode,15,pages,,,srv1,srv1@hosts.json-decl-2026-09-03,llamacpp,llamacpp:b10644-L3,Qwen3.6-35B-A3B-UD-IQ3_XXS.gguf,qwen35moe,UD-IQ3_XXS,30,2,16384,512,mapped,f16,,n/a,,,2.89,-0.981,0 (README:35),,/proc/vmstat delta over 3 decode samples,2026-09-09,records/measurements/ram-headroom-2026-09-09/sweep-results-arms-repeat.json,srv1-qwen-neg-r4,compose records/measurements/ram-headroom-2026-09-09/compose.srv1-qwen-mapped.yml (row cites uncommitted /tmp compose.srv1.mapped.yml)
pswpin_decode,1,pages,,,srv1,srv1@hosts.json-decl-2026-09-03,llamacpp,llamacpp:b10644-L3,Qwen3.6-35B-A3B-UD-IQ3_XXS.gguf,qwen35moe,UD-IQ3_XXS,30,2,16384,512,mapped,f16,,n/a,,,2.89,-0.981,0 (README:35),,,2026-09-09,records/measurements/ram-headroom-2026-09-09/sweep-results-arms-repeat.json,srv1-qwen-neg-r4,compose records/measurements/ram-headroom-2026-09-09/compose.srv1-qwen-mapped.yml (row cites uncommitted /tmp compose.srv1.mapped.yml)
pswpout_decode,0,pages,,,srv1,srv1@hosts.json-decl-2026-09-03,llamacpp,llamacpp:b10644-L3,Qwen3.6-35B-A3B-UD-IQ3_XXS.gguf,qwen35moe,UD-IQ3_XXS,30,2,16384,512,mapped,f16,,n/a,,,2.89,-0.981,0 (README:35),,,2026-09-09,records/measurements/ram-headroom-2026-09-09/sweep-results-arms-repeat.json,srv1-qwen-neg-r4,compose records/measurements/ram-headroom-2026-09-09/compose.srv1-qwen-mapped.yml (row cites uncommitted /tmp compose.srv1.mapped.yml)
shmem_mapped_unit_gib,0.0296,GiB,,,srv1,srv1@hosts.json-decl-2026-09-03,llamacpp,llamacpp:b10644-L3,Qwen3.6-35B-A3B-UD-IQ3_XXS.gguf,qwen35moe,UD-IQ3_XXS,30,2,16384,512,mapped,f16,,n/a,,,2.89,-0.981,0 (README:35),,,2026-09-09,records/measurements/ram-headroom-2026-09-09/sweep-results-arms-repeat.json,srv1-qwen-neg-r4,compose records/measurements/ram-headroom-2026-09-09/compose.srv1-qwen-mapped.yml (row cites uncommitted /tmp compose.srv1.mapped.yml)
wake_s,134.7602,s,,,srv1,srv1@hosts.json-decl-2026-09-03,llamacpp,,Qwen3.6-35B-A3B-UD-IQ3_XXS.gguf,qwen35moe,UD-IQ3_XXS,,,,,none,,,,,,0.0,1.934,60 (README:97),cold start,StartedAt clock,2026-09-09,records/measurements/ram-headroom-2026-09-09/sweep-results-arms-gate2.json,A-unmapped-1,compose uncommitted (/tmp compose.srv1.yml); knobs unknown beyond model and --load-mode none
decode_tok_s,31.7376,tok/s,,,srv1,srv1@hosts.json-decl-2026-09-03,llamacpp,,Qwen3.6-35B-A3B-UD-IQ3_XXS.gguf,qwen35moe,UD-IQ3_XXS,,,,,none,,,,,,0.0,1.934,60 (README:97),warm (1 discarded + mean of 3),sweep.py rates,2026-09-09,records/measurements/ram-headroom-2026-09-09/sweep-results-arms-gate2.json,A-unmapped-1,"compose uncommitted (/tmp compose.srv1.yml); knobs unknown beyond model and --load-mode none; samples=[32.92, 29.19, 33.1]"
majfault_wake,6361,pages,,,srv1,srv1@hosts.json-decl-2026-09-03,llamacpp,,Qwen3.6-35B-A3B-UD-IQ3_XXS.gguf,qwen35moe,UD-IQ3_XXS,,,,,none,,,,,,0.0,1.934,60 (README:97),,,2026-09-09,records/measurements/ram-headroom-2026-09-09/sweep-results-arms-gate2.json,A-unmapped-1,compose uncommitted (/tmp compose.srv1.yml); knobs unknown beyond model and --load-mode none
majfault_decode,0,pages,,,srv1,srv1@hosts.json-decl-2026-09-03,llamacpp,,Qwen3.6-35B-A3B-UD-IQ3_XXS.gguf,qwen35moe,UD-IQ3_XXS,,,,,none,,,,,,0.0,1.934,60 (README:97),,/proc/vmstat delta over 3 decode samples,2026-09-09,records/measurements/ram-headroom-2026-09-09/sweep-results-arms-gate2.json,A-unmapped-1,compose uncommitted (/tmp compose.srv1.yml); knobs unknown beyond model and --load-mode none
pswpin_decode,0,pages,,,srv1,srv1@hosts.json-decl-2026-09-03,llamacpp,,Qwen3.6-35B-A3B-UD-IQ3_XXS.gguf,qwen35moe,UD-IQ3_XXS,,,,,none,,,,,,0.0,1.934,60 (README:97),,,2026-09-09,records/measurements/ram-headroom-2026-09-09/sweep-results-arms-gate2.json,A-unmapped-1,compose uncommitted (/tmp compose.srv1.yml); knobs unknown beyond model and --load-mode none
pswpout_decode,0,pages,,,srv1,srv1@hosts.json-decl-2026-09-03,llamacpp,,Qwen3.6-35B-A3B-UD-IQ3_XXS.gguf,qwen35moe,UD-IQ3_XXS,,,,,none,,,,,,0.0,1.934,60 (README:97),,,2026-09-09,records/measurements/ram-headroom-2026-09-09/sweep-results-arms-gate2.json,A-unmapped-1,compose uncommitted (/tmp compose.srv1.yml); knobs unknown beyond model and --load-mode none
pswpin_wake,13,pages,,,srv1,srv1@hosts.json-decl-2026-09-03,llamacpp,,Qwen3.6-35B-A3B-UD-IQ3_XXS.gguf,qwen35moe,UD-IQ3_XXS,,,,,none,,,,,,0.0,1.934,60 (README:97),,,2026-09-09,records/measurements/ram-headroom-2026-09-09/sweep-results-arms-gate2.json,A-unmapped-1,compose uncommitted (/tmp compose.srv1.yml); knobs unknown beyond model and --load-mode none
pswpout_wake,0,pages,,,srv1,srv1@hosts.json-decl-2026-09-03,llamacpp,,Qwen3.6-35B-A3B-UD-IQ3_XXS.gguf,qwen35moe,UD-IQ3_XXS,,,,,none,,,,,,0.0,1.934,60 (README:97),,,2026-09-09,records/measurements/ram-headroom-2026-09-09/sweep-results-arms-gate2.json,A-unmapped-1,compose uncommitted (/tmp compose.srv1.yml); knobs unknown beyond model and --load-mode none
shmem_unmapped_gib,8.0939,GiB,,,srv1,srv1@hosts.json-decl-2026-09-03,llamacpp,,Qwen3.6-35B-A3B-UD-IQ3_XXS.gguf,qwen35moe,UD-IQ3_XXS,,,,,none,,,,,,0.0,1.934,60 (README:97),,,2026-09-09,records/measurements/ram-headroom-2026-09-09/sweep-results-arms-gate2.json,A-unmapped-1,compose uncommitted (/tmp compose.srv1.yml); knobs unknown beyond model and --load-mode none; not scored (ncmoe unknown)
wake_s,139.4653,s,,,srv1,srv1@hosts.json-decl-2026-09-03,llamacpp,llamacpp:b10644-L3,Qwen3.6-35B-A3B-UD-IQ3_XXS.gguf,qwen35moe,UD-IQ3_XXS,30,2,16384,512,mapped,f16,,n/a,,,0.0,1.935,60 (README:97),cold start,StartedAt clock,2026-09-09,records/measurements/ram-headroom-2026-09-09/sweep-results-arms-gate2.json,A-mapped-1,compose records/measurements/ram-headroom-2026-09-09/compose.srv1-qwen-mapped.yml (row cites uncommitted /tmp compose.srv1.mapped.yml)
decode_tok_s,33.0203,tok/s,,,srv1,srv1@hosts.json-decl-2026-09-03,llamacpp,llamacpp:b10644-L3,Qwen3.6-35B-A3B-UD-IQ3_XXS.gguf,qwen35moe,UD-IQ3_XXS,30,2,16384,512,mapped,f16,,n/a,,,0.0,1.935,60 (README:97),warm (1 discarded + mean of 3),sweep.py rates,2026-09-09,records/measurements/ram-headroom-2026-09-09/sweep-results-arms-gate2.json,A-mapped-1,"compose records/measurements/ram-headroom-2026-09-09/compose.srv1-qwen-mapped.yml (row cites uncommitted /tmp compose.srv1.mapped.yml); samples=[33.01, 33.01, 33.03]"
majfault_wake,11162,pages,,,srv1,srv1@hosts.json-decl-2026-09-03,llamacpp,llamacpp:b10644-L3,Qwen3.6-35B-A3B-UD-IQ3_XXS.gguf,qwen35moe,UD-IQ3_XXS,30,2,16384,512,mapped,f16,,n/a,,,0.0,1.935,60 (README:97),,,2026-09-09,records/measurements/ram-headroom-2026-09-09/sweep-results-arms-gate2.json,A-mapped-1,compose records/measurements/ram-headroom-2026-09-09/compose.srv1-qwen-mapped.yml (row cites uncommitted /tmp compose.srv1.mapped.yml)
majfault_decode,20,pages,,,srv1,srv1@hosts.json-decl-2026-09-03,llamacpp,llamacpp:b10644-L3,Qwen3.6-35B-A3B-UD-IQ3_XXS.gguf,qwen35moe,UD-IQ3_XXS,30,2,16384,512,mapped,f16,,n/a,,,0.0,1.935,60 (README:97),,/proc/vmstat delta over 3 decode samples,2026-09-09,records/measurements/ram-headroom-2026-09-09/sweep-results-arms-gate2.json,A-mapped-1,compose records/measurements/ram-headroom-2026-09-09/compose.srv1-qwen-mapped.yml (row cites uncommitted /tmp compose.srv1.mapped.yml)
pswpin_decode,12,pages,,,srv1,srv1@hosts.json-decl-2026-09-03,llamacpp,llamacpp:b10644-L3,Qwen3.6-35B-A3B-UD-IQ3_XXS.gguf,qwen35moe,UD-IQ3_XXS,30,2,16384,512,mapped,f16,,n/a,,,0.0,1.935,60 (README:97),,,2026-09-09,records/measurements/ram-headroom-2026-09-09/sweep-results-arms-gate2.json,A-mapped-1,compose records/measurements/ram-headroom-2026-09-09/compose.srv1-qwen-mapped.yml (row cites uncommitted /tmp compose.srv1.mapped.yml)
pswpout_decode,0,pages,,,srv1,srv1@hosts.json-decl-2026-09-03,llamacpp,llamacpp:b10644-L3,Qwen3.6-35B-A3B-UD-IQ3_XXS.gguf,qwen35moe,UD-IQ3_XXS,30,2,16384,512,mapped,f16,,n/a,,,0.0,1.935,60 (README:97),,,2026-09-09,records/measurements/ram-headroom-2026-09-09/sweep-results-arms-gate2.json,A-mapped-1,compose records/measurements/ram-headroom-2026-09-09/compose.srv1-qwen-mapped.yml (row cites uncommitted /tmp compose.srv1.mapped.yml)
pswpin_wake,5651,pages,,,srv1,srv1@hosts.json-decl-2026-09-03,llamacpp,llamacpp:b10644-L3,Qwen3.6-35B-A3B-UD-IQ3_XXS.gguf,qwen35moe,UD-IQ3_XXS,30,2,16384,512,mapped,f16,,n/a,,,0.0,1.935,60 (README:97),,,2026-09-09,records/measurements/ram-headroom-2026-09-09/sweep-results-arms-gate2.json,A-mapped-1,compose records/measurements/ram-headroom-2026-09-09/compose.srv1-qwen-mapped.yml (row cites uncommitted /tmp compose.srv1.mapped.yml)
pswpout_wake,35159,pages,,,srv1,srv1@hosts.json-decl-2026-09-03,llamacpp,llamacpp:b10644-L3,Qwen3.6-35B-A3B-UD-IQ3_XXS.gguf,qwen35moe,UD-IQ3_XXS,30,2,16384,512,mapped,f16,,n/a,,,0.0,1.935,60 (README:97),,,2026-09-09,records/measurements/ram-headroom-2026-09-09/sweep-results-arms-gate2.json,A-mapped-1,compose records/measurements/ram-headroom-2026-09-09/compose.srv1-qwen-mapped.yml (row cites uncommitted /tmp compose.srv1.mapped.yml)
shmem_mapped_unit_gib,0.0296,GiB,,,srv1,srv1@hosts.json-decl-2026-09-03,llamacpp,llamacpp:b10644-L3,Qwen3.6-35B-A3B-UD-IQ3_XXS.gguf,qwen35moe,UD-IQ3_XXS,30,2,16384,512,mapped,f16,,n/a,,,0.0,1.935,60 (README:97),,,2026-09-09,records/measurements/ram-headroom-2026-09-09/sweep-results-arms-gate2.json,A-mapped-1,compose records/measurements/ram-headroom-2026-09-09/compose.srv1-qwen-mapped.yml (row cites uncommitted /tmp compose.srv1.mapped.yml)
wake_s,132.2706,s,,,srv1,srv1@hosts.json-decl-2026-09-03,llamacpp,,Qwen3.6-35B-A3B-UD-IQ3_XXS.gguf,qwen35moe,UD-IQ3_XXS,,,,,none,,,,,,0.0,1.952,60 (README:97),cold start,StartedAt clock,2026-09-09,records/measurements/ram-headroom-2026-09-09/sweep-results-arms-gate2.json,A-unmapped-2,compose uncommitted (/tmp compose.srv1.yml); knobs unknown beyond model and --load-mode none
decode_tok_s,33.186,tok/s,,,srv1,srv1@hosts.json-decl-2026-09-03,llamacpp,,Qwen3.6-35B-A3B-UD-IQ3_XXS.gguf,qwen35moe,UD-IQ3_XXS,,,,,none,,,,,,0.0,1.952,60 (README:97),warm (1 discarded + mean of 3),sweep.py rates,2026-09-09,records/measurements/ram-headroom-2026-09-09/sweep-results-arms-gate2.json,A-unmapped-2,"compose uncommitted (/tmp compose.srv1.yml); knobs unknown beyond model and --load-mode none; samples=[33.21, 33.15, 33.2]"
majfault_wake,6671,pages,,,srv1,srv1@hosts.json-decl-2026-09-03,llamacpp,,Qwen3.6-35B-A3B-UD-IQ3_XXS.gguf,qwen35moe,UD-IQ3_XXS,,,,,none,,,,,,0.0,1.952,60 (README:97),,,2026-09-09,records/measurements/ram-headroom-2026-09-09/sweep-results-arms-gate2.json,A-unmapped-2,compose uncommitted (/tmp compose.srv1.yml); knobs unknown beyond model and --load-mode none
majfault_decode,6,pages,,,srv1,srv1@hosts.json-decl-2026-09-03,llamacpp,,Qwen3.6-35B-A3B-UD-IQ3_XXS.gguf,qwen35moe,UD-IQ3_XXS,,,,,none,,,,,,0.0,1.952,60 (README:97),,/proc/vmstat delta over 3 decode samples,2026-09-09,records/measurements/ram-headroom-2026-09-09/sweep-results-arms-gate2.json,A-unmapped-2,compose uncommitted (/tmp compose.srv1.yml); knobs unknown beyond model and --load-mode none
pswpin_decode,1,pages,,,srv1,srv1@hosts.json-decl-2026-09-03,llamacpp,,Qwen3.6-35B-A3B-UD-IQ3_XXS.gguf,qwen35moe,UD-IQ3_XXS,,,,,none,,,,,,0.0,1.952,60 (README:97),,,2026-09-09,records/measurements/ram-headroom-2026-09-09/sweep-results-arms-gate2.json,A-unmapped-2,compose uncommitted (/tmp compose.srv1.yml); knobs unknown beyond model and --load-mode none
pswpout_decode,0,pages,,,srv1,srv1@hosts.json-decl-2026-09-03,llamacpp,,Qwen3.6-35B-A3B-UD-IQ3_XXS.gguf,qwen35moe,UD-IQ3_XXS,,,,,none,,,,,,0.0,1.952,60 (README:97),,,2026-09-09,records/measurements/ram-headroom-2026-09-09/sweep-results-arms-gate2.json,A-unmapped-2,compose uncommitted (/tmp compose.srv1.yml); knobs unknown beyond model and --load-mode none
pswpin_wake,145,pages,,,srv1,srv1@hosts.json-decl-2026-09-03,llamacpp,,Qwen3.6-35B-A3B-UD-IQ3_XXS.gguf,qwen35moe,UD-IQ3_XXS,,,,,none,,,,,,0.0,1.952,60 (README:97),,,2026-09-09,records/measurements/ram-headroom-2026-09-09/sweep-results-arms-gate2.json,A-unmapped-2,compose uncommitted (/tmp compose.srv1.yml); knobs unknown beyond model and --load-mode none
pswpout_wake,0,pages,,,srv1,srv1@hosts.json-decl-2026-09-03,llamacpp,,Qwen3.6-35B-A3B-UD-IQ3_XXS.gguf,qwen35moe,UD-IQ3_XXS,,,,,none,,,,,,0.0,1.952,60 (README:97),,,2026-09-09,records/measurements/ram-headroom-2026-09-09/sweep-results-arms-gate2.json,A-unmapped-2,compose uncommitted (/tmp compose.srv1.yml); knobs unknown beyond model and --load-mode none
shmem_unmapped_gib,8.0939,GiB,,,srv1,srv1@hosts.json-decl-2026-09-03,llamacpp,,Qwen3.6-35B-A3B-UD-IQ3_XXS.gguf,qwen35moe,UD-IQ3_XXS,,,,,none,,,,,,0.0,1.952,60 (README:97),,,2026-09-09,records/measurements/ram-headroom-2026-09-09/sweep-results-arms-gate2.json,A-unmapped-2,compose uncommitted (/tmp compose.srv1.yml); knobs unknown beyond model and --load-mode none; not scored (ncmoe unknown)
wake_s,139.8871,s,,,srv1,srv1@hosts.json-decl-2026-09-03,llamacpp,llamacpp:b10644-L3,Qwen3.6-35B-A3B-UD-IQ3_XXS.gguf,qwen35moe,UD-IQ3_XXS,30,2,16384,512,mapped,f16,,n/a,,,0.0,1.951,60 (README:97),cold start,StartedAt clock,2026-09-09,records/measurements/ram-headroom-2026-09-09/sweep-results-arms-gate2.json,A-mapped-2,compose records/measurements/ram-headroom-2026-09-09/compose.srv1-qwen-mapped.yml (row cites uncommitted /tmp compose.srv1.mapped.yml)
decode_tok_s,33.2406,tok/s,,,srv1,srv1@hosts.json-decl-2026-09-03,llamacpp,llamacpp:b10644-L3,Qwen3.6-35B-A3B-UD-IQ3_XXS.gguf,qwen35moe,UD-IQ3_XXS,30,2,16384,512,mapped,f16,,n/a,,,0.0,1.951,60 (README:97),warm (1 discarded + mean of 3),sweep.py rates,2026-09-09,records/measurements/ram-headroom-2026-09-09/sweep-results-arms-gate2.json,A-mapped-2,"compose records/measurements/ram-headroom-2026-09-09/compose.srv1-qwen-mapped.yml (row cites uncommitted /tmp compose.srv1.mapped.yml); samples=[33.22, 33.25, 33.25]"
majfault_wake,11271,pages,,,srv1,srv1@hosts.json-decl-2026-09-03,llamacpp,llamacpp:b10644-L3,Qwen3.6-35B-A3B-UD-IQ3_XXS.gguf,qwen35moe,UD-IQ3_XXS,30,2,16384,512,mapped,f16,,n/a,,,0.0,1.951,60 (README:97),,,2026-09-09,records/measurements/ram-headroom-2026-09-09/sweep-results-arms-gate2.json,A-mapped-2,compose records/measurements/ram-headroom-2026-09-09/compose.srv1-qwen-mapped.yml (row cites uncommitted /tmp compose.srv1.mapped.yml)
majfault_decode,40,pages,,,srv1,srv1@hosts.json-decl-2026-09-03,llamacpp,llamacpp:b10644-L3,Qwen3.6-35B-A3B-UD-IQ3_XXS.gguf,qwen35moe,UD-IQ3_XXS,30,2,16384,512,mapped,f16,,n/a,,,0.0,1.951,60 (README:97),,/proc/vmstat delta over 3 decode samples,2026-09-09,records/measurements/ram-headroom-2026-09-09/sweep-results-arms-gate2.json,A-mapped-2,compose records/measurements/ram-headroom-2026-09-09/compose.srv1-qwen-mapped.yml (row cites uncommitted /tmp compose.srv1.mapped.yml)
pswpin_decode,16,pages,,,srv1,srv1@hosts.json-decl-2026-09-03,llamacpp,llamacpp:b10644-L3,Qwen3.6-35B-A3B-UD-IQ3_XXS.gguf,qwen35moe,UD-IQ3_XXS,30,2,16384,512,mapped,f16,,n/a,,,0.0,1.951,60 (README:97),,,2026-09-09,records/measurements/ram-headroom-2026-09-09/sweep-results-arms-gate2.json,A-mapped-2,compose records/measurements/ram-headroom-2026-09-09/compose.srv1-qwen-mapped.yml (row cites uncommitted /tmp compose.srv1.mapped.yml)
pswpout_decode,0,pages,,,srv1,srv1@hosts.json-decl-2026-09-03,llamacpp,llamacpp:b10644-L3,Qwen3.6-35B-A3B-UD-IQ3_XXS.gguf,qwen35moe,UD-IQ3_XXS,30,2,16384,512,mapped,f16,,n/a,,,0.0,1.951,60 (README:97),,,2026-09-09,records/measurements/ram-headroom-2026-09-09/sweep-results-arms-gate2.json,A-mapped-2,compose records/measurements/ram-headroom-2026-09-09/compose.srv1-qwen-mapped.yml (row cites uncommitted /tmp compose.srv1.mapped.yml)
pswpin_wake,7991,pages,,,srv1,srv1@hosts.json-decl-2026-09-03,llamacpp,llamacpp:b10644-L3,Qwen3.6-35B-A3B-UD-IQ3_XXS.gguf,qwen35moe,UD-IQ3_XXS,30,2,16384,512,mapped,f16,,n/a,,,0.0,1.951,60 (README:97),,,2026-09-09,records/measurements/ram-headroom-2026-09-09/sweep-results-arms-gate2.json,A-mapped-2,compose records/measurements/ram-headroom-2026-09-09/compose.srv1-qwen-mapped.yml (row cites uncommitted /tmp compose.srv1.mapped.yml)
pswpout_wake,48433,pages,,,srv1,srv1@hosts.json-decl-2026-09-03,llamacpp,llamacpp:b10644-L3,Qwen3.6-35B-A3B-UD-IQ3_XXS.gguf,qwen35moe,UD-IQ3_XXS,30,2,16384,512,mapped,f16,,n/a,,,0.0,1.951,60 (README:97),,,2026-09-09,records/measurements/ram-headroom-2026-09-09/sweep-results-arms-gate2.json,A-mapped-2,compose records/measurements/ram-headroom-2026-09-09/compose.srv1-qwen-mapped.yml (row cites uncommitted /tmp compose.srv1.mapped.yml)
shmem_mapped_unit_gib,0.0296,GiB,,,srv1,srv1@hosts.json-decl-2026-09-03,llamacpp,llamacpp:b10644-L3,Qwen3.6-35B-A3B-UD-IQ3_XXS.gguf,qwen35moe,UD-IQ3_XXS,30,2,16384,512,mapped,f16,,n/a,,,0.0,1.951,60 (README:97),,,2026-09-09,records/measurements/ram-headroom-2026-09-09/sweep-results-arms-gate2.json,A-mapped-2,compose records/measurements/ram-headroom-2026-09-09/compose.srv1-qwen-mapped.yml (row cites uncommitted /tmp compose.srv1.mapped.yml)
wake_s,131.6299,s,,,srv1,srv1@hosts.json-decl-2026-09-03,llamacpp,,Qwen3.6-35B-A3B-UD-IQ3_XXS.gguf,qwen35moe,UD-IQ3_XXS,,,,,none,,,,,,0.0,1.933,60 (README:97),cold start,StartedAt clock,2026-09-09,records/measurements/ram-headroom-2026-09-09/sweep-results-arms-gate2.json,A-unmapped-3,compose uncommitted (/tmp compose.srv1.yml); knobs unknown beyond model and --load-mode none
decode_tok_s,33.218,tok/s,,,srv1,srv1@hosts.json-decl-2026-09-03,llamacpp,,Qwen3.6-35B-A3B-UD-IQ3_XXS.gguf,qwen35moe,UD-IQ3_XXS,,,,,none,,,,,,0.0,1.933,60 (README:97),warm (1 discarded + mean of 3),sweep.py rates,2026-09-09,records/measurements/ram-headroom-2026-09-09/sweep-results-arms-gate2.json,A-unmapped-3,"compose uncommitted (/tmp compose.srv1.yml); knobs unknown beyond model and --load-mode none; samples=[33.25, 33.2, 33.2]"
majfault_wake,7164,pages,,,srv1,srv1@hosts.json-decl-2026-09-03,llamacpp,,Qwen3.6-35B-A3B-UD-IQ3_XXS.gguf,qwen35moe,UD-IQ3_XXS,,,,,none,,,,,,0.0,1.933,60 (README:97),,,2026-09-09,records/measurements/ram-headroom-2026-09-09/sweep-results-arms-gate2.json,A-unmapped-3,compose uncommitted (/tmp compose.srv1.yml); knobs unknown beyond model and --load-mode none
majfault_decode,2,pages,,,srv1,srv1@hosts.json-decl-2026-09-03,llamacpp,,Qwen3.6-35B-A3B-UD-IQ3_XXS.gguf,qwen35moe,UD-IQ3_XXS,,,,,none,,,,,,0.0,1.933,60 (README:97),,/proc/vmstat delta over 3 decode samples,2026-09-09,records/measurements/ram-headroom-2026-09-09/sweep-results-arms-gate2.json,A-unmapped-3,compose uncommitted (/tmp compose.srv1.yml); knobs unknown beyond model and --load-mode none
pswpin_decode,0,pages,,,srv1,srv1@hosts.json-decl-2026-09-03,llamacpp,,Qwen3.6-35B-A3B-UD-IQ3_XXS.gguf,qwen35moe,UD-IQ3_XXS,,,,,none,,,,,,0.0,1.933,60 (README:97),,,2026-09-09,records/measurements/ram-headroom-2026-09-09/sweep-results-arms-gate2.json,A-unmapped-3,compose uncommitted (/tmp compose.srv1.yml); knobs unknown beyond model and --load-mode none
pswpout_decode,0,pages,,,srv1,srv1@hosts.json-decl-2026-09-03,llamacpp,,Qwen3.6-35B-A3B-UD-IQ3_XXS.gguf,qwen35moe,UD-IQ3_XXS,,,,,none,,,,,,0.0,1.933,60 (README:97),,,2026-09-09,records/measurements/ram-headroom-2026-09-09/sweep-results-arms-gate2.json,A-unmapped-3,compose uncommitted (/tmp compose.srv1.yml); knobs unknown beyond model and --load-mode none
pswpin_wake,111,pages,,,srv1,srv1@hosts.json-decl-2026-09-03,llamacpp,,Qwen3.6-35B-A3B-UD-IQ3_XXS.gguf,qwen35moe,UD-IQ3_XXS,,,,,none,,,,,,0.0,1.933,60 (README:97),,,2026-09-09,records/measurements/ram-headroom-2026-09-09/sweep-results-arms-gate2.json,A-unmapped-3,compose uncommitted (/tmp compose.srv1.yml); knobs unknown beyond model and --load-mode none
pswpout_wake,5,pages,,,srv1,srv1@hosts.json-decl-2026-09-03,llamacpp,,Qwen3.6-35B-A3B-UD-IQ3_XXS.gguf,qwen35moe,UD-IQ3_XXS,,,,,none,,,,,,0.0,1.933,60 (README:97),,,2026-09-09,records/measurements/ram-headroom-2026-09-09/sweep-results-arms-gate2.json,A-unmapped-3,compose uncommitted (/tmp compose.srv1.yml); knobs unknown beyond model and --load-mode none
shmem_unmapped_gib,8.0939,GiB,,,srv1,srv1@hosts.json-decl-2026-09-03,llamacpp,,Qwen3.6-35B-A3B-UD-IQ3_XXS.gguf,qwen35moe,UD-IQ3_XXS,,,,,none,,,,,,0.0,1.933,60 (README:97),,,2026-09-09,records/measurements/ram-headroom-2026-09-09/sweep-results-arms-gate2.json,A-unmapped-3,compose uncommitted (/tmp compose.srv1.yml); knobs unknown beyond model and --load-mode none; not scored (ncmoe unknown)
wake_s,139.4027,s,,,srv1,srv1@hosts.json-decl-2026-09-03,llamacpp,llamacpp:b10644-L3,Qwen3.6-35B-A3B-UD-IQ3_XXS.gguf,qwen35moe,UD-IQ3_XXS,30,2,16384,512,mapped,f16,,n/a,,,0.0,1.955,60 (README:97),cold start,StartedAt clock,2026-09-09,records/measurements/ram-headroom-2026-09-09/sweep-results-arms-gate2.json,A-mapped-3,compose records/measurements/ram-headroom-2026-09-09/compose.srv1-qwen-mapped.yml (row cites uncommitted /tmp compose.srv1.mapped.yml)
decode_tok_s,33.1936,tok/s,,,srv1,srv1@hosts.json-decl-2026-09-03,llamacpp,llamacpp:b10644-L3,Qwen3.6-35B-A3B-UD-IQ3_XXS.gguf,qwen35moe,UD-IQ3_XXS,30,2,16384,512,mapped,f16,,n/a,,,0.0,1.955,60 (README:97),warm (1 discarded + mean of 3),sweep.py rates,2026-09-09,records/measurements/ram-headroom-2026-09-09/sweep-results-arms-gate2.json,A-mapped-3,"compose records/measurements/ram-headroom-2026-09-09/compose.srv1-qwen-mapped.yml (row cites uncommitted /tmp compose.srv1.mapped.yml); samples=[33.07, 33.25, 33.26]"
majfault_wake,11758,pages,,,srv1,srv1@hosts.json-decl-2026-09-03,llamacpp,llamacpp:b10644-L3,Qwen3.6-35B-A3B-UD-IQ3_XXS.gguf,qwen35moe,UD-IQ3_XXS,30,2,16384,512,mapped,f16,,n/a,,,0.0,1.955,60 (README:97),,,2026-09-09,records/measurements/ram-headroom-2026-09-09/sweep-results-arms-gate2.json,A-mapped-3,compose records/measurements/ram-headroom-2026-09-09/compose.srv1-qwen-mapped.yml (row cites uncommitted /tmp compose.srv1.mapped.yml)
majfault_decode,100,pages,,,srv1,srv1@hosts.json-decl-2026-09-03,llamacpp,llamacpp:b10644-L3,Qwen3.6-35B-A3B-UD-IQ3_XXS.gguf,qwen35moe,UD-IQ3_XXS,30,2,16384,512,mapped,f16,,n/a,,,0.0,1.955,60 (README:97),,/proc/vmstat delta over 3 decode samples,2026-09-09,records/measurements/ram-headroom-2026-09-09/sweep-results-arms-gate2.json,A-mapped-3,compose records/measurements/ram-headroom-2026-09-09/compose.srv1-qwen-mapped.yml (row cites uncommitted /tmp compose.srv1.mapped.yml)
pswpin_decode,74,pages,,,srv1,srv1@hosts.json-decl-2026-09-03,llamacpp,llamacpp:b10644-L3,Qwen3.6-35B-A3B-UD-IQ3_XXS.gguf,qwen35moe,UD-IQ3_XXS,30,2,16384,512,mapped,f16,,n/a,,,0.0,1.955,60 (README:97),,,2026-09-09,records/measurements/ram-headroom-2026-09-09/sweep-results-arms-gate2.json,A-mapped-3,compose records/measurements/ram-headroom-2026-09-09/compose.srv1-qwen-mapped.yml (row cites uncommitted /tmp compose.srv1.mapped.yml)
pswpout_decode,0,pages,,,srv1,srv1@hosts.json-decl-2026-09-03,llamacpp,llamacpp:b10644-L3,Qwen3.6-35B-A3B-UD-IQ3_XXS.gguf,qwen35moe,UD-IQ3_XXS,30,2,16384,512,mapped,f16,,n/a,,,0.0,1.955,60 (README:97),,,2026-09-09,records/measurements/ram-headroom-2026-09-09/sweep-results-arms-gate2.json,A-mapped-3,compose records/measurements/ram-headroom-2026-09-09/compose.srv1-qwen-mapped.yml (row cites uncommitted /tmp compose.srv1.mapped.yml)
pswpin_wake,7361,pages,,,srv1,srv1@hosts.json-decl-2026-09-03,llamacpp,llamacpp:b10644-L3,Qwen3.6-35B-A3B-UD-IQ3_XXS.gguf,qwen35moe,UD-IQ3_XXS,30,2,16384,512,mapped,f16,,n/a,,,0.0,1.955,60 (README:97),,,2026-09-09,records/measurements/ram-headroom-2026-09-09/sweep-results-arms-gate2.json,A-mapped-3,compose records/measurements/ram-headroom-2026-09-09/compose.srv1-qwen-mapped.yml (row cites uncommitted /tmp compose.srv1.mapped.yml)
pswpout_wake,41791,pages,,,srv1,srv1@hosts.json-decl-2026-09-03,llamacpp,llamacpp:b10644-L3,Qwen3.6-35B-A3B-UD-IQ3_XXS.gguf,qwen35moe,UD-IQ3_XXS,30,2,16384,512,mapped,f16,,n/a,,,0.0,1.955,60 (README:97),,,2026-09-09,records/measurements/ram-headroom-2026-09-09/sweep-results-arms-gate2.json,A-mapped-3,compose records/measurements/ram-headroom-2026-09-09/compose.srv1-qwen-mapped.yml (row cites uncommitted /tmp compose.srv1.mapped.yml)
shmem_mapped_unit_gib,0.0295,GiB,,,srv1,srv1@hosts.json-decl-2026-09-03,llamacpp,llamacpp:b10644-L3,Qwen3.6-35B-A3B-UD-IQ3_XXS.gguf,qwen35moe,UD-IQ3_XXS,30,2,16384,512,mapped,f16,,n/a,,,0.0,1.955,60 (README:97),,,2026-09-09,records/measurements/ram-headroom-2026-09-09/sweep-results-arms-gate2.json,A-mapped-3,compose records/measurements/ram-headroom-2026-09-09/compose.srv1-qwen-mapped.yml (row cites uncommitted /tmp compose.srv1.mapped.yml)
wake_s,385.3273,s,,,srv1,srv1@hosts.json-decl-2026-09-03,llamacpp,,Qwen3.6-35B-A3B-UD-IQ3_XXS.gguf,qwen35moe,UD-IQ3_XXS,,,,,none,,,,,,5.99,-4.069,60 (README:97),cold start,StartedAt clock,2026-09-09,records/measurements/ram-headroom-2026-09-09/sweep-results-arms-gate2.json,B-refusal--10,compose uncommitted (/tmp compose.srv1.yml); knobs unknown beyond model and --load-mode none
decode_tok_s,10.7797,tok/s,,,srv1,srv1@hosts.json-decl-2026-09-03,llamacpp,,Qwen3.6-35B-A3B-UD-IQ3_XXS.gguf,qwen35moe,UD-IQ3_XXS,,,,,none,,,,,,5.99,-4.069,60 (README:97),warm (1 discarded + mean of 3),sweep.py rates,2026-09-09,records/measurements/ram-headroom-2026-09-09/sweep-results-arms-gate2.json,B-refusal--10,"compose uncommitted (/tmp compose.srv1.yml); knobs unknown beyond model and --load-mode none; samples=[2.08, 2.85, 27.4]"
majfault_wake,2327837,pages,,,srv1,srv1@hosts.json-decl-2026-09-03,llamacpp,,Qwen3.6-35B-A3B-UD-IQ3_XXS.gguf,qwen35moe,UD-IQ3_XXS,,,,,none,,,,,,5.99,-4.069,60 (README:97),,,2026-09-09,records/measurements/ram-headroom-2026-09-09/sweep-results-arms-gate2.json,B-refusal--10,compose uncommitted (/tmp compose.srv1.yml); knobs unknown beyond model and --load-mode none
majfault_decode,760277,pages,,,srv1,srv1@hosts.json-decl-2026-09-03,llamacpp,,Qwen3.6-35B-A3B-UD-IQ3_XXS.gguf,qwen35moe,UD-IQ3_XXS,,,,,none,,,,,,5.99,-4.069,60 (README:97),,/proc/vmstat delta over 3 decode samples,2026-09-09,records/measurements/ram-headroom-2026-09-09/sweep-results-arms-gate2.json,B-refusal--10,compose uncommitted (/tmp compose.srv1.yml); knobs unknown beyond model and --load-mode none
pswpin_decode,1131302,pages,,,srv1,srv1@hosts.json-decl-2026-09-03,llamacpp,,Qwen3.6-35B-A3B-UD-IQ3_XXS.gguf,qwen35moe,UD-IQ3_XXS,,,,,none,,,,,,5.99,-4.069,60 (README:97),,,2026-09-09,records/measurements/ram-headroom-2026-09-09/sweep-results-arms-gate2.json,B-refusal--10,compose uncommitted (/tmp compose.srv1.yml); knobs unknown beyond model and --load-mode none
pswpout_decode,783210,pages,,,srv1,srv1@hosts.json-decl-2026-09-03,llamacpp,,Qwen3.6-35B-A3B-UD-IQ3_XXS.gguf,qwen35moe,UD-IQ3_XXS,,,,,none,,,,,,5.99,-4.069,60 (README:97),,,2026-09-09,records/measurements/ram-headroom-2026-09-09/sweep-results-arms-gate2.json,B-refusal--10,compose uncommitted (/tmp compose.srv1.yml); knobs unknown beyond model and --load-mode none
pswpin_wake,3222549,pages,,,srv1,srv1@hosts.json-decl-2026-09-03,llamacpp,,Qwen3.6-35B-A3B-UD-IQ3_XXS.gguf,qwen35moe,UD-IQ3_XXS,,,,,none,,,,,,5.99,-4.069,60 (README:97),,,2026-09-09,records/measurements/ram-headroom-2026-09-09/sweep-results-arms-gate2.json,B-refusal--10,compose uncommitted (/tmp compose.srv1.yml); knobs unknown beyond model and --load-mode none
pswpout_wake,2228826,pages,,,srv1,srv1@hosts.json-decl-2026-09-03,llamacpp,,Qwen3.6-35B-A3B-UD-IQ3_XXS.gguf,qwen35moe,UD-IQ3_XXS,,,,,none,,,,,,5.99,-4.069,60 (README:97),,,2026-09-09,records/measurements/ram-headroom-2026-09-09/sweep-results-arms-gate2.json,B-refusal--10,compose uncommitted (/tmp compose.srv1.yml); knobs unknown beyond model and --load-mode none
shmem_unmapped_gib,8.0937,GiB,,,srv1,srv1@hosts.json-decl-2026-09-03,llamacpp,,Qwen3.6-35B-A3B-UD-IQ3_XXS.gguf,qwen35moe,UD-IQ3_XXS,,,,,none,,,,,,5.99,-4.069,60 (README:97),,,2026-09-09,records/measurements/ram-headroom-2026-09-09/sweep-results-arms-gate2.json,B-refusal--10,compose uncommitted (/tmp compose.srv1.yml); knobs unknown beyond model and --load-mode none; not scored (ncmoe unknown)
wake_s,127.6484,s,,,srv1,srv1@hosts.json-decl-2026-09-03,llamacpp,,Qwen3.6-35B-A3B-UD-IQ3_XXS.gguf,qwen35moe,UD-IQ3_XXS,,,,,none,,,,,,2.99,-1.011,60 (README:97),cold start,StartedAt clock,2026-09-09,records/measurements/ram-headroom-2026-09-09/sweep-results-arms-gate2b.json,B-refusal-p20,compose uncommitted (/tmp compose.srv1.yml); knobs unknown beyond model and --load-mode none
decode_tok_s,33.1202,tok/s,,,srv1,srv1@hosts.json-decl-2026-09-03,llamacpp,,Qwen3.6-35B-A3B-UD-IQ3_XXS.gguf,qwen35moe,UD-IQ3_XXS,,,,,none,,,,,,2.99,-1.011,60 (README:97),warm (1 discarded + mean of 3),sweep.py rates,2026-09-09,records/measurements/ram-headroom-2026-09-09/sweep-results-arms-gate2b.json,B-refusal-p20,"compose uncommitted (/tmp compose.srv1.yml); knobs unknown beyond model and --load-mode none; samples=[33.05, 33.17, 33.14]"
majfault_wake,11360,pages,,,srv1,srv1@hosts.json-decl-2026-09-03,llamacpp,,Qwen3.6-35B-A3B-UD-IQ3_XXS.gguf,qwen35moe,UD-IQ3_XXS,,,,,none,,,,,,2.99,-1.011,60 (README:97),,,2026-09-09,records/measurements/ram-headroom-2026-09-09/sweep-results-arms-gate2b.json,B-refusal-p20,compose uncommitted (/tmp compose.srv1.yml); knobs unknown beyond model and --load-mode none
majfault_decode,43,pages,,,srv1,srv1@hosts.json-decl-2026-09-03,llamacpp,,Qwen3.6-35B-A3B-UD-IQ3_XXS.gguf,qwen35moe,UD-IQ3_XXS,,,,,none,,,,,,2.99,-1.011,60 (README:97),,/proc/vmstat delta over 3 decode samples,2026-09-09,records/measurements/ram-headroom-2026-09-09/sweep-results-arms-gate2b.json,B-refusal-p20,compose uncommitted (/tmp compose.srv1.yml); knobs unknown beyond model and --load-mode none
pswpin_decode,59,pages,,,srv1,srv1@hosts.json-decl-2026-09-03,llamacpp,,Qwen3.6-35B-A3B-UD-IQ3_XXS.gguf,qwen35moe,UD-IQ3_XXS,,,,,none,,,,,,2.99,-1.011,60 (README:97),,,2026-09-09,records/measurements/ram-headroom-2026-09-09/sweep-results-arms-gate2b.json,B-refusal-p20,compose uncommitted (/tmp compose.srv1.yml); knobs unknown beyond model and --load-mode none
pswpout_decode,0,pages,,,srv1,srv1@hosts.json-decl-2026-09-03,llamacpp,,Qwen3.6-35B-A3B-UD-IQ3_XXS.gguf,qwen35moe,UD-IQ3_XXS,,,,,none,,,,,,2.99,-1.011,60 (README:97),,,2026-09-09,records/measurements/ram-headroom-2026-09-09/sweep-results-arms-gate2b.json,B-refusal-p20,compose uncommitted (/tmp compose.srv1.yml); knobs unknown beyond model and --load-mode none
pswpin_wake,6969,pages,,,srv1,srv1@hosts.json-decl-2026-09-03,llamacpp,,Qwen3.6-35B-A3B-UD-IQ3_XXS.gguf,qwen35moe,UD-IQ3_XXS,,,,,none,,,,,,2.99,-1.011,60 (README:97),,,2026-09-09,records/measurements/ram-headroom-2026-09-09/sweep-results-arms-gate2b.json,B-refusal-p20,compose uncommitted (/tmp compose.srv1.yml); knobs unknown beyond model and --load-mode none
pswpout_wake,0,pages,,,srv1,srv1@hosts.json-decl-2026-09-03,llamacpp,,Qwen3.6-35B-A3B-UD-IQ3_XXS.gguf,qwen35moe,UD-IQ3_XXS,,,,,none,,,,,,2.99,-1.011,60 (README:97),,,2026-09-09,records/measurements/ram-headroom-2026-09-09/sweep-results-arms-gate2b.json,B-refusal-p20,compose uncommitted (/tmp compose.srv1.yml); knobs unknown beyond model and --load-mode none
shmem_unmapped_gib,8.0938,GiB,,,srv1,srv1@hosts.json-decl-2026-09-03,llamacpp,,Qwen3.6-35B-A3B-UD-IQ3_XXS.gguf,qwen35moe,UD-IQ3_XXS,,,,,none,,,,,,2.99,-1.011,60 (README:97),,,2026-09-09,records/measurements/ram-headroom-2026-09-09/sweep-results-arms-gate2b.json,B-refusal-p20,compose uncommitted (/tmp compose.srv1.yml); knobs unknown beyond model and --load-mode none; not scored (ncmoe unknown)
wake_s,131.4752,s,,,srv1,srv1@hosts.json-decl-2026-09-03,llamacpp,,Qwen3.6-35B-A3B-UD-IQ3_XXS.gguf,qwen35moe,UD-IQ3_XXS,,,,,none,,,,,,4.49,-2.548,60 (README:97),cold start,StartedAt clock,2026-09-09,records/measurements/ram-headroom-2026-09-09/sweep-results-arms-gate2b.json,B-refusal-p05,compose uncommitted (/tmp compose.srv1.yml); knobs unknown beyond model and --load-mode none
decode_tok_s,33.265,tok/s,,,srv1,srv1@hosts.json-decl-2026-09-03,llamacpp,,Qwen3.6-35B-A3B-UD-IQ3_XXS.gguf,qwen35moe,UD-IQ3_XXS,,,,,none,,,,,,4.49,-2.548,60 (README:97),warm (1 discarded + mean of 3),sweep.py rates,2026-09-09,records/measurements/ram-headroom-2026-09-09/sweep-results-arms-gate2b.json,B-refusal-p05,"compose uncommitted (/tmp compose.srv1.yml); knobs unknown beyond model and --load-mode none; samples=[33.26, 33.26, 33.27]"
majfault_wake,6427,pages,,,srv1,srv1@hosts.json-decl-2026-09-03,llamacpp,,Qwen3.6-35B-A3B-UD-IQ3_XXS.gguf,qwen35moe,UD-IQ3_XXS,,,,,none,,,,,,4.49,-2.548,60 (README:97),,,2026-09-09,records/measurements/ram-headroom-2026-09-09/sweep-results-arms-gate2b.json,B-refusal-p05,compose uncommitted (/tmp compose.srv1.yml); knobs unknown beyond model and --load-mode none
majfault_decode,3,pages,,,srv1,srv1@hosts.json-decl-2026-09-03,llamacpp,,Qwen3.6-35B-A3B-UD-IQ3_XXS.gguf,qwen35moe,UD-IQ3_XXS,,,,,none,,,,,,4.49,-2.548,60 (README:97),,/proc/vmstat delta over 3 decode samples,2026-09-09,records/measurements/ram-headroom-2026-09-09/sweep-results-arms-gate2b.json,B-refusal-p05,compose uncommitted (/tmp compose.srv1.yml); knobs unknown beyond model and --load-mode none
pswpin_decode,0,pages,,,srv1,srv1@hosts.json-decl-2026-09-03,llamacpp,,Qwen3.6-35B-A3B-UD-IQ3_XXS.gguf,qwen35moe,UD-IQ3_XXS,,,,,none,,,,,,4.49,-2.548,60 (README:97),,,2026-09-09,records/measurements/ram-headroom-2026-09-09/sweep-results-arms-gate2b.json,B-refusal-p05,compose uncommitted (/tmp compose.srv1.yml); knobs unknown beyond model and --load-mode none
pswpout_decode,0,pages,,,srv1,srv1@hosts.json-decl-2026-09-03,llamacpp,,Qwen3.6-35B-A3B-UD-IQ3_XXS.gguf,qwen35moe,UD-IQ3_XXS,,,,,none,,,,,,4.49,-2.548,60 (README:97),,,2026-09-09,records/measurements/ram-headroom-2026-09-09/sweep-results-arms-gate2b.json,B-refusal-p05,compose uncommitted (/tmp compose.srv1.yml); knobs unknown beyond model and --load-mode none
pswpin_wake,277,pages,,,srv1,srv1@hosts.json-decl-2026-09-03,llamacpp,,Qwen3.6-35B-A3B-UD-IQ3_XXS.gguf,qwen35moe,UD-IQ3_XXS,,,,,none,,,,,,4.49,-2.548,60 (README:97),,,2026-09-09,records/measurements/ram-headroom-2026-09-09/sweep-results-arms-gate2b.json,B-refusal-p05,compose uncommitted (/tmp compose.srv1.yml); knobs unknown beyond model and --load-mode none
pswpout_wake,0,pages,,,srv1,srv1@hosts.json-decl-2026-09-03,llamacpp,,Qwen3.6-35B-A3B-UD-IQ3_XXS.gguf,qwen35moe,UD-IQ3_XXS,,,,,none,,,,,,4.49,-2.548,60 (README:97),,,2026-09-09,records/measurements/ram-headroom-2026-09-09/sweep-results-arms-gate2b.json,B-refusal-p05,compose uncommitted (/tmp compose.srv1.yml); knobs unknown beyond model and --load-mode none
shmem_unmapped_gib,8.0938,GiB,,,srv1,srv1@hosts.json-decl-2026-09-03,llamacpp,,Qwen3.6-35B-A3B-UD-IQ3_XXS.gguf,qwen35moe,UD-IQ3_XXS,,,,,none,,,,,,4.49,-2.548,60 (README:97),,,2026-09-09,records/measurements/ram-headroom-2026-09-09/sweep-results-arms-gate2b.json,B-refusal-p05,compose uncommitted (/tmp compose.srv1.yml); knobs unknown beyond model and --load-mode none; not scored (ncmoe unknown)
shmem_unmapped_gib,8.5551,GiB,7.9613,0.5938,srv1,srv1@hosts.json-decl-2026-09-03,llamacpp,llamacpp:b10644-L3,gemma-4-26B-A4B-it-UD-IQ3_XXS.gguf,gemma4,UD-IQ3_XXS,28,2,8192,512,none,f16,,n/a,,,,,unrecorded,,Shmem after minus idle,2026-09-10,records/measurements/flexibility-2026-09-09/results-q7-coresidency.json,q7-gemma-alone,runner-declared experts_gib=7.96
card_steady_mib,3814,MiB,,,srv1,srv1@hosts.json-decl-2026-09-03,llamacpp,llamacpp:b10644-L3,gemma-4-26B-A4B-it-UD-IQ3_XXS.gguf,gemma4,UD-IQ3_XXS,28,2,8192,512,none,f16,,n/a,,,,,unrecorded,,,2026-09-10,records/measurements/flexibility-2026-09-09/results-q7-coresidency.json,q7-gemma-alone,
wake_s,129.1449,s,,,srv1,srv1@hosts.json-decl-2026-09-03,llamacpp,llamacpp:b10644-L3,gemma-4-26B-A4B-it-UD-IQ3_XXS.gguf,gemma4,UD-IQ3_XXS,28,2,8192,512,none,f16,,n/a,,,,,unrecorded,cold start,door-return minus earliest StartedAt,2026-09-10,records/measurements/flexibility-2026-09-09/results-q7-coresidency.json,q7-gemma-alone,
memavailable_drop_gib,9.1893,GiB,,,srv1,srv1@hosts.json-decl-2026-09-03,llamacpp,llamacpp:b10644-L3,gemma-4-26B-A4B-it-UD-IQ3_XXS.gguf,gemma4,UD-IQ3_XXS,28,2,8192,512,none,f16,,n/a,,,,,unrecorded,,,2026-09-10,records/measurements/flexibility-2026-09-09/results-q7-coresidency.json,q7-gemma-alone,
decode_tok_s,26.285,tok/s,,,srv1,srv1@hosts.json-decl-2026-09-03,llamacpp,llamacpp:b10644-L3,gemma-4-26B-A4B-it-UD-IQ3_XXS.gguf,gemma4,UD-IQ3_XXS,28,2,8192,512,none,f16,,n/a,,,,,unrecorded,"cold (first request, 1 sample)",,2026-09-10,records/measurements/flexibility-2026-09-09/results-q7-coresidency.json,q7-gemma-alone,
decode_tok_s,25.5718,tok/s,,,srv1,srv1@hosts.json-decl-2026-09-03,llamacpp,llamacpp:b10644-L3,gemma-4-26B-A4B-it-UD-IQ3_XXS.gguf,gemma4,UD-IQ3_XXS,28,2,8192,512,none,f16,,n/a,,,,,unrecorded,warm (1 discarded + mean of 3),,2026-09-10,records/measurements/flexibility-2026-09-09/results-q7-coresidency.json,q7-gemma-alone,"samples=[23.81, 26.49, 26.41]"
majfault_wake,34505,pages,,,srv1,srv1@hosts.json-decl-2026-09-03,llamacpp,llamacpp:b10644-L3,gemma-4-26B-A4B-it-UD-IQ3_XXS.gguf,gemma4,UD-IQ3_XXS,28,2,8192,512,none,f16,,n/a,,,,,unrecorded,,,2026-09-10,records/measurements/flexibility-2026-09-09/results-q7-coresidency.json,q7-gemma-alone,
pswpout_wake,69196,pages,,,srv1,srv1@hosts.json-decl-2026-09-03,llamacpp,llamacpp:b10644-L3,gemma-4-26B-A4B-it-UD-IQ3_XXS.gguf,gemma4,UD-IQ3_XXS,28,2,8192,512,none,f16,,n/a,,,,,unrecorded,,,2026-09-10,records/measurements/flexibility-2026-09-09/results-q7-coresidency.json,q7-gemma-alone,
pswpin_wake,41247,pages,,,srv1,srv1@hosts.json-decl-2026-09-03,llamacpp,llamacpp:b10644-L3,gemma-4-26B-A4B-it-UD-IQ3_XXS.gguf,gemma4,UD-IQ3_XXS,28,2,8192,512,none,f16,,n/a,,,,,unrecorded,,,2026-09-10,records/measurements/flexibility-2026-09-09/results-q7-coresidency.json,q7-gemma-alone,
swap_used_delta_gib,0.0474,GiB,,,srv1,srv1@hosts.json-decl-2026-09-03,llamacpp,llamacpp:b10644-L3,gemma-4-26B-A4B-it-UD-IQ3_XXS.gguf,gemma4,UD-IQ3_XXS,28,2,8192,512,none,f16,,n/a,,,,,unrecorded,,,2026-09-10,records/measurements/flexibility-2026-09-09/results-q7-coresidency.json,q7-gemma-alone,
shmem_unmapped_gib,5.0039,GiB,4.7959,0.208,srv1,srv1@hosts.json-decl-2026-09-03,llamacpp,llamacpp:b10644-L3,Ling-3.0-tiny-Q6_K.gguf,bailingmoe3,Q6_K,21,2,8192,512,none,f16,,n/a,,,,,unrecorded,,Shmem after minus idle,2026-09-10,records/measurements/flexibility-2026-09-09/results-q7-coresidency.json,q7-ling-q6k-alone,runner-declared experts_gib=4.8
card_steady_mib,1854,MiB,,,srv1,srv1@hosts.json-decl-2026-09-03,llamacpp,llamacpp:b10644-L3,Ling-3.0-tiny-Q6_K.gguf,bailingmoe3,Q6_K,21,2,8192,512,none,f16,,n/a,,,,,unrecorded,,,2026-09-10,records/measurements/flexibility-2026-09-09/results-q7-coresidency.json,q7-ling-q6k-alone,
wake_s,86.6719,s,,,srv1,srv1@hosts.json-decl-2026-09-03,llamacpp,llamacpp:b10644-L3,Ling-3.0-tiny-Q6_K.gguf,bailingmoe3,Q6_K,21,2,8192,512,none,f16,,n/a,,,,,unrecorded,cold start,door-return minus earliest StartedAt,2026-09-10,records/measurements/flexibility-2026-09-09/results-q7-coresidency.json,q7-ling-q6k-alone,
memavailable_drop_gib,5.765,GiB,,,srv1,srv1@hosts.json-decl-2026-09-03,llamacpp,llamacpp:b10644-L3,Ling-3.0-tiny-Q6_K.gguf,bailingmoe3,Q6_K,21,2,8192,512,none,f16,,n/a,,,,,unrecorded,,,2026-09-10,records/measurements/flexibility-2026-09-09/results-q7-coresidency.json,q7-ling-q6k-alone,
decode_tok_s,59.5243,tok/s,,,srv1,srv1@hosts.json-decl-2026-09-03,llamacpp,llamacpp:b10644-L3,Ling-3.0-tiny-Q6_K.gguf,bailingmoe3,Q6_K,21,2,8192,512,none,f16,,n/a,,,,,unrecorded,"cold (first request, 1 sample)",,2026-09-10,records/measurements/flexibility-2026-09-09/results-q7-coresidency.json,q7-ling-q6k-alone,
decode_tok_s,60.1983,tok/s,,,srv1,srv1@hosts.json-decl-2026-09-03,llamacpp,llamacpp:b10644-L3,Ling-3.0-tiny-Q6_K.gguf,bailingmoe3,Q6_K,21,2,8192,512,none,f16,,n/a,,,,,unrecorded,warm (1 discarded + mean of 3),,2026-09-10,records/measurements/flexibility-2026-09-09/results-q7-coresidency.json,q7-ling-q6k-alone,"samples=[60.2, 60.19, 60.2]"
majfault_wake,22332,pages,,,srv1,srv1@hosts.json-decl-2026-09-03,llamacpp,llamacpp:b10644-L3,Ling-3.0-tiny-Q6_K.gguf,bailingmoe3,Q6_K,21,2,8192,512,none,f16,,n/a,,,,,unrecorded,,,2026-09-10,records/measurements/flexibility-2026-09-09/results-q7-coresidency.json,q7-ling-q6k-alone,
pswpout_wake,0,pages,,,srv1,srv1@hosts.json-decl-2026-09-03,llamacpp,llamacpp:b10644-L3,Ling-3.0-tiny-Q6_K.gguf,bailingmoe3,Q6_K,21,2,8192,512,none,f16,,n/a,,,,,unrecorded,,,2026-09-10,records/measurements/flexibility-2026-09-09/results-q7-coresidency.json,q7-ling-q6k-alone,
pswpin_wake,27089,pages,,,srv1,srv1@hosts.json-decl-2026-09-03,llamacpp,llamacpp:b10644-L3,Ling-3.0-tiny-Q6_K.gguf,bailingmoe3,Q6_K,21,2,8192,512,none,f16,,n/a,,,,,unrecorded,,,2026-09-10,records/measurements/flexibility-2026-09-09/results-q7-coresidency.json,q7-ling-q6k-alone,
swap_used_delta_gib,-0.2346,GiB,,,srv1,srv1@hosts.json-decl-2026-09-03,llamacpp,llamacpp:b10644-L3,Ling-3.0-tiny-Q6_K.gguf,bailingmoe3,Q6_K,21,2,8192,512,none,f16,,n/a,,,,,unrecorded,,,2026-09-10,records/measurements/flexibility-2026-09-09/results-q7-coresidency.json,q7-ling-q6k-alone,
shmem_unmapped_gib,13.5588,GiB,12.7572,0.8016,srv1,srv1@hosts.json-decl-2026-09-03,llamacpp,llamacpp:b10644-L3,Ling-3.0-tiny-Q6_K.gguf@ncmoe21+gemma-4-26B-A4B-it-UD-IQ3_XXS.gguf@ncmoe28,bailingmoe3+gemma4,,21+28,2,8192,512,none,f16,,n/a,,Ling-3.0-tiny-Q6_K.gguf@ncmoe21+gemma-4-26B-A4B-it-UD-IQ3_XXS.gguf@ncmoe28,,,unrecorded,,Shmem after minus idle,2026-09-10,records/measurements/flexibility-2026-09-09/results-q7-coresidency.json,q7-both-1,runner-declared experts_gib=12.76
card_steady_mib,5648,MiB,,,srv1,srv1@hosts.json-decl-2026-09-03,llamacpp,llamacpp:b10644-L3,Ling-3.0-tiny-Q6_K.gguf@ncmoe21+gemma-4-26B-A4B-it-UD-IQ3_XXS.gguf@ncmoe28,bailingmoe3+gemma4,,21+28,2,8192,512,none,f16,,n/a,,Ling-3.0-tiny-Q6_K.gguf@ncmoe21+gemma-4-26B-A4B-it-UD-IQ3_XXS.gguf@ncmoe28,,,unrecorded,,,2026-09-10,records/measurements/flexibility-2026-09-09/results-q7-coresidency.json,q7-both-1,
wake_s,184.3865,s,,,srv1,srv1@hosts.json-decl-2026-09-03,llamacpp,llamacpp:b10644-L3,Ling-3.0-tiny-Q6_K.gguf@ncmoe21+gemma-4-26B-A4B-it-UD-IQ3_XXS.gguf@ncmoe28,bailingmoe3+gemma4,,21+28,2,8192,512,none,f16,,n/a,,Ling-3.0-tiny-Q6_K.gguf@ncmoe21+gemma-4-26B-A4B-it-UD-IQ3_XXS.gguf@ncmoe28,,,unrecorded,cold start,door-return minus earliest StartedAt,2026-09-10,records/measurements/flexibility-2026-09-09/results-q7-coresidency.json,q7-both-1,
memavailable_drop_gib,14.0768,GiB,,,srv1,srv1@hosts.json-decl-2026-09-03,llamacpp,llamacpp:b10644-L3,Ling-3.0-tiny-Q6_K.gguf@ncmoe21+gemma-4-26B-A4B-it-UD-IQ3_XXS.gguf@ncmoe28,bailingmoe3+gemma4,,21+28,2,8192,512,none,f16,,n/a,,Ling-3.0-tiny-Q6_K.gguf@ncmoe21+gemma-4-26B-A4B-it-UD-IQ3_XXS.gguf@ncmoe28,,,unrecorded,,,2026-09-10,records/measurements/flexibility-2026-09-09/results-q7-coresidency.json,q7-both-1,
decode_tok_s,25.6377,tok/s,,,srv1,srv1@hosts.json-decl-2026-09-03,llamacpp,llamacpp:b10644-L3,gemma-4-26B-A4B-it-UD-IQ3_XXS.gguf,gemma4,UD-IQ3_XXS,28,2,8192,512,none,f16,,n/a,,Ling-3.0-tiny-Q6_K.gguf@ncmoe21+gemma-4-26B-A4B-it-UD-IQ3_XXS.gguf@ncmoe28,,,unrecorded,"cold (first request, 1 sample)",,2026-09-10,records/measurements/flexibility-2026-09-09/results-q7-coresidency.json,q7-both-1,
decode_tok_s,58.8414,tok/s,,,srv1,srv1@hosts.json-decl-2026-09-03,llamacpp,llamacpp:b10644-L3,Ling-3.0-tiny-Q6_K.gguf,bailingmoe3,Q6_K,21,2,8192,512,none,f16,,n/a,,Ling-3.0-tiny-Q6_K.gguf@ncmoe21+gemma-4-26B-A4B-it-UD-IQ3_XXS.gguf@ncmoe28,,,unrecorded,"cold (first request, 1 sample)",,2026-09-10,records/measurements/flexibility-2026-09-09/results-q7-coresidency.json,q7-both-1,
decode_tok_s,23.2558,tok/s,,,srv1,srv1@hosts.json-decl-2026-09-03,llamacpp,llamacpp:b10644-L3,gemma-4-26B-A4B-it-UD-IQ3_XXS.gguf,gemma4,UD-IQ3_XXS,28,2,8192,512,none,f16,,n/a,,Ling-3.0-tiny-Q6_K.gguf@ncmoe21+gemma-4-26B-A4B-it-UD-IQ3_XXS.gguf@ncmoe28,,,unrecorded,warm (1 discarded + mean of 3),,2026-09-10,records/measurements/flexibility-2026-09-09/results-q7-coresidency.json,q7-both-1,"samples=[26.43, 16.98, 26.36]"
decode_tok_s,60.2498,tok/s,,,srv1,srv1@hosts.json-decl-2026-09-03,llamacpp,llamacpp:b10644-L3,Ling-3.0-tiny-Q6_K.gguf,bailingmoe3,Q6_K,21,2,8192,512,none,f16,,n/a,,Ling-3.0-tiny-Q6_K.gguf@ncmoe21+gemma-4-26B-A4B-it-UD-IQ3_XXS.gguf@ncmoe28,,,unrecorded,warm (1 discarded + mean of 3),,2026-09-10,records/measurements/flexibility-2026-09-09/results-q7-coresidency.json,q7-both-1,"samples=[60.26, 60.25, 60.25]"
majfault_wake,187671,pages,,,srv1,srv1@hosts.json-decl-2026-09-03,llamacpp,llamacpp:b10644-L3,Ling-3.0-tiny-Q6_K.gguf@ncmoe21+gemma-4-26B-A4B-it-UD-IQ3_XXS.gguf@ncmoe28,bailingmoe3+gemma4,,21+28,2,8192,512,none,f16,,n/a,,Ling-3.0-tiny-Q6_K.gguf@ncmoe21+gemma-4-26B-A4B-it-UD-IQ3_XXS.gguf@ncmoe28,,,unrecorded,,,2026-09-10,records/measurements/flexibility-2026-09-09/results-q7-coresidency.json,q7-both-1,
pswpout_wake,565534,pages,,,srv1,srv1@hosts.json-decl-2026-09-03,llamacpp,llamacpp:b10644-L3,Ling-3.0-tiny-Q6_K.gguf@ncmoe21+gemma-4-26B-A4B-it-UD-IQ3_XXS.gguf@ncmoe28,bailingmoe3+gemma4,,21+28,2,8192,512,none,f16,,n/a,,Ling-3.0-tiny-Q6_K.gguf@ncmoe21+gemma-4-26B-A4B-it-UD-IQ3_XXS.gguf@ncmoe28,,,unrecorded,,,2026-09-10,records/measurements/flexibility-2026-09-09/results-q7-coresidency.json,q7-both-1,
pswpin_wake,421470,pages,,,srv1,srv1@hosts.json-decl-2026-09-03,llamacpp,llamacpp:b10644-L3,Ling-3.0-tiny-Q6_K.gguf@ncmoe21+gemma-4-26B-A4B-it-UD-IQ3_XXS.gguf@ncmoe28,bailingmoe3+gemma4,,21+28,2,8192,512,none,f16,,n/a,,Ling-3.0-tiny-Q6_K.gguf@ncmoe21+gemma-4-26B-A4B-it-UD-IQ3_XXS.gguf@ncmoe28,,,unrecorded,,,2026-09-10,records/measurements/flexibility-2026-09-09/results-q7-coresidency.json,q7-both-1,
swap_used_delta_gib,1.143,GiB,,,srv1,srv1@hosts.json-decl-2026-09-03,llamacpp,llamacpp:b10644-L3,Ling-3.0-tiny-Q6_K.gguf@ncmoe21+gemma-4-26B-A4B-it-UD-IQ3_XXS.gguf@ncmoe28,bailingmoe3+gemma4,,21+28,2,8192,512,none,f16,,n/a,,Ling-3.0-tiny-Q6_K.gguf@ncmoe21+gemma-4-26B-A4B-it-UD-IQ3_XXS.gguf@ncmoe28,,,unrecorded,,,2026-09-10,records/measurements/flexibility-2026-09-09/results-q7-coresidency.json,q7-both-1,
shmem_unmapped_gib,7.4684,GiB,7.251,0.2174,srv2,srv2@hosts.json-decl-2026-09-03,llamacpp,llamacpp:b10644-L3,deepseek-coder-v2-16b.gguf,deepseek2,,26,2,8192,512,none,f16,,n/a,,,,,unrecorded,,Shmem after minus idle,2026-09-09,records/measurements/flexibility-2026-09-09/m2-coresidency.json,m2-deepseek-alone,runner-declared experts_gib=7.54
card_steady_mib,3413,MiB,,,srv2,srv2@hosts.json-decl-2026-09-03,llamacpp,llamacpp:b10644-L3,deepseek-coder-v2-16b.gguf,deepseek2,,26,2,8192,512,none,f16,,n/a,,,,,unrecorded,,,2026-09-09,records/measurements/flexibility-2026-09-09/m2-coresidency.json,m2-deepseek-alone,
wake_s,48.5328,s,,,srv2,srv2@hosts.json-decl-2026-09-03,llamacpp,llamacpp:b10644-L3,deepseek-coder-v2-16b.gguf,deepseek2,,26,2,8192,512,none,f16,,n/a,,,,,unrecorded,cold start,door-return minus earliest StartedAt,2026-09-09,records/measurements/flexibility-2026-09-09/m2-coresidency.json,m2-deepseek-alone,
memavailable_drop_gib,8.2344,GiB,,,srv2,srv2@hosts.json-decl-2026-09-03,llamacpp,llamacpp:b10644-L3,deepseek-coder-v2-16b.gguf,deepseek2,,26,2,8192,512,none,f16,,n/a,,,,,unrecorded,,,2026-09-09,records/measurements/flexibility-2026-09-09/m2-coresidency.json,m2-deepseek-alone,
decode_tok_s,25.2933,tok/s,,,srv2,srv2@hosts.json-decl-2026-09-03,llamacpp,llamacpp:b10644-L3,deepseek-coder-v2-16b.gguf,deepseek2,,26,2,8192,512,none,f16,,n/a,,,,,unrecorded,"cold (first request, 1 sample)",,2026-09-09,records/measurements/flexibility-2026-09-09/m2-coresidency.json,m2-deepseek-alone,
shmem_unmapped_gib,10.7578,GiB,10.3457,0.4121,srv2,srv2@hosts.json-decl-2026-09-03,llamacpp,llamacpp:b10644-L3,Qwen3.6-35B-A3B-UD-IQ3_XXS.gguf,qwen35moe,UD-IQ3_XXS,40,2,8192,512,none,f16,,n/a,,,,,unrecorded,,Shmem after minus idle,2026-09-09,records/measurements/flexibility-2026-09-09/m2-coresidency.json,m2-qwen36-alone,runner-declared experts_gib=10.35
card_steady_mib,2299,MiB,,,srv2,srv2@hosts.json-decl-2026-09-03,llamacpp,llamacpp:b10644-L3,Qwen3.6-35B-A3B-UD-IQ3_XXS.gguf,qwen35moe,UD-IQ3_XXS,40,2,8192,512,none,f16,,n/a,,,,,unrecorded,,,2026-09-09,records/measurements/flexibility-2026-09-09/m2-coresidency.json,m2-qwen36-alone,
wake_s,85.0285,s,,,srv2,srv2@hosts.json-decl-2026-09-03,llamacpp,llamacpp:b10644-L3,Qwen3.6-35B-A3B-UD-IQ3_XXS.gguf,qwen35moe,UD-IQ3_XXS,40,2,8192,512,none,f16,,n/a,,,,,unrecorded,cold start,door-return minus earliest StartedAt,2026-09-09,records/measurements/flexibility-2026-09-09/m2-coresidency.json,m2-qwen36-alone,
memavailable_drop_gib,11.6975,GiB,,,srv2,srv2@hosts.json-decl-2026-09-03,llamacpp,llamacpp:b10644-L3,Qwen3.6-35B-A3B-UD-IQ3_XXS.gguf,qwen35moe,UD-IQ3_XXS,40,2,8192,512,none,f16,,n/a,,,,,unrecorded,,,2026-09-09,records/measurements/flexibility-2026-09-09/m2-coresidency.json,m2-qwen36-alone,
decode_tok_s,14.5722,tok/s,,,srv2,srv2@hosts.json-decl-2026-09-03,llamacpp,llamacpp:b10644-L3,Qwen3.6-35B-A3B-UD-IQ3_XXS.gguf,qwen35moe,UD-IQ3_XXS,40,2,8192,512,none,f16,,n/a,,,,,unrecorded,"cold (first request, 1 sample)",,2026-09-09,records/measurements/flexibility-2026-09-09/m2-coresidency.json,m2-qwen36-alone,
shmem_unmapped_gib,18.2262,GiB,17.5967,0.6295,srv2,srv2@hosts.json-decl-2026-09-03,llamacpp,llamacpp:b10644-L3,deepseek-coder-v2-16b.gguf@ncmoe26+Qwen3.6-35B-A3B-UD-IQ3_XXS.gguf@ncmoe40,deepseek2+qwen35moe,,26+40,2,8192,512,none,f16,,n/a,,deepseek-coder-v2-16b.gguf@ncmoe26+Qwen3.6-35B-A3B-UD-IQ3_XXS.gguf@ncmoe40,,,unrecorded,,Shmem after minus idle,2026-09-09,records/measurements/flexibility-2026-09-09/m2-coresidency.json,m2-both,runner-declared experts_gib=17.89
card_steady_mib,5711,MiB,,,srv2,srv2@hosts.json-decl-2026-09-03,llamacpp,llamacpp:b10644-L3,deepseek-coder-v2-16b.gguf@ncmoe26+Qwen3.6-35B-A3B-UD-IQ3_XXS.gguf@ncmoe40,deepseek2+qwen35moe,,26+40,2,8192,512,none,f16,,n/a,,deepseek-coder-v2-16b.gguf@ncmoe26+Qwen3.6-35B-A3B-UD-IQ3_XXS.gguf@ncmoe40,,,unrecorded,,,2026-09-09,records/measurements/flexibility-2026-09-09/m2-coresidency.json,m2-both,
wake_s,94.0204,s,,,srv2,srv2@hosts.json-decl-2026-09-03,llamacpp,llamacpp:b10644-L3,deepseek-coder-v2-16b.gguf@ncmoe26+Qwen3.6-35B-A3B-UD-IQ3_XXS.gguf@ncmoe40,deepseek2+qwen35moe,,26+40,2,8192,512,none,f16,,n/a,,deepseek-coder-v2-16b.gguf@ncmoe26+Qwen3.6-35B-A3B-UD-IQ3_XXS.gguf@ncmoe40,,,unrecorded,cold start,door-return minus earliest StartedAt,2026-09-09,records/measurements/flexibility-2026-09-09/m2-coresidency.json,m2-both,
memavailable_drop_gib,19.8848,GiB,,,srv2,srv2@hosts.json-decl-2026-09-03,llamacpp,llamacpp:b10644-L3,deepseek-coder-v2-16b.gguf@ncmoe26+Qwen3.6-35B-A3B-UD-IQ3_XXS.gguf@ncmoe40,deepseek2+qwen35moe,,26+40,2,8192,512,none,f16,,n/a,,deepseek-coder-v2-16b.gguf@ncmoe26+Qwen3.6-35B-A3B-UD-IQ3_XXS.gguf@ncmoe40,,,unrecorded,,,2026-09-09,records/measurements/flexibility-2026-09-09/m2-coresidency.json,m2-both,
decode_tok_s,24.5059,tok/s,,,srv2,srv2@hosts.json-decl-2026-09-03,llamacpp,llamacpp:b10644-L3,deepseek-coder-v2-16b.gguf,deepseek2,,26,2,8192,512,none,f16,,n/a,,deepseek-coder-v2-16b.gguf@ncmoe26+Qwen3.6-35B-A3B-UD-IQ3_XXS.gguf@ncmoe40,,,unrecorded,"cold (first request, 1 sample)",,2026-09-09,records/measurements/flexibility-2026-09-09/m2-coresidency.json,m2-both,
decode_tok_s,14.5649,tok/s,,,srv2,srv2@hosts.json-decl-2026-09-03,llamacpp,llamacpp:b10644-L3,Qwen3.6-35B-A3B-UD-IQ3_XXS.gguf,qwen35moe,UD-IQ3_XXS,40,2,8192,512,none,f16,,n/a,,deepseek-coder-v2-16b.gguf@ncmoe26+Qwen3.6-35B-A3B-UD-IQ3_XXS.gguf@ncmoe40,,,unrecorded,"cold (first request, 1 sample)",,2026-09-09,records/measurements/flexibility-2026-09-09/m2-coresidency.json,m2-both,
shmem_unmapped_gib,7.4684,GiB,7.251,0.2174,srv2,srv2@hosts.json-decl-2026-09-03,llamacpp,llamacpp:b10644-L3,deepseek-coder-v2-16b.gguf,deepseek2,,26,2,8192,512,none,f16,,n/a,,,,,60 (METHOD.md:60),,Shmem after minus idle,2026-09-09,records/measurements/fleet-gaps-2026-09-09/m2-coresidency.json,m2-deepseek-alone,runner-declared experts_gib=7.54
card_steady_mib,3413,MiB,,,srv2,srv2@hosts.json-decl-2026-09-03,llamacpp,llamacpp:b10644-L3,deepseek-coder-v2-16b.gguf,deepseek2,,26,2,8192,512,none,f16,,n/a,,,,,60 (METHOD.md:60),,,2026-09-09,records/measurements/fleet-gaps-2026-09-09/m2-coresidency.json,m2-deepseek-alone,
wake_s,51.953,s,,,srv2,srv2@hosts.json-decl-2026-09-03,llamacpp,llamacpp:b10644-L3,deepseek-coder-v2-16b.gguf,deepseek2,,26,2,8192,512,none,f16,,n/a,,,,,60 (METHOD.md:60),cold start,door-return minus earliest StartedAt,2026-09-09,records/measurements/fleet-gaps-2026-09-09/m2-coresidency.json,m2-deepseek-alone,
memavailable_drop_gib,8.3097,GiB,,,srv2,srv2@hosts.json-decl-2026-09-03,llamacpp,llamacpp:b10644-L3,deepseek-coder-v2-16b.gguf,deepseek2,,26,2,8192,512,none,f16,,n/a,,,,,60 (METHOD.md:60),,,2026-09-09,records/measurements/fleet-gaps-2026-09-09/m2-coresidency.json,m2-deepseek-alone,
decode_tok_s,23.1731,tok/s,,,srv2,srv2@hosts.json-decl-2026-09-03,llamacpp,llamacpp:b10644-L3,deepseek-coder-v2-16b.gguf,deepseek2,,26,2,8192,512,none,f16,,n/a,,,,,60 (METHOD.md:60),"cold (first request, 1 sample)",,2026-09-09,records/measurements/fleet-gaps-2026-09-09/m2-coresidency.json,m2-deepseek-alone,
shmem_unmapped_gib,10.7578,GiB,10.3457,0.4121,srv2,srv2@hosts.json-decl-2026-09-03,llamacpp,llamacpp:b10644-L3,Qwen3.6-35B-A3B-UD-IQ3_XXS.gguf,qwen35moe,UD-IQ3_XXS,40,2,8192,512,none,f16,,n/a,,,,,60 (METHOD.md:60),,Shmem after minus idle,2026-09-09,records/measurements/fleet-gaps-2026-09-09/m2-coresidency.json,m2-qwen36-alone,runner-declared experts_gib=10.35
card_steady_mib,2299,MiB,,,srv2,srv2@hosts.json-decl-2026-09-03,llamacpp,llamacpp:b10644-L3,Qwen3.6-35B-A3B-UD-IQ3_XXS.gguf,qwen35moe,UD-IQ3_XXS,40,2,8192,512,none,f16,,n/a,,,,,60 (METHOD.md:60),,,2026-09-09,records/measurements/fleet-gaps-2026-09-09/m2-coresidency.json,m2-qwen36-alone,
wake_s,84.8146,s,,,srv2,srv2@hosts.json-decl-2026-09-03,llamacpp,llamacpp:b10644-L3,Qwen3.6-35B-A3B-UD-IQ3_XXS.gguf,qwen35moe,UD-IQ3_XXS,40,2,8192,512,none,f16,,n/a,,,,,60 (METHOD.md:60),cold start,door-return minus earliest StartedAt,2026-09-09,records/measurements/fleet-gaps-2026-09-09/m2-coresidency.json,m2-qwen36-alone,
memavailable_drop_gib,11.8476,GiB,,,srv2,srv2@hosts.json-decl-2026-09-03,llamacpp,llamacpp:b10644-L3,Qwen3.6-35B-A3B-UD-IQ3_XXS.gguf,qwen35moe,UD-IQ3_XXS,40,2,8192,512,none,f16,,n/a,,,,,60 (METHOD.md:60),,,2026-09-09,records/measurements/fleet-gaps-2026-09-09/m2-coresidency.json,m2-qwen36-alone,
decode_tok_s,14.6045,tok/s,,,srv2,srv2@hosts.json-decl-2026-09-03,llamacpp,llamacpp:b10644-L3,Qwen3.6-35B-A3B-UD-IQ3_XXS.gguf,qwen35moe,UD-IQ3_XXS,40,2,8192,512,none,f16,,n/a,,,,,60 (METHOD.md:60),"cold (first request, 1 sample)",,2026-09-09,records/measurements/fleet-gaps-2026-09-09/m2-coresidency.json,m2-qwen36-alone,
shmem_unmapped_gib,18.2262,GiB,17.5967,0.6295,srv2,srv2@hosts.json-decl-2026-09-03,llamacpp,llamacpp:b10644-L3,deepseek-coder-v2-16b.gguf@ncmoe26+Qwen3.6-35B-A3B-UD-IQ3_XXS.gguf@ncmoe40,deepseek2+qwen35moe,,26+40,2,8192,512,none,f16,,n/a,,deepseek-coder-v2-16b.gguf@ncmoe26+Qwen3.6-35B-A3B-UD-IQ3_XXS.gguf@ncmoe40,,,60 (METHOD.md:60),,Shmem after minus idle,2026-09-09,records/measurements/fleet-gaps-2026-09-09/m2-coresidency.json,m2-both,runner-declared experts_gib=17.89
card_steady_mib,5711,MiB,,,srv2,srv2@hosts.json-decl-2026-09-03,llamacpp,llamacpp:b10644-L3,deepseek-coder-v2-16b.gguf@ncmoe26+Qwen3.6-35B-A3B-UD-IQ3_XXS.gguf@ncmoe40,deepseek2+qwen35moe,,26+40,2,8192,512,none,f16,,n/a,,deepseek-coder-v2-16b.gguf@ncmoe26+Qwen3.6-35B-A3B-UD-IQ3_XXS.gguf@ncmoe40,,,60 (METHOD.md:60),,,2026-09-09,records/measurements/fleet-gaps-2026-09-09/m2-coresidency.json,m2-both,
wake_s,89.9436,s,,,srv2,srv2@hosts.json-decl-2026-09-03,llamacpp,llamacpp:b10644-L3,deepseek-coder-v2-16b.gguf@ncmoe26+Qwen3.6-35B-A3B-UD-IQ3_XXS.gguf@ncmoe40,deepseek2+qwen35moe,,26+40,2,8192,512,none,f16,,n/a,,deepseek-coder-v2-16b.gguf@ncmoe26+Qwen3.6-35B-A3B-UD-IQ3_XXS.gguf@ncmoe40,,,60 (METHOD.md:60),cold start,door-return minus earliest StartedAt,2026-09-09,records/measurements/fleet-gaps-2026-09-09/m2-coresidency.json,m2-both,
memavailable_drop_gib,20.046,GiB,,,srv2,srv2@hosts.json-decl-2026-09-03,llamacpp,llamacpp:b10644-L3,deepseek-coder-v2-16b.gguf@ncmoe26+Qwen3.6-35B-A3B-UD-IQ3_XXS.gguf@ncmoe40,deepseek2+qwen35moe,,26+40,2,8192,512,none,f16,,n/a,,deepseek-coder-v2-16b.gguf@ncmoe26+Qwen3.6-35B-A3B-UD-IQ3_XXS.gguf@ncmoe40,,,60 (METHOD.md:60),,,2026-09-09,records/measurements/fleet-gaps-2026-09-09/m2-coresidency.json,m2-both,
decode_tok_s,23.5765,tok/s,,,srv2,srv2@hosts.json-decl-2026-09-03,llamacpp,llamacpp:b10644-L3,deepseek-coder-v2-16b.gguf,deepseek2,,26,2,8192,512,none,f16,,n/a,,deepseek-coder-v2-16b.gguf@ncmoe26+Qwen3.6-35B-A3B-UD-IQ3_XXS.gguf@ncmoe40,,,60 (METHOD.md:60),"cold (first request, 1 sample)",,2026-09-09,records/measurements/fleet-gaps-2026-09-09/m2-coresidency.json,m2-both,
decode_tok_s,14.4061,tok/s,,,srv2,srv2@hosts.json-decl-2026-09-03,llamacpp,llamacpp:b10644-L3,Qwen3.6-35B-A3B-UD-IQ3_XXS.gguf,qwen35moe,UD-IQ3_XXS,40,2,8192,512,none,f16,,n/a,,deepseek-coder-v2-16b.gguf@ncmoe26+Qwen3.6-35B-A3B-UD-IQ3_XXS.gguf@ncmoe40,,,60 (METHOD.md:60),"cold (first request, 1 sample)",,2026-09-09,records/measurements/fleet-gaps-2026-09-09/m2-coresidency.json,m2-both,
wake_s,89.8484,s,,,srv2,srv2@hosts.json-decl-2026-09-03,vllm,vllm/vllm-openai@ffb2d59b1c05,Qwen2.5-Coder-3B-Instruct-AWQ+Qwen2.5-Coder-7B-Instruct-AWQ,,AWQ,,8,4096,,n/a,auto,0.26+0.72,no,service_started,pair,,,60 (METHOD.md:60),cold start,door-return minus earliest StartedAt (vllm_arms.py),2026-09-09,records/measurements/fleet-gaps-2026-09-09/results-vllm.json,v-pair-plain-1,compose.srv2.yml
card_steady_mib,9613,MiB,,,srv2,srv2@hosts.json-decl-2026-09-03,vllm,vllm/vllm-openai@ffb2d59b1c05,Qwen2.5-Coder-3B-Instruct-AWQ+Qwen2.5-Coder-7B-Instruct-AWQ,,AWQ,,8,4096,,n/a,auto,0.26+0.72,no,service_started,pair,,,60 (METHOD.md:60),,"nvidia-smi memory.used, all units",2026-09-09,records/measurements/fleet-gaps-2026-09-09/results-vllm.json,v-pair-plain-1,compose.srv2.yml
card_peak_minus_steady_mib,52,MiB,,,srv2,srv2@hosts.json-decl-2026-09-03,vllm,vllm/vllm-openai@ffb2d59b1c05,Qwen2.5-Coder-3B-Instruct-AWQ+Qwen2.5-Coder-7B-Instruct-AWQ,,AWQ,,8,4096,,n/a,auto,0.26+0.72,no,service_started,pair,,,60 (METHOD.md:60),,,2026-09-09,records/measurements/fleet-gaps-2026-09-09/results-vllm.json,v-pair-plain-1,compose.srv2.yml
vllm_host_ram_gib,5.4912,GiB,,,srv2,srv2@hosts.json-decl-2026-09-03,vllm,vllm/vllm-openai@ffb2d59b1c05,Qwen2.5-Coder-3B-Instruct-AWQ+Qwen2.5-Coder-7B-Instruct-AWQ,,AWQ,,8,4096,,n/a,auto,0.26+0.72,no,service_started,pair,,,60 (METHOD.md:60),,MemAvailable idle minus after,2026-09-09,records/measurements/fleet-gaps-2026-09-09/results-vllm.json,v-pair-plain-1,compose.srv2.yml
decode_tok_s,68.8333,tok/s,,,srv2,srv2@hosts.json-decl-2026-09-03,vllm,vllm/vllm-openai@ffb2d59b1c05,Qwen2.5-Coder-7B-Instruct-AWQ,,AWQ,,8,4096,,n/a,auto,0.72,no,,pair,,,60 (METHOD.md:60),warm (1 discarded + mean of 3),rig.decode_vllm client-side,2026-09-09,records/measurements/fleet-gaps-2026-09-09/results-vllm.json,v-pair-plain-1/7b,"compose.srv2.yml; samples=[68.96, 68.7, 68.84]"
ttft_s,0.1803,s,,,srv2,srv2@hosts.json-decl-2026-09-03,vllm,vllm/vllm-openai@ffb2d59b1c05,Qwen2.5-Coder-7B-Instruct-AWQ,,AWQ,,8,4096,,n/a,auto,0.72,no,,pair,,,60 (METHOD.md:60),warm,,2026-09-09,records/measurements/fleet-gaps-2026-09-09/results-vllm.json,v-pair-plain-1/7b,compose.srv2.yml
start_offset_s,0,s,,,srv2,srv2@hosts.json-decl-2026-09-03,vllm,vllm/vllm-openai@ffb2d59b1c05,Qwen2.5-Coder-7B-Instruct-AWQ,,AWQ,,8,4096,,n/a,auto,0.72,no,,pair,,,60 (METHOD.md:60),,StartedAt minus earliest StartedAt,2026-09-09,records/measurements/fleet-gaps-2026-09-09/results-vllm.json,v-pair-plain-1/7b,compose.srv2.yml
decode_tok_s,127.81,tok/s,,,srv2,srv2@hosts.json-decl-2026-09-03,vllm,vllm/vllm-openai@ffb2d59b1c05,Qwen2.5-Coder-3B-Instruct-AWQ,,AWQ,,8,4096,,n/a,auto,0.26,no,service_started,pair,,,60 (METHOD.md:60),warm (1 discarded + mean of 3),rig.decode_vllm client-side,2026-09-09,records/measurements/fleet-gaps-2026-09-09/results-vllm.json,v-pair-plain-1/3b,"compose.srv2.yml; samples=[128.12, 127.93, 127.38]"
ttft_s,0.1837,s,,,srv2,srv2@hosts.json-decl-2026-09-03,vllm,vllm/vllm-openai@ffb2d59b1c05,Qwen2.5-Coder-3B-Instruct-AWQ,,AWQ,,8,4096,,n/a,auto,0.26,no,service_started,pair,,,60 (METHOD.md:60),warm,,2026-09-09,records/measurements/fleet-gaps-2026-09-09/results-vllm.json,v-pair-plain-1/3b,compose.srv2.yml
start_offset_s,37,s,,,srv2,srv2@hosts.json-decl-2026-09-03,vllm,vllm/vllm-openai@ffb2d59b1c05,Qwen2.5-Coder-3B-Instruct-AWQ,,AWQ,,8,4096,,n/a,auto,0.26,no,service_started,pair,,,60 (METHOD.md:60),,StartedAt minus earliest StartedAt,2026-09-09,records/measurements/fleet-gaps-2026-09-09/results-vllm.json,v-pair-plain-1/3b,compose.srv2.yml
wake_s,141.3529,s,,,srv2,srv2@hosts.json-decl-2026-09-03,vllm,vllm/vllm-openai@ffb2d59b1c05,Qwen2.5-Coder-3B-Instruct-AWQ+Qwen2.5-Coder-7B-Instruct-AWQ,,AWQ,,8,4096,,n/a,auto,0.26+0.72,yes,service_started,pair,,,60 (METHOD.md:60),cold start,door-return minus earliest StartedAt (vllm_arms.py),2026-09-09,records/measurements/fleet-gaps-2026-09-09/results-vllm.json,v-pair-sleep-1,compose.srv2.sleepmode.yml
card_steady_mib,11257,MiB,,,srv2,srv2@hosts.json-decl-2026-09-03,vllm,vllm/vllm-openai@ffb2d59b1c05,Qwen2.5-Coder-3B-Instruct-AWQ+Qwen2.5-Coder-7B-Instruct-AWQ,,AWQ,,8,4096,,n/a,auto,0.26+0.72,yes,service_started,pair,,,60 (METHOD.md:60),,"nvidia-smi memory.used, all units",2026-09-09,records/measurements/fleet-gaps-2026-09-09/results-vllm.json,v-pair-sleep-1,compose.srv2.sleepmode.yml
card_peak_minus_steady_mib,0,MiB,,,srv2,srv2@hosts.json-decl-2026-09-03,vllm,vllm/vllm-openai@ffb2d59b1c05,Qwen2.5-Coder-3B-Instruct-AWQ+Qwen2.5-Coder-7B-Instruct-AWQ,,AWQ,,8,4096,,n/a,auto,0.26+0.72,yes,service_started,pair,,,60 (METHOD.md:60),,,2026-09-09,records/measurements/fleet-gaps-2026-09-09/results-vllm.json,v-pair-sleep-1,compose.srv2.sleepmode.yml
vllm_host_ram_gib,5.5805,GiB,,,srv2,srv2@hosts.json-decl-2026-09-03,vllm,vllm/vllm-openai@ffb2d59b1c05,Qwen2.5-Coder-3B-Instruct-AWQ+Qwen2.5-Coder-7B-Instruct-AWQ,,AWQ,,8,4096,,n/a,auto,0.26+0.72,yes,service_started,pair,,,60 (METHOD.md:60),,MemAvailable idle minus after,2026-09-09,records/measurements/fleet-gaps-2026-09-09/results-vllm.json,v-pair-sleep-1,compose.srv2.sleepmode.yml
decode_tok_s,68.9167,tok/s,,,srv2,srv2@hosts.json-decl-2026-09-03,vllm,vllm/vllm-openai@ffb2d59b1c05,Qwen2.5-Coder-7B-Instruct-AWQ,,AWQ,,8,4096,,n/a,auto,0.72,yes,,pair,,,60 (METHOD.md:60),warm (1 discarded + mean of 3),rig.decode_vllm client-side,2026-09-09,records/measurements/fleet-gaps-2026-09-09/results-vllm.json,v-pair-sleep-1/7b,"compose.srv2.sleepmode.yml; samples=[69.02, 68.93, 68.8]"
ttft_s,0.1823,s,,,srv2,srv2@hosts.json-decl-2026-09-03,vllm,vllm/vllm-openai@ffb2d59b1c05,Qwen2.5-Coder-7B-Instruct-AWQ,,AWQ,,8,4096,,n/a,auto,0.72,yes,,pair,,,60 (METHOD.md:60),warm,,2026-09-09,records/measurements/fleet-gaps-2026-09-09/results-vllm.json,v-pair-sleep-1/7b,compose.srv2.sleepmode.yml
start_offset_s,0,s,,,srv2,srv2@hosts.json-decl-2026-09-03,vllm,vllm/vllm-openai@ffb2d59b1c05,Qwen2.5-Coder-7B-Instruct-AWQ,,AWQ,,8,4096,,n/a,auto,0.72,yes,,pair,,,60 (METHOD.md:60),,StartedAt minus earliest StartedAt,2026-09-09,records/measurements/fleet-gaps-2026-09-09/results-vllm.json,v-pair-sleep-1/7b,compose.srv2.sleepmode.yml
decode_tok_s,127.7733,tok/s,,,srv2,srv2@hosts.json-decl-2026-09-03,vllm,vllm/vllm-openai@ffb2d59b1c05,Qwen2.5-Coder-3B-Instruct-AWQ,,AWQ,,8,4096,,n/a,auto,0.26,yes,service_started,pair,,,60 (METHOD.md:60),warm (1 discarded + mean of 3),rig.decode_vllm client-side,2026-09-09,records/measurements/fleet-gaps-2026-09-09/results-vllm.json,v-pair-sleep-1/3b,"compose.srv2.sleepmode.yml; samples=[127.31, 127.91, 128.1]"
ttft_s,0.193,s,,,srv2,srv2@hosts.json-decl-2026-09-03,vllm,vllm/vllm-openai@ffb2d59b1c05,Qwen2.5-Coder-3B-Instruct-AWQ,,AWQ,,8,4096,,n/a,auto,0.26,yes,service_started,pair,,,60 (METHOD.md:60),warm,,2026-09-09,records/measurements/fleet-gaps-2026-09-09/results-vllm.json,v-pair-sleep-1/3b,compose.srv2.sleepmode.yml
start_offset_s,89,s,,,srv2,srv2@hosts.json-decl-2026-09-03,vllm,vllm/vllm-openai@ffb2d59b1c05,Qwen2.5-Coder-3B-Instruct-AWQ,,AWQ,,8,4096,,n/a,auto,0.26,yes,service_started,pair,,,60 (METHOD.md:60),,StartedAt minus earliest StartedAt,2026-09-09,records/measurements/fleet-gaps-2026-09-09/results-vllm.json,v-pair-sleep-1/3b,compose.srv2.sleepmode.yml
wake_s,99.7524,s,,,srv2,srv2@hosts.json-decl-2026-09-03,vllm,vllm/vllm-openai@ffb2d59b1c05,Qwen2.5-Coder-3B-Instruct-AWQ,,AWQ,,8,4096,,n/a,auto,0.26,no,,alone,,,60 (METHOD.md:60),cold start,door-return minus earliest StartedAt (vllm_arms.py),2026-09-09,records/measurements/fleet-gaps-2026-09-09/results-vllm.json,v-3b-alone-2,compose.srv2.3b-alone.yml
card_steady_mib,2795,MiB,,,srv2,srv2@hosts.json-decl-2026-09-03,vllm,vllm/vllm-openai@ffb2d59b1c05,Qwen2.5-Coder-3B-Instruct-AWQ,,AWQ,,8,4096,,n/a,auto,0.26,no,,alone,,,60 (METHOD.md:60),,"nvidia-smi memory.used, all units",2026-09-09,records/measurements/fleet-gaps-2026-09-09/results-vllm.json,v-3b-alone-2,compose.srv2.3b-alone.yml
card_peak_minus_steady_mib,34,MiB,,,srv2,srv2@hosts.json-decl-2026-09-03,vllm,vllm/vllm-openai@ffb2d59b1c05,Qwen2.5-Coder-3B-Instruct-AWQ,,AWQ,,8,4096,,n/a,auto,0.26,no,,alone,,,60 (METHOD.md:60),,,2026-09-09,records/measurements/fleet-gaps-2026-09-09/results-vllm.json,v-3b-alone-2,compose.srv2.3b-alone.yml
vllm_host_ram_gib,2.93,GiB,,,srv2,srv2@hosts.json-decl-2026-09-03,vllm,vllm/vllm-openai@ffb2d59b1c05,Qwen2.5-Coder-3B-Instruct-AWQ,,AWQ,,8,4096,,n/a,auto,0.26,no,,alone,,,60 (METHOD.md:60),,MemAvailable idle minus after,2026-09-09,records/measurements/fleet-gaps-2026-09-09/results-vllm.json,v-3b-alone-2,compose.srv2.3b-alone.yml
decode_tok_s,128.1,tok/s,,,srv2,srv2@hosts.json-decl-2026-09-03,vllm,vllm/vllm-openai@ffb2d59b1c05,Qwen2.5-Coder-3B-Instruct-AWQ,,AWQ,,8,4096,,n/a,auto,0.26,no,,alone,,,60 (METHOD.md:60),warm (1 discarded + mean of 3),rig.decode_vllm client-side,2026-09-09,records/measurements/fleet-gaps-2026-09-09/results-vllm.json,v-3b-alone-2/3b,"compose.srv2.3b-alone.yml; samples=[127.97, 128.28, 128.05]"
ttft_s,0.1913,s,,,srv2,srv2@hosts.json-decl-2026-09-03,vllm,vllm/vllm-openai@ffb2d59b1c05,Qwen2.5-Coder-3B-Instruct-AWQ,,AWQ,,8,4096,,n/a,auto,0.26,no,,alone,,,60 (METHOD.md:60),warm,,2026-09-09,records/measurements/fleet-gaps-2026-09-09/results-vllm.json,v-3b-alone-2/3b,compose.srv2.3b-alone.yml
start_offset_s,0,s,,,srv2,srv2@hosts.json-decl-2026-09-03,vllm,vllm/vllm-openai@ffb2d59b1c05,Qwen2.5-Coder-3B-Instruct-AWQ,,AWQ,,8,4096,,n/a,auto,0.26,no,,alone,,,60 (METHOD.md:60),,StartedAt minus earliest StartedAt,2026-09-09,records/measurements/fleet-gaps-2026-09-09/results-vllm.json,v-3b-alone-2/3b,compose.srv2.3b-alone.yml
wake_s,101.6723,s,,,srv2,srv2@hosts.json-decl-2026-09-03,vllm,vllm/vllm-openai@ffb2d59b1c05,Qwen2.5-Coder-3B-Instruct-AWQ,,AWQ,,8,4096,,n/a,auto,0.26,no,,alone,,,60 (METHOD.md:60),cold start,door-return minus earliest StartedAt (vllm_arms.py),2026-09-09,records/measurements/fleet-gaps-2026-09-09/results-vllm.json,v-3b-alone-3,compose.srv2.3b-alone.yml
card_steady_mib,2795,MiB,,,srv2,srv2@hosts.json-decl-2026-09-03,vllm,vllm/vllm-openai@ffb2d59b1c05,Qwen2.5-Coder-3B-Instruct-AWQ,,AWQ,,8,4096,,n/a,auto,0.26,no,,alone,,,60 (METHOD.md:60),,"nvidia-smi memory.used, all units",2026-09-09,records/measurements/fleet-gaps-2026-09-09/results-vllm.json,v-3b-alone-3,compose.srv2.3b-alone.yml
card_peak_minus_steady_mib,34,MiB,,,srv2,srv2@hosts.json-decl-2026-09-03,vllm,vllm/vllm-openai@ffb2d59b1c05,Qwen2.5-Coder-3B-Instruct-AWQ,,AWQ,,8,4096,,n/a,auto,0.26,no,,alone,,,60 (METHOD.md:60),,,2026-09-09,records/measurements/fleet-gaps-2026-09-09/results-vllm.json,v-3b-alone-3,compose.srv2.3b-alone.yml
vllm_host_ram_gib,2.9208,GiB,,,srv2,srv2@hosts.json-decl-2026-09-03,vllm,vllm/vllm-openai@ffb2d59b1c05,Qwen2.5-Coder-3B-Instruct-AWQ,,AWQ,,8,4096,,n/a,auto,0.26,no,,alone,,,60 (METHOD.md:60),,MemAvailable idle minus after,2026-09-09,records/measurements/fleet-gaps-2026-09-09/results-vllm.json,v-3b-alone-3,compose.srv2.3b-alone.yml
decode_tok_s,125.7367,tok/s,,,srv2,srv2@hosts.json-decl-2026-09-03,vllm,vllm/vllm-openai@ffb2d59b1c05,Qwen2.5-Coder-3B-Instruct-AWQ,,AWQ,,8,4096,,n/a,auto,0.26,no,,alone,,,60 (METHOD.md:60),warm (1 discarded + mean of 3),rig.decode_vllm client-side,2026-09-09,records/measurements/fleet-gaps-2026-09-09/results-vllm.json,v-3b-alone-3/3b,"compose.srv2.3b-alone.yml; samples=[125.1, 127.7, 124.41]"
ttft_s,0.1853,s,,,srv2,srv2@hosts.json-decl-2026-09-03,vllm,vllm/vllm-openai@ffb2d59b1c05,Qwen2.5-Coder-3B-Instruct-AWQ,,AWQ,,8,4096,,n/a,auto,0.26,no,,alone,,,60 (METHOD.md:60),warm,,2026-09-09,records/measurements/fleet-gaps-2026-09-09/results-vllm.json,v-3b-alone-3/3b,compose.srv2.3b-alone.yml
start_offset_s,0,s,,,srv2,srv2@hosts.json-decl-2026-09-03,vllm,vllm/vllm-openai@ffb2d59b1c05,Qwen2.5-Coder-3B-Instruct-AWQ,,AWQ,,8,4096,,n/a,auto,0.26,no,,alone,,,60 (METHOD.md:60),,StartedAt minus earliest StartedAt,2026-09-09,records/measurements/fleet-gaps-2026-09-09/results-vllm.json,v-3b-alone-3/3b,compose.srv2.3b-alone.yml
wake_s,104.8919,s,,,srv2,srv2@hosts.json-decl-2026-09-03,vllm,vllm/vllm-openai@ffb2d59b1c05,Qwen2.5-Coder-7B-Instruct-AWQ,,AWQ,,8,4096,,n/a,auto,0.72,no,,alone,,,60 (METHOD.md:60),cold start,door-return minus earliest StartedAt (vllm_arms.py),2026-09-09,records/measurements/fleet-gaps-2026-09-09/results-vllm.json,v-7b-alone-1,compose.srv2.7b-alone.yml
card_steady_mib,7795,MiB,,,srv2,srv2@hosts.json-decl-2026-09-03,vllm,vllm/vllm-openai@ffb2d59b1c05,Qwen2.5-Coder-7B-Instruct-AWQ,,AWQ,,8,4096,,n/a,auto,0.72,no,,alone,,,60 (METHOD.md:60),,"nvidia-smi memory.used, all units",2026-09-09,records/measurements/fleet-gaps-2026-09-09/results-vllm.json,v-7b-alone-1,compose.srv2.7b-alone.yml
card_peak_minus_steady_mib,0,MiB,,,srv2,srv2@hosts.json-decl-2026-09-03,vllm,vllm/vllm-openai@ffb2d59b1c05,Qwen2.5-Coder-7B-Instruct-AWQ,,AWQ,,8,4096,,n/a,auto,0.72,no,,alone,,,60 (METHOD.md:60),,,2026-09-09,records/measurements/fleet-gaps-2026-09-09/results-vllm.json,v-7b-alone-1,compose.srv2.7b-alone.yml
vllm_host_ram_gib,2.9198,GiB,,,srv2,srv2@hosts.json-decl-2026-09-03,vllm,vllm/vllm-openai@ffb2d59b1c05,Qwen2.5-Coder-7B-Instruct-AWQ,,AWQ,,8,4096,,n/a,auto,0.72,no,,alone,,,60 (METHOD.md:60),,MemAvailable idle minus after,2026-09-09,records/measurements/fleet-gaps-2026-09-09/results-vllm.json,v-7b-alone-1,compose.srv2.7b-alone.yml
decode_tok_s,68.9467,tok/s,,,srv2,srv2@hosts.json-decl-2026-09-03,vllm,vllm/vllm-openai@ffb2d59b1c05,Qwen2.5-Coder-7B-Instruct-AWQ,,AWQ,,8,4096,,n/a,auto,0.72,no,,alone,,,60 (METHOD.md:60),warm (1 discarded + mean of 3),rig.decode_vllm client-side,2026-09-09,records/measurements/fleet-gaps-2026-09-09/results-vllm.json,v-7b-alone-1/7b,"compose.srv2.7b-alone.yml; samples=[68.94, 68.97, 68.93]"
ttft_s,0.1903,s,,,srv2,srv2@hosts.json-decl-2026-09-03,vllm,vllm/vllm-openai@ffb2d59b1c05,Qwen2.5-Coder-7B-Instruct-AWQ,,AWQ,,8,4096,,n/a,auto,0.72,no,,alone,,,60 (METHOD.md:60),warm,,2026-09-09,records/measurements/fleet-gaps-2026-09-09/results-vllm.json,v-7b-alone-1/7b,compose.srv2.7b-alone.yml
start_offset_s,0,s,,,srv2,srv2@hosts.json-decl-2026-09-03,vllm,vllm/vllm-openai@ffb2d59b1c05,Qwen2.5-Coder-7B-Instruct-AWQ,,AWQ,,8,4096,,n/a,auto,0.72,no,,alone,,,60 (METHOD.md:60),,StartedAt minus earliest StartedAt,2026-09-09,records/measurements/fleet-gaps-2026-09-09/results-vllm.json,v-7b-alone-1/7b,compose.srv2.7b-alone.yml
wake_s,104.1669,s,,,srv2,srv2@hosts.json-decl-2026-09-03,vllm,vllm/vllm-openai@ffb2d59b1c05,Qwen2.5-Coder-7B-Instruct-AWQ,,AWQ,,8,4096,,n/a,auto,0.72,no,,alone,,,60 (METHOD.md:60),cold start,door-return minus earliest StartedAt (vllm_arms.py),2026-09-09,records/measurements/fleet-gaps-2026-09-09/results-vllm.json,v-7b-alone-2,compose.srv2.7b-alone.yml
card_steady_mib,7795,MiB,,,srv2,srv2@hosts.json-decl-2026-09-03,vllm,vllm/vllm-openai@ffb2d59b1c05,Qwen2.5-Coder-7B-Instruct-AWQ,,AWQ,,8,4096,,n/a,auto,0.72,no,,alone,,,60 (METHOD.md:60),,"nvidia-smi memory.used, all units",2026-09-09,records/measurements/fleet-gaps-2026-09-09/results-vllm.json,v-7b-alone-2,compose.srv2.7b-alone.yml
card_peak_minus_steady_mib,0,MiB,,,srv2,srv2@hosts.json-decl-2026-09-03,vllm,vllm/vllm-openai@ffb2d59b1c05,Qwen2.5-Coder-7B-Instruct-AWQ,,AWQ,,8,4096,,n/a,auto,0.72,no,,alone,,,60 (METHOD.md:60),,,2026-09-09,records/measurements/fleet-gaps-2026-09-09/results-vllm.json,v-7b-alone-2,compose.srv2.7b-alone.yml
vllm_host_ram_gib,2.9199,GiB,,,srv2,srv2@hosts.json-decl-2026-09-03,vllm,vllm/vllm-openai@ffb2d59b1c05,Qwen2.5-Coder-7B-Instruct-AWQ,,AWQ,,8,4096,,n/a,auto,0.72,no,,alone,,,60 (METHOD.md:60),,MemAvailable idle minus after,2026-09-09,records/measurements/fleet-gaps-2026-09-09/results-vllm.json,v-7b-alone-2,compose.srv2.7b-alone.yml
decode_tok_s,68.92,tok/s,,,srv2,srv2@hosts.json-decl-2026-09-03,vllm,vllm/vllm-openai@ffb2d59b1c05,Qwen2.5-Coder-7B-Instruct-AWQ,,AWQ,,8,4096,,n/a,auto,0.72,no,,alone,,,60 (METHOD.md:60),warm (1 discarded + mean of 3),rig.decode_vllm client-side,2026-09-09,records/measurements/fleet-gaps-2026-09-09/results-vllm.json,v-7b-alone-2/7b,"compose.srv2.7b-alone.yml; samples=[68.91, 68.95, 68.9]"
ttft_s,0.2037,s,,,srv2,srv2@hosts.json-decl-2026-09-03,vllm,vllm/vllm-openai@ffb2d59b1c05,Qwen2.5-Coder-7B-Instruct-AWQ,,AWQ,,8,4096,,n/a,auto,0.72,no,,alone,,,60 (METHOD.md:60),warm,,2026-09-09,records/measurements/fleet-gaps-2026-09-09/results-vllm.json,v-7b-alone-2/7b,compose.srv2.7b-alone.yml
start_offset_s,0,s,,,srv2,srv2@hosts.json-decl-2026-09-03,vllm,vllm/vllm-openai@ffb2d59b1c05,Qwen2.5-Coder-7B-Instruct-AWQ,,AWQ,,8,4096,,n/a,auto,0.72,no,,alone,,,60 (METHOD.md:60),,StartedAt minus earliest StartedAt,2026-09-09,records/measurements/fleet-gaps-2026-09-09/results-vllm.json,v-7b-alone-2/7b,compose.srv2.7b-alone.yml
wake_s,104.1298,s,,,srv2,srv2@hosts.json-decl-2026-09-03,vllm,vllm/vllm-openai@ffb2d59b1c05,Qwen2.5-Coder-7B-Instruct-AWQ,,AWQ,,8,4096,,n/a,auto,0.72,no,,alone,,,60 (METHOD.md:60),cold start,door-return minus earliest StartedAt (vllm_arms.py),2026-09-09,records/measurements/fleet-gaps-2026-09-09/results-vllm.json,v-7b-alone-3,compose.srv2.7b-alone.yml
card_steady_mib,7795,MiB,,,srv2,srv2@hosts.json-decl-2026-09-03,vllm,vllm/vllm-openai@ffb2d59b1c05,Qwen2.5-Coder-7B-Instruct-AWQ,,AWQ,,8,4096,,n/a,auto,0.72,no,,alone,,,60 (METHOD.md:60),,"nvidia-smi memory.used, all units",2026-09-09,records/measurements/fleet-gaps-2026-09-09/results-vllm.json,v-7b-alone-3,compose.srv2.7b-alone.yml
card_peak_minus_steady_mib,0,MiB,,,srv2,srv2@hosts.json-decl-2026-09-03,vllm,vllm/vllm-openai@ffb2d59b1c05,Qwen2.5-Coder-7B-Instruct-AWQ,,AWQ,,8,4096,,n/a,auto,0.72,no,,alone,,,60 (METHOD.md:60),,,2026-09-09,records/measurements/fleet-gaps-2026-09-09/results-vllm.json,v-7b-alone-3,compose.srv2.7b-alone.yml
vllm_host_ram_gib,2.9533,GiB,,,srv2,srv2@hosts.json-decl-2026-09-03,vllm,vllm/vllm-openai@ffb2d59b1c05,Qwen2.5-Coder-7B-Instruct-AWQ,,AWQ,,8,4096,,n/a,auto,0.72,no,,alone,,,60 (METHOD.md:60),,MemAvailable idle minus after,2026-09-09,records/measurements/fleet-gaps-2026-09-09/results-vllm.json,v-7b-alone-3,compose.srv2.7b-alone.yml
decode_tok_s,68.8033,tok/s,,,srv2,srv2@hosts.json-decl-2026-09-03,vllm,vllm/vllm-openai@ffb2d59b1c05,Qwen2.5-Coder-7B-Instruct-AWQ,,AWQ,,8,4096,,n/a,auto,0.72,no,,alone,,,60 (METHOD.md:60),warm (1 discarded + mean of 3),rig.decode_vllm client-side,2026-09-09,records/measurements/fleet-gaps-2026-09-09/results-vllm.json,v-7b-alone-3/7b,"compose.srv2.7b-alone.yml; samples=[68.85, 68.73, 68.83]"
ttft_s,0.1797,s,,,srv2,srv2@hosts.json-decl-2026-09-03,vllm,vllm/vllm-openai@ffb2d59b1c05,Qwen2.5-Coder-7B-Instruct-AWQ,,AWQ,,8,4096,,n/a,auto,0.72,no,,alone,,,60 (METHOD.md:60),warm,,2026-09-09,records/measurements/fleet-gaps-2026-09-09/results-vllm.json,v-7b-alone-3/7b,compose.srv2.7b-alone.yml
start_offset_s,0,s,,,srv2,srv2@hosts.json-decl-2026-09-03,vllm,vllm/vllm-openai@ffb2d59b1c05,Qwen2.5-Coder-7B-Instruct-AWQ,,AWQ,,8,4096,,n/a,auto,0.72,no,,alone,,,60 (METHOD.md:60),,StartedAt minus earliest StartedAt,2026-09-09,records/measurements/fleet-gaps-2026-09-09/results-vllm.json,v-7b-alone-3/7b,compose.srv2.7b-alone.yml
wake_s,91.6532,s,,,srv2,srv2@hosts.json-decl-2026-09-03,vllm,vllm/vllm-openai@ffb2d59b1c05,Qwen2.5-Coder-3B-Instruct-AWQ+Qwen2.5-Coder-7B-Instruct-AWQ,,AWQ,,8,4096,,n/a,auto,0.26+0.72,no,service_started,pair,,,60 (METHOD.md:60),cold start,door-return minus earliest StartedAt (vllm_arms.py),2026-09-09,records/measurements/fleet-gaps-2026-09-09/results-vllm.json,v-pair-plainB-1,compose.srv2.yml
card_steady_mib,9445,MiB,,,srv2,srv2@hosts.json-decl-2026-09-03,vllm,vllm/vllm-openai@ffb2d59b1c05,Qwen2.5-Coder-3B-Instruct-AWQ+Qwen2.5-Coder-7B-Instruct-AWQ,,AWQ,,8,4096,,n/a,auto,0.26+0.72,no,service_started,pair,,,60 (METHOD.md:60),,"nvidia-smi memory.used, all units",2026-09-09,records/measurements/fleet-gaps-2026-09-09/results-vllm.json,v-pair-plainB-1,compose.srv2.yml
card_peak_minus_steady_mib,826,MiB,,,srv2,srv2@hosts.json-decl-2026-09-03,vllm,vllm/vllm-openai@ffb2d59b1c05,Qwen2.5-Coder-3B-Instruct-AWQ+Qwen2.5-Coder-7B-Instruct-AWQ,,AWQ,,8,4096,,n/a,auto,0.26+0.72,no,service_started,pair,,,60 (METHOD.md:60),,,2026-09-09,records/measurements/fleet-gaps-2026-09-09/results-vllm.json,v-pair-plainB-1,compose.srv2.yml
vllm_host_ram_gib,5.4945,GiB,,,srv2,srv2@hosts.json-decl-2026-09-03,vllm,vllm/vllm-openai@ffb2d59b1c05,Qwen2.5-Coder-3B-Instruct-AWQ+Qwen2.5-Coder-7B-Instruct-AWQ,,AWQ,,8,4096,,n/a,auto,0.26+0.72,no,service_started,pair,,,60 (METHOD.md:60),,MemAvailable idle minus after,2026-09-09,records/measurements/fleet-gaps-2026-09-09/results-vllm.json,v-pair-plainB-1,compose.srv2.yml
restarts,1,count,,,srv2,srv2@hosts.json-decl-2026-09-03,vllm,vllm/vllm-openai@ffb2d59b1c05,Qwen2.5-Coder-7B-Instruct-AWQ,,AWQ,,8,4096,,n/a,auto,0.72,no,,pair,,,60 (METHOD.md:60),,,2026-09-09,records/measurements/fleet-gaps-2026-09-09/results-vllm.json,v-pair-plainB-1/7b,compose.srv2.yml
decode_tok_s,68.87,tok/s,,,srv2,srv2@hosts.json-decl-2026-09-03,vllm,vllm/vllm-openai@ffb2d59b1c05,Qwen2.5-Coder-7B-Instruct-AWQ,,AWQ,,8,4096,,n/a,auto,0.72,no,,pair,,,60 (METHOD.md:60),warm (1 discarded + mean of 3),rig.decode_vllm client-side,2026-09-09,records/measurements/fleet-gaps-2026-09-09/results-vllm.json,v-pair-plainB-1/7b,"compose.srv2.yml; samples=[68.91, 68.81, 68.89]"
ttft_s,0.1873,s,,,srv2,srv2@hosts.json-decl-2026-09-03,vllm,vllm/vllm-openai@ffb2d59b1c05,Qwen2.5-Coder-7B-Instruct-AWQ,,AWQ,,8,4096,,n/a,auto,0.72,no,,pair,,,60 (METHOD.md:60),warm,,2026-09-09,records/measurements/fleet-gaps-2026-09-09/results-vllm.json,v-pair-plainB-1/7b,compose.srv2.yml
start_offset_s,0,s,,,srv2,srv2@hosts.json-decl-2026-09-03,vllm,vllm/vllm-openai@ffb2d59b1c05,Qwen2.5-Coder-7B-Instruct-AWQ,,AWQ,,8,4096,,n/a,auto,0.72,no,,pair,,,60 (METHOD.md:60),,StartedAt minus earliest StartedAt,2026-09-09,records/measurements/fleet-gaps-2026-09-09/results-vllm.json,v-pair-plainB-1/7b,compose.srv2.yml
vllm_nontorch_gib,2.37,GiB,,,srv2,srv2@hosts.json-decl-2026-09-03,vllm,vllm/vllm-openai@ffb2d59b1c05,Qwen2.5-Coder-7B-Instruct-AWQ,,AWQ,,8,4096,,n/a,auto,0.72,no,,pair,,,60 (METHOD.md:60),,engine line gpu_worker.py:857 (last start),2026-09-09,records/measurements/fleet-gaps-2026-09-09/results-vllm.json,v-pair-plainB-1/7b,compose.srv2.yml
vllm_kv_tokens,8592,tokens,,,srv2,srv2@hosts.json-decl-2026-09-03,vllm,vllm/vllm-openai@ffb2d59b1c05,Qwen2.5-Coder-7B-Instruct-AWQ,,AWQ,,8,4096,,n/a,auto,0.72,no,,pair,,,60 (METHOD.md:60),,engine line kv_cache_utils (last start),2026-09-09,records/measurements/fleet-gaps-2026-09-09/results-vllm.json,v-pair-plainB-1/7b,compose.srv2.yml
vllm_negative_kv_attempts,1,count,,,srv2,srv2@hosts.json-decl-2026-09-03,vllm,vllm/vllm-openai@ffb2d59b1c05,Qwen2.5-Coder-7B-Instruct-AWQ,,AWQ,,8,4096,,n/a,auto,0.72,no,,pair,,,60 (METHOD.md:60),,,2026-09-09,records/measurements/fleet-gaps-2026-09-09/results-vllm.json,v-pair-plainB-1/7b,compose.srv2.yml; Available KV cache memory [-0.08] GiB
restarts,2,count,,,srv2,srv2@hosts.json-decl-2026-09-03,vllm,vllm/vllm-openai@ffb2d59b1c05,Qwen2.5-Coder-3B-Instruct-AWQ,,AWQ,,8,4096,,n/a,auto,0.26,no,service_started,pair,,,60 (METHOD.md:60),,,2026-09-09,records/measurements/fleet-gaps-2026-09-09/results-vllm.json,v-pair-plainB-1/3b,compose.srv2.yml
decode_tok_s,128.2133,tok/s,,,srv2,srv2@hosts.json-decl-2026-09-03,vllm,vllm/vllm-openai@ffb2d59b1c05,Qwen2.5-Coder-3B-Instruct-AWQ,,AWQ,,8,4096,,n/a,auto,0.26,no,service_started,pair,,,60 (METHOD.md:60),warm (1 discarded + mean of 3),rig.decode_vllm client-side,2026-09-09,records/measurements/fleet-gaps-2026-09-09/results-vllm.json,v-pair-plainB-1/3b,"compose.srv2.yml; samples=[128.08, 128.43, 128.13]"
ttft_s,0.1923,s,,,srv2,srv2@hosts.json-decl-2026-09-03,vllm,vllm/vllm-openai@ffb2d59b1c05,Qwen2.5-Coder-3B-Instruct-AWQ,,AWQ,,8,4096,,n/a,auto,0.26,no,service_started,pair,,,60 (METHOD.md:60),warm,,2026-09-09,records/measurements/fleet-gaps-2026-09-09/results-vllm.json,v-pair-plainB-1/3b,compose.srv2.yml
start_offset_s,38,s,,,srv2,srv2@hosts.json-decl-2026-09-03,vllm,vllm/vllm-openai@ffb2d59b1c05,Qwen2.5-Coder-3B-Instruct-AWQ,,AWQ,,8,4096,,n/a,auto,0.26,no,service_started,pair,,,60 (METHOD.md:60),,StartedAt minus earliest StartedAt,2026-09-09,records/measurements/fleet-gaps-2026-09-09/results-vllm.json,v-pair-plainB-1/3b,compose.srv2.yml
vllm_nontorch_gib,0.05,GiB,,,srv2,srv2@hosts.json-decl-2026-09-03,vllm,vllm/vllm-openai@ffb2d59b1c05,Qwen2.5-Coder-3B-Instruct-AWQ,,AWQ,,8,4096,,n/a,auto,0.26,no,service_started,pair,,,60 (METHOD.md:60),,engine line gpu_worker.py:857 (last start),2026-09-09,records/measurements/fleet-gaps-2026-09-09/results-vllm.json,v-pair-plainB-1/3b,compose.srv2.yml
vllm_kv_tokens,25312,tokens,,,srv2,srv2@hosts.json-decl-2026-09-03,vllm,vllm/vllm-openai@ffb2d59b1c05,Qwen2.5-Coder-3B-Instruct-AWQ,,AWQ,,8,4096,,n/a,auto,0.26,no,service_started,pair,,,60 (METHOD.md:60),,engine line kv_cache_utils (last start),2026-09-09,records/measurements/fleet-gaps-2026-09-09/results-vllm.json,v-pair-plainB-1/3b,compose.srv2.yml
vllm_negative_kv_attempts,2,count,,,srv2,srv2@hosts.json-decl-2026-09-03,vllm,vllm/vllm-openai@ffb2d59b1c05,Qwen2.5-Coder-3B-Instruct-AWQ,,AWQ,,8,4096,,n/a,auto,0.26,no,service_started,pair,,,60 (METHOD.md:60),,,2026-09-09,records/measurements/fleet-gaps-2026-09-09/results-vllm.json,v-pair-plainB-1/3b,"compose.srv2.yml; Available KV cache memory [-6.04, -3.89] GiB"
wake_s,142.9439,s,,,srv2,srv2@hosts.json-decl-2026-09-03,vllm,vllm/vllm-openai@ffb2d59b1c05,Qwen2.5-Coder-3B-Instruct-AWQ+Qwen2.5-Coder-7B-Instruct-AWQ,,AWQ,,8,4096,,n/a,auto,0.26+0.72,yes,service_started,pair,,,60 (METHOD.md:60),cold start,door-return minus earliest StartedAt (vllm_arms.py),2026-09-09,records/measurements/fleet-gaps-2026-09-09/results-vllm.json,v-pair-sleepB-1,compose.srv2.sleepmode.yml
card_steady_mib,10641,MiB,,,srv2,srv2@hosts.json-decl-2026-09-03,vllm,vllm/vllm-openai@ffb2d59b1c05,Qwen2.5-Coder-3B-Instruct-AWQ+Qwen2.5-Coder-7B-Instruct-AWQ,,AWQ,,8,4096,,n/a,auto,0.26+0.72,yes,service_started,pair,,,60 (METHOD.md:60),,"nvidia-smi memory.used, all units",2026-09-09,records/measurements/fleet-gaps-2026-09-09/results-vllm.json,v-pair-sleepB-1,compose.srv2.sleepmode.yml
card_peak_minus_steady_mib,0,MiB,,,srv2,srv2@hosts.json-decl-2026-09-03,vllm,vllm/vllm-openai@ffb2d59b1c05,Qwen2.5-Coder-3B-Instruct-AWQ+Qwen2.5-Coder-7B-Instruct-AWQ,,AWQ,,8,4096,,n/a,auto,0.26+0.72,yes,service_started,pair,,,60 (METHOD.md:60),,,2026-09-09,records/measurements/fleet-gaps-2026-09-09/results-vllm.json,v-pair-sleepB-1,compose.srv2.sleepmode.yml
vllm_host_ram_gib,5.5544,GiB,,,srv2,srv2@hosts.json-decl-2026-09-03,vllm,vllm/vllm-openai@ffb2d59b1c05,Qwen2.5-Coder-3B-Instruct-AWQ+Qwen2.5-Coder-7B-Instruct-AWQ,,AWQ,,8,4096,,n/a,auto,0.26+0.72,yes,service_started,pair,,,60 (METHOD.md:60),,MemAvailable idle minus after,2026-09-09,records/measurements/fleet-gaps-2026-09-09/results-vllm.json,v-pair-sleepB-1,compose.srv2.sleepmode.yml
restarts,0,count,,,srv2,srv2@hosts.json-decl-2026-09-03,vllm,vllm/vllm-openai@ffb2d59b1c05,Qwen2.5-Coder-7B-Instruct-AWQ,,AWQ,,8,4096,,n/a,auto,0.72,yes,,pair,,,60 (METHOD.md:60),,,2026-09-09,records/measurements/fleet-gaps-2026-09-09/results-vllm.json,v-pair-sleepB-1/7b,compose.srv2.sleepmode.yml
decode_tok_s,68.87,tok/s,,,srv2,srv2@hosts.json-decl-2026-09-03,vllm,vllm/vllm-openai@ffb2d59b1c05,Qwen2.5-Coder-7B-Instruct-AWQ,,AWQ,,8,4096,,n/a,auto,0.72,yes,,pair,,,60 (METHOD.md:60),warm (1 discarded + mean of 3),rig.decode_vllm client-side,2026-09-09,records/measurements/fleet-gaps-2026-09-09/results-vllm.json,v-pair-sleepB-1/7b,"compose.srv2.sleepmode.yml; samples=[68.89, 68.9, 68.82]"
ttft_s,0.176,s,,,srv2,srv2@hosts.json-decl-2026-09-03,vllm,vllm/vllm-openai@ffb2d59b1c05,Qwen2.5-Coder-7B-Instruct-AWQ,,AWQ,,8,4096,,n/a,auto,0.72,yes,,pair,,,60 (METHOD.md:60),warm,,2026-09-09,records/measurements/fleet-gaps-2026-09-09/results-vllm.json,v-pair-sleepB-1/7b,compose.srv2.sleepmode.yml
start_offset_s,0,s,,,srv2,srv2@hosts.json-decl-2026-09-03,vllm,vllm/vllm-openai@ffb2d59b1c05,Qwen2.5-Coder-7B-Instruct-AWQ,,AWQ,,8,4096,,n/a,auto,0.72,yes,,pair,,,60 (METHOD.md:60),,StartedAt minus earliest StartedAt,2026-09-09,records/measurements/fleet-gaps-2026-09-09/results-vllm.json,v-pair-sleepB-1/7b,compose.srv2.sleepmode.yml
vllm_nontorch_gib,1.04,GiB,,,srv2,srv2@hosts.json-decl-2026-09-03,vllm,vllm/vllm-openai@ffb2d59b1c05,Qwen2.5-Coder-7B-Instruct-AWQ,,AWQ,,8,4096,,n/a,auto,0.72,yes,,pair,,,60 (METHOD.md:60),,engine line gpu_worker.py:857 (last start),2026-09-09,records/measurements/fleet-gaps-2026-09-09/results-vllm.json,v-pair-sleepB-1/7b,compose.srv2.sleepmode.yml
vllm_kv_tokens,18768,tokens,,,srv2,srv2@hosts.json-decl-2026-09-03,vllm,vllm/vllm-openai@ffb2d59b1c05,Qwen2.5-Coder-7B-Instruct-AWQ,,AWQ,,8,4096,,n/a,auto,0.72,yes,,pair,,,60 (METHOD.md:60),,engine line kv_cache_utils (last start),2026-09-09,records/measurements/fleet-gaps-2026-09-09/results-vllm.json,v-pair-sleepB-1/7b,compose.srv2.sleepmode.yml
restarts,1,count,,,srv2,srv2@hosts.json-decl-2026-09-03,vllm,vllm/vllm-openai@ffb2d59b1c05,Qwen2.5-Coder-3B-Instruct-AWQ,,AWQ,,8,4096,,n/a,auto,0.26,yes,service_started,pair,,,60 (METHOD.md:60),,,2026-09-09,records/measurements/fleet-gaps-2026-09-09/results-vllm.json,v-pair-sleepB-1/3b,compose.srv2.sleepmode.yml
decode_tok_s,127.9067,tok/s,,,srv2,srv2@hosts.json-decl-2026-09-03,vllm,vllm/vllm-openai@ffb2d59b1c05,Qwen2.5-Coder-3B-Instruct-AWQ,,AWQ,,8,4096,,n/a,auto,0.26,yes,service_started,pair,,,60 (METHOD.md:60),warm (1 discarded + mean of 3),rig.decode_vllm client-side,2026-09-09,records/measurements/fleet-gaps-2026-09-09/results-vllm.json,v-pair-sleepB-1/3b,"compose.srv2.sleepmode.yml; samples=[127.8, 128.1, 127.82]"
ttft_s,0.1813,s,,,srv2,srv2@hosts.json-decl-2026-09-03,vllm,vllm/vllm-openai@ffb2d59b1c05,Qwen2.5-Coder-3B-Instruct-AWQ,,AWQ,,8,4096,,n/a,auto,0.26,yes,service_started,pair,,,60 (METHOD.md:60),warm,,2026-09-09,records/measurements/fleet-gaps-2026-09-09/results-vllm.json,v-pair-sleepB-1/3b,compose.srv2.sleepmode.yml
start_offset_s,89,s,,,srv2,srv2@hosts.json-decl-2026-09-03,vllm,vllm/vllm-openai@ffb2d59b1c05,Qwen2.5-Coder-3B-Instruct-AWQ,,AWQ,,8,4096,,n/a,auto,0.26,yes,service_started,pair,,,60 (METHOD.md:60),,StartedAt minus earliest StartedAt,2026-09-09,records/measurements/fleet-gaps-2026-09-09/results-vllm.json,v-pair-sleepB-1/3b,compose.srv2.sleepmode.yml
vllm_nontorch_gib,0.54,GiB,,,srv2,srv2@hosts.json-decl-2026-09-03,vllm,vllm/vllm-openai@ffb2d59b1c05,Qwen2.5-Coder-3B-Instruct-AWQ,,AWQ,,8,4096,,n/a,auto,0.26,yes,service_started,pair,,,60 (METHOD.md:60),,engine line gpu_worker.py:857 (last start),2026-09-09,records/measurements/fleet-gaps-2026-09-09/results-vllm.json,v-pair-sleepB-1/3b,compose.srv2.sleepmode.yml
vllm_kv_tokens,42608,tokens,,,srv2,srv2@hosts.json-decl-2026-09-03,vllm,vllm/vllm-openai@ffb2d59b1c05,Qwen2.5-Coder-3B-Instruct-AWQ,,AWQ,,8,4096,,n/a,auto,0.26,yes,service_started,pair,,,60 (METHOD.md:60),,engine line kv_cache_utils (last start),2026-09-09,records/measurements/fleet-gaps-2026-09-09/results-vllm.json,v-pair-sleepB-1/3b,compose.srv2.sleepmode.yml
vllm_negative_kv_attempts,1,count,,,srv2,srv2@hosts.json-decl-2026-09-03,vllm,vllm/vllm-openai@ffb2d59b1c05,Qwen2.5-Coder-3B-Instruct-AWQ,,AWQ,,8,4096,,n/a,auto,0.26,yes,service_started,pair,,,60 (METHOD.md:60),,,2026-09-09,records/measurements/fleet-gaps-2026-09-09/results-vllm.json,v-pair-sleepB-1/3b,compose.srv2.sleepmode.yml; Available KV cache memory [-5.42] GiB
wake_s,109.2673,s,,,srv1,srv1@hosts.json-decl-2026-09-03,vllm,vllm/vllm-openai@ffb2d59b1c05,Qwen2.5-Coder-3B-Instruct-AWQ,,AWQ,,8,4096,,n/a,auto,0.60,no,,alone,,,unrecorded,cold start,door-return minus earliest StartedAt (vllm_arms.py),2026-09-10,records/measurements/flexibility-2026-09-09/results-q9-vllm-srv1.json,q9b-vllm-3b-srv1-1,compose.srv1-vllm-3b.yml
card_steady_mib,3112,MiB,,,srv1,srv1@hosts.json-decl-2026-09-03,vllm,vllm/vllm-openai@ffb2d59b1c05,Qwen2.5-Coder-3B-Instruct-AWQ,,AWQ,,8,4096,,n/a,auto,0.60,no,,alone,,,unrecorded,,"nvidia-smi memory.used, all units",2026-09-10,records/measurements/flexibility-2026-09-09/results-q9-vllm-srv1.json,q9b-vllm-3b-srv1-1,compose.srv1-vllm-3b.yml
card_peak_minus_steady_mib,0,MiB,,,srv1,srv1@hosts.json-decl-2026-09-03,vllm,vllm/vllm-openai@ffb2d59b1c05,Qwen2.5-Coder-3B-Instruct-AWQ,,AWQ,,8,4096,,n/a,auto,0.60,no,,alone,,,unrecorded,,,2026-09-10,records/measurements/flexibility-2026-09-09/results-q9-vllm-srv1.json,q9b-vllm-3b-srv1-1,compose.srv1-vllm-3b.yml
vllm_host_ram_gib,2.5712,GiB,,,srv1,srv1@hosts.json-decl-2026-09-03,vllm,vllm/vllm-openai@ffb2d59b1c05,Qwen2.5-Coder-3B-Instruct-AWQ,,AWQ,,8,4096,,n/a,auto,0.60,no,,alone,,,unrecorded,,MemAvailable idle minus after,2026-09-10,records/measurements/flexibility-2026-09-09/results-q9-vllm-srv1.json,q9b-vllm-3b-srv1-1,compose.srv1-vllm-3b.yml
restarts,0,count,,,srv1,srv1@hosts.json-decl-2026-09-03,vllm,vllm/vllm-openai@ffb2d59b1c05,Qwen2.5-Coder-3B-Instruct-AWQ,,AWQ,,8,4096,,n/a,auto,0.60,no,,alone,,,unrecorded,,,2026-09-10,records/measurements/flexibility-2026-09-09/results-q9-vllm-srv1.json,q9b-vllm-3b-srv1-1/3b,compose.srv1-vllm-3b.yml
decode_tok_s,22.86,tok/s,,,srv1,srv1@hosts.json-decl-2026-09-03,vllm,vllm/vllm-openai@ffb2d59b1c05,Qwen2.5-Coder-3B-Instruct-AWQ,,AWQ,,8,4096,,n/a,auto,0.60,no,,alone,,,unrecorded,warm (1 discarded + mean of 3),rig.decode_vllm client-side,2026-09-10,records/measurements/flexibility-2026-09-09/results-q9-vllm-srv1.json,q9b-vllm-3b-srv1-1/3b,"compose.srv1-vllm-3b.yml; samples=[22.95, 22.85, 22.78]"
ttft_s,0.2437,s,,,srv1,srv1@hosts.json-decl-2026-09-03,vllm,vllm/vllm-openai@ffb2d59b1c05,Qwen2.5-Coder-3B-Instruct-AWQ,,AWQ,,8,4096,,n/a,auto,0.60,no,,alone,,,unrecorded,warm,,2026-09-10,records/measurements/flexibility-2026-09-09/results-q9-vllm-srv1.json,q9b-vllm-3b-srv1-1/3b,compose.srv1-vllm-3b.yml
start_offset_s,0,s,,,srv1,srv1@hosts.json-decl-2026-09-03,vllm,vllm/vllm-openai@ffb2d59b1c05,Qwen2.5-Coder-3B-Instruct-AWQ,,AWQ,,8,4096,,n/a,auto,0.60,no,,alone,,,unrecorded,,StartedAt minus earliest StartedAt,2026-09-10,records/measurements/flexibility-2026-09-09/results-q9-vllm-srv1.json,q9b-vllm-3b-srv1-1/3b,compose.srv1-vllm-3b.yml
vllm_nontorch_gib,0.04,GiB,,,srv1,srv1@hosts.json-decl-2026-09-03,vllm,vllm/vllm-openai@ffb2d59b1c05,Qwen2.5-Coder-3B-Instruct-AWQ,,AWQ,,8,4096,,n/a,auto,0.60,no,,alone,,,unrecorded,,engine line gpu_worker.py:857 (last start),2026-09-10,records/measurements/flexibility-2026-09-09/results-q9-vllm-srv1.json,q9b-vllm-3b-srv1-1/3b,compose.srv1-vllm-3b.yml
vllm_kv_tokens,22608,tokens,,,srv1,srv1@hosts.json-decl-2026-09-03,vllm,vllm/vllm-openai@ffb2d59b1c05,Qwen2.5-Coder-3B-Instruct-AWQ,,AWQ,,8,4096,,n/a,auto,0.60,no,,alone,,,unrecorded,,engine line kv_cache_utils (last start),2026-09-10,records/measurements/flexibility-2026-09-09/results-q9-vllm-srv1.json,q9b-vllm-3b-srv1-1/3b,compose.srv1-vllm-3b.yml
wake_s,110.9447,s,,,srv1,srv1@hosts.json-decl-2026-09-03,vllm,vllm/vllm-openai@ffb2d59b1c05,Qwen2.5-Coder-3B-Instruct-AWQ,,AWQ,,8,4096,,n/a,auto,0.60,no,,alone,,,unrecorded,cold start,door-return minus earliest StartedAt (vllm_arms.py),2026-09-10,records/measurements/flexibility-2026-09-09/results-q9-vllm-srv1.json,q9c-vllm-3b-srv1-1,compose.srv1-vllm-3b.yml
card_steady_mib,3112,MiB,,,srv1,srv1@hosts.json-decl-2026-09-03,vllm,vllm/vllm-openai@ffb2d59b1c05,Qwen2.5-Coder-3B-Instruct-AWQ,,AWQ,,8,4096,,n/a,auto,0.60,no,,alone,,,unrecorded,,"nvidia-smi memory.used, all units",2026-09-10,records/measurements/flexibility-2026-09-09/results-q9-vllm-srv1.json,q9c-vllm-3b-srv1-1,compose.srv1-vllm-3b.yml
card_peak_minus_steady_mib,0,MiB,,,srv1,srv1@hosts.json-decl-2026-09-03,vllm,vllm/vllm-openai@ffb2d59b1c05,Qwen2.5-Coder-3B-Instruct-AWQ,,AWQ,,8,4096,,n/a,auto,0.60,no,,alone,,,unrecorded,,,2026-09-10,records/measurements/flexibility-2026-09-09/results-q9-vllm-srv1.json,q9c-vllm-3b-srv1-1,compose.srv1-vllm-3b.yml
vllm_host_ram_gib,2.5724,GiB,,,srv1,srv1@hosts.json-decl-2026-09-03,vllm,vllm/vllm-openai@ffb2d59b1c05,Qwen2.5-Coder-3B-Instruct-AWQ,,AWQ,,8,4096,,n/a,auto,0.60,no,,alone,,,unrecorded,,MemAvailable idle minus after,2026-09-10,records/measurements/flexibility-2026-09-09/results-q9-vllm-srv1.json,q9c-vllm-3b-srv1-1,compose.srv1-vllm-3b.yml
restarts,0,count,,,srv1,srv1@hosts.json-decl-2026-09-03,vllm,vllm/vllm-openai@ffb2d59b1c05,Qwen2.5-Coder-3B-Instruct-AWQ,,AWQ,,8,4096,,n/a,auto,0.60,no,,alone,,,unrecorded,,,2026-09-10,records/measurements/flexibility-2026-09-09/results-q9-vllm-srv1.json,q9c-vllm-3b-srv1-1/3b,compose.srv1-vllm-3b.yml
decode_tok_s,22.9433,tok/s,,,srv1,srv1@hosts.json-decl-2026-09-03,vllm,vllm/vllm-openai@ffb2d59b1c05,Qwen2.5-Coder-3B-Instruct-AWQ,,AWQ,,8,4096,,n/a,auto,0.60,no,,alone,,,unrecorded,warm (1 discarded + mean of 3),rig.decode_vllm client-side,2026-09-10,records/measurements/flexibility-2026-09-09/results-q9-vllm-srv1.json,q9c-vllm-3b-srv1-1/3b,"compose.srv1-vllm-3b.yml; samples=[22.94, 22.94, 22.95]"
ttft_s,0.2457,s,,,srv1,srv1@hosts.json-decl-2026-09-03,vllm,vllm/vllm-openai@ffb2d59b1c05,Qwen2.5-Coder-3B-Instruct-AWQ,,AWQ,,8,4096,,n/a,auto,0.60,no,,alone,,,unrecorded,warm,,2026-09-10,records/measurements/flexibility-2026-09-09/results-q9-vllm-srv1.json,q9c-vllm-3b-srv1-1/3b,compose.srv1-vllm-3b.yml
start_offset_s,0,s,,,srv1,srv1@hosts.json-decl-2026-09-03,vllm,vllm/vllm-openai@ffb2d59b1c05,Qwen2.5-Coder-3B-Instruct-AWQ,,AWQ,,8,4096,,n/a,auto,0.60,no,,alone,,,unrecorded,,StartedAt minus earliest StartedAt,2026-09-10,records/measurements/flexibility-2026-09-09/results-q9-vllm-srv1.json,q9c-vllm-3b-srv1-1/3b,compose.srv1-vllm-3b.yml
vllm_nontorch_gib,0.04,GiB,,,srv1,srv1@hosts.json-decl-2026-09-03,vllm,vllm/vllm-openai@ffb2d59b1c05,Qwen2.5-Coder-3B-Instruct-AWQ,,AWQ,,8,4096,,n/a,auto,0.60,no,,alone,,,unrecorded,,engine line gpu_worker.py:857 (last start),2026-09-10,records/measurements/flexibility-2026-09-09/results-q9-vllm-srv1.json,q9c-vllm-3b-srv1-1/3b,compose.srv1-vllm-3b.yml
vllm_kv_tokens,22608,tokens,,,srv1,srv1@hosts.json-decl-2026-09-03,vllm,vllm/vllm-openai@ffb2d59b1c05,Qwen2.5-Coder-3B-Instruct-AWQ,,AWQ,,8,4096,,n/a,auto,0.60,no,,alone,,,unrecorded,,engine line kv_cache_utils (last start),2026-09-10,records/measurements/flexibility-2026-09-09/results-q9-vllm-srv1.json,q9c-vllm-3b-srv1-1/3b,compose.srv1-vllm-3b.yml
wake_s,111.0556,s,,,srv1,srv1@hosts.json-decl-2026-09-03,vllm,vllm/vllm-openai@ffb2d59b1c05,Qwen2.5-Coder-3B-Instruct-AWQ,,AWQ,,8,4096,,n/a,auto,0.60,no,,alone,,,unrecorded,cold start,door-return minus earliest StartedAt (vllm_arms.py),2026-09-10,records/measurements/flexibility-2026-09-09/results-q9-vllm-srv1.json,q9c-vllm-3b-srv1-2,compose.srv1-vllm-3b.yml
card_steady_mib,3112,MiB,,,srv1,srv1@hosts.json-decl-2026-09-03,vllm,vllm/vllm-openai@ffb2d59b1c05,Qwen2.5-Coder-3B-Instruct-AWQ,,AWQ,,8,4096,,n/a,auto,0.60,no,,alone,,,unrecorded,,"nvidia-smi memory.used, all units",2026-09-10,records/measurements/flexibility-2026-09-09/results-q9-vllm-srv1.json,q9c-vllm-3b-srv1-2,compose.srv1-vllm-3b.yml
card_peak_minus_steady_mib,0,MiB,,,srv1,srv1@hosts.json-decl-2026-09-03,vllm,vllm/vllm-openai@ffb2d59b1c05,Qwen2.5-Coder-3B-Instruct-AWQ,,AWQ,,8,4096,,n/a,auto,0.60,no,,alone,,,unrecorded,,,2026-09-10,records/measurements/flexibility-2026-09-09/results-q9-vllm-srv1.json,q9c-vllm-3b-srv1-2,compose.srv1-vllm-3b.yml
vllm_host_ram_gib,2.6007,GiB,,,srv1,srv1@hosts.json-decl-2026-09-03,vllm,vllm/vllm-openai@ffb2d59b1c05,Qwen2.5-Coder-3B-Instruct-AWQ,,AWQ,,8,4096,,n/a,auto,0.60,no,,alone,,,unrecorded,,MemAvailable idle minus after,2026-09-10,records/measurements/flexibility-2026-09-09/results-q9-vllm-srv1.json,q9c-vllm-3b-srv1-2,compose.srv1-vllm-3b.yml
restarts,0,count,,,srv1,srv1@hosts.json-decl-2026-09-03,vllm,vllm/vllm-openai@ffb2d59b1c05,Qwen2.5-Coder-3B-Instruct-AWQ,,AWQ,,8,4096,,n/a,auto,0.60,no,,alone,,,unrecorded,,,2026-09-10,records/measurements/flexibility-2026-09-09/results-q9-vllm-srv1.json,q9c-vllm-3b-srv1-2/3b,compose.srv1-vllm-3b.yml
decode_tok_s,22.9433,tok/s,,,srv1,srv1@hosts.json-decl-2026-09-03,vllm,vllm/vllm-openai@ffb2d59b1c05,Qwen2.5-Coder-3B-Instruct-AWQ,,AWQ,,8,4096,,n/a,auto,0.60,no,,alone,,,unrecorded,warm (1 discarded + mean of 3),rig.decode_vllm client-side,2026-09-10,records/measurements/flexibility-2026-09-09/results-q9-vllm-srv1.json,q9c-vllm-3b-srv1-2/3b,"compose.srv1-vllm-3b.yml; samples=[22.95, 22.94, 22.94]"
ttft_s,0.2453,s,,,srv1,srv1@hosts.json-decl-2026-09-03,vllm,vllm/vllm-openai@ffb2d59b1c05,Qwen2.5-Coder-3B-Instruct-AWQ,,AWQ,,8,4096,,n/a,auto,0.60,no,,alone,,,unrecorded,warm,,2026-09-10,records/measurements/flexibility-2026-09-09/results-q9-vllm-srv1.json,q9c-vllm-3b-srv1-2/3b,compose.srv1-vllm-3b.yml
start_offset_s,0,s,,,srv1,srv1@hosts.json-decl-2026-09-03,vllm,vllm/vllm-openai@ffb2d59b1c05,Qwen2.5-Coder-3B-Instruct-AWQ,,AWQ,,8,4096,,n/a,auto,0.60,no,,alone,,,unrecorded,,StartedAt minus earliest StartedAt,2026-09-10,records/measurements/flexibility-2026-09-09/results-q9-vllm-srv1.json,q9c-vllm-3b-srv1-2/3b,compose.srv1-vllm-3b.yml
vllm_nontorch_gib,0.04,GiB,,,srv1,srv1@hosts.json-decl-2026-09-03,vllm,vllm/vllm-openai@ffb2d59b1c05,Qwen2.5-Coder-3B-Instruct-AWQ,,AWQ,,8,4096,,n/a,auto,0.60,no,,alone,,,unrecorded,,engine line gpu_worker.py:857 (last start),2026-09-10,records/measurements/flexibility-2026-09-09/results-q9-vllm-srv1.json,q9c-vllm-3b-srv1-2/3b,compose.srv1-vllm-3b.yml
vllm_kv_tokens,22608,tokens,,,srv1,srv1@hosts.json-decl-2026-09-03,vllm,vllm/vllm-openai@ffb2d59b1c05,Qwen2.5-Coder-3B-Instruct-AWQ,,AWQ,,8,4096,,n/a,auto,0.60,no,,alone,,,unrecorded,,engine line kv_cache_utils (last start),2026-09-10,records/measurements/flexibility-2026-09-09/results-q9-vllm-srv1.json,q9c-vllm-3b-srv1-2/3b,compose.srv1-vllm-3b.yml
wake_s,193.5389,s,,,srv2,srv2@hosts.json-decl-2026-09-03,vllm,vllm/vllm-openai@ffb2d59b1c05,Qwen2.5-Coder-3B-Instruct-AWQ+Qwen2.5-Coder-7B-Instruct-AWQ,,AWQ,,8,4096,,n/a,auto,0.26+0.72,no,service_healthy,pair,,,unrecorded,cold start,door-return minus earliest StartedAt (vllm_arms.py),2026-09-09,records/measurements/flexibility-2026-09-09/results-q14-pair-healthy.json,q14-pair-healthy-1,compose.srv2.yml
card_steady_mib,10587,MiB,,,srv2,srv2@hosts.json-decl-2026-09-03,vllm,vllm/vllm-openai@ffb2d59b1c05,Qwen2.5-Coder-3B-Instruct-AWQ+Qwen2.5-Coder-7B-Instruct-AWQ,,AWQ,,8,4096,,n/a,auto,0.26+0.72,no,service_healthy,pair,,,unrecorded,,"nvidia-smi memory.used, all units",2026-09-09,records/measurements/flexibility-2026-09-09/results-q14-pair-healthy.json,q14-pair-healthy-1,compose.srv2.yml
card_peak_minus_steady_mib,34,MiB,,,srv2,srv2@hosts.json-decl-2026-09-03,vllm,vllm/vllm-openai@ffb2d59b1c05,Qwen2.5-Coder-3B-Instruct-AWQ+Qwen2.5-Coder-7B-Instruct-AWQ,,AWQ,,8,4096,,n/a,auto,0.26+0.72,no,service_healthy,pair,,,unrecorded,,,2026-09-09,records/measurements/flexibility-2026-09-09/results-q14-pair-healthy.json,q14-pair-healthy-1,compose.srv2.yml
vllm_host_ram_gib,5.5276,GiB,,,srv2,srv2@hosts.json-decl-2026-09-03,vllm,vllm/vllm-openai@ffb2d59b1c05,Qwen2.5-Coder-3B-Instruct-AWQ+Qwen2.5-Coder-7B-Instruct-AWQ,,AWQ,,8,4096,,n/a,auto,0.26+0.72,no,service_healthy,pair,,,unrecorded,,MemAvailable idle minus after,2026-09-09,records/measurements/flexibility-2026-09-09/results-q14-pair-healthy.json,q14-pair-healthy-1,compose.srv2.yml
restarts,0,count,,,srv2,srv2@hosts.json-decl-2026-09-03,vllm,vllm/vllm-openai@ffb2d59b1c05,Qwen2.5-Coder-7B-Instruct-AWQ,,AWQ,,8,4096,,n/a,auto,0.72,no,,pair,,,unrecorded,,,2026-09-09,records/measurements/flexibility-2026-09-09/results-q14-pair-healthy.json,q14-pair-healthy-1/7b,compose.srv2.yml
decode_tok_s,68.9133,tok/s,,,srv2,srv2@hosts.json-decl-2026-09-03,vllm,vllm/vllm-openai@ffb2d59b1c05,Qwen2.5-Coder-7B-Instruct-AWQ,,AWQ,,8,4096,,n/a,auto,0.72,no,,pair,,,unrecorded,warm (1 discarded + mean of 3),rig.decode_vllm client-side,2026-09-09,records/measurements/flexibility-2026-09-09/results-q14-pair-healthy.json,q14-pair-healthy-1/7b,"compose.srv2.yml; samples=[68.92, 68.92, 68.9]"
ttft_s,0.1913,s,,,srv2,srv2@hosts.json-decl-2026-09-03,vllm,vllm/vllm-openai@ffb2d59b1c05,Qwen2.5-Coder-7B-Instruct-AWQ,,AWQ,,8,4096,,n/a,auto,0.72,no,,pair,,,unrecorded,warm,,2026-09-09,records/measurements/flexibility-2026-09-09/results-q14-pair-healthy.json,q14-pair-healthy-1/7b,compose.srv2.yml
start_offset_s,0,s,,,srv2,srv2@hosts.json-decl-2026-09-03,vllm,vllm/vllm-openai@ffb2d59b1c05,Qwen2.5-Coder-7B-Instruct-AWQ,,AWQ,,8,4096,,n/a,auto,0.72,no,,pair,,,unrecorded,,StartedAt minus earliest StartedAt,2026-09-09,records/measurements/flexibility-2026-09-09/results-q14-pair-healthy.json,q14-pair-healthy-1/7b,compose.srv2.yml
vllm_nontorch_gib,0.05,GiB,,,srv2,srv2@hosts.json-decl-2026-09-03,vllm,vllm/vllm-openai@ffb2d59b1c05,Qwen2.5-Coder-7B-Instruct-AWQ,,AWQ,,8,4096,,n/a,auto,0.72,no,,pair,,,unrecorded,,engine line gpu_worker.py:857 (last start),2026-09-09,records/measurements/flexibility-2026-09-09/results-q14-pair-healthy.json,q14-pair-healthy-1/7b,compose.srv2.yml
vllm_kv_tokens,37248,tokens,,,srv2,srv2@hosts.json-decl-2026-09-03,vllm,vllm/vllm-openai@ffb2d59b1c05,Qwen2.5-Coder-7B-Instruct-AWQ,,AWQ,,8,4096,,n/a,auto,0.72,no,,pair,,,unrecorded,,engine line kv_cache_utils (last start),2026-09-09,records/measurements/flexibility-2026-09-09/results-q14-pair-healthy.json,q14-pair-healthy-1/7b,compose.srv2.yml
restarts,0,count,,,srv2,srv2@hosts.json-decl-2026-09-03,vllm,vllm/vllm-openai@ffb2d59b1c05,Qwen2.5-Coder-3B-Instruct-AWQ,,AWQ,,8,4096,,n/a,auto,0.26,no,service_healthy,pair,,,unrecorded,,,2026-09-09,records/measurements/flexibility-2026-09-09/results-q14-pair-healthy.json,q14-pair-healthy-1/3b,compose.srv2.yml
decode_tok_s,127.87,tok/s,,,srv2,srv2@hosts.json-decl-2026-09-03,vllm,vllm/vllm-openai@ffb2d59b1c05,Qwen2.5-Coder-3B-Instruct-AWQ,,AWQ,,8,4096,,n/a,auto,0.26,no,service_healthy,pair,,,unrecorded,warm (1 discarded + mean of 3),rig.decode_vllm client-side,2026-09-09,records/measurements/flexibility-2026-09-09/results-q14-pair-healthy.json,q14-pair-healthy-1/3b,"compose.srv2.yml; samples=[127.84, 127.96, 127.81]"
ttft_s,0.186,s,,,srv2,srv2@hosts.json-decl-2026-09-03,vllm,vllm/vllm-openai@ffb2d59b1c05,Qwen2.5-Coder-3B-Instruct-AWQ,,AWQ,,8,4096,,n/a,auto,0.26,no,service_healthy,pair,,,unrecorded,warm,,2026-09-09,records/measurements/flexibility-2026-09-09/results-q14-pair-healthy.json,q14-pair-healthy-1/3b,compose.srv2.yml
start_offset_s,97,s,,,srv2,srv2@hosts.json-decl-2026-09-03,vllm,vllm/vllm-openai@ffb2d59b1c05,Qwen2.5-Coder-3B-Instruct-AWQ,,AWQ,,8,4096,,n/a,auto,0.26,no,service_healthy,pair,,,unrecorded,,StartedAt minus earliest StartedAt,2026-09-09,records/measurements/flexibility-2026-09-09/results-q14-pair-healthy.json,q14-pair-healthy-1/3b,compose.srv2.yml
vllm_nontorch_gib,0.05,GiB,,,srv2,srv2@hosts.json-decl-2026-09-03,vllm,vllm/vllm-openai@ffb2d59b1c05,Qwen2.5-Coder-3B-Instruct-AWQ,,AWQ,,8,4096,,n/a,auto,0.26,no,service_healthy,pair,,,unrecorded,,engine line gpu_worker.py:857 (last start),2026-09-09,records/measurements/flexibility-2026-09-09/results-q14-pair-healthy.json,q14-pair-healthy-1/3b,compose.srv2.yml
vllm_kv_tokens,12352,tokens,,,srv2,srv2@hosts.json-decl-2026-09-03,vllm,vllm/vllm-openai@ffb2d59b1c05,Qwen2.5-Coder-3B-Instruct-AWQ,,AWQ,,8,4096,,n/a,auto,0.26,no,service_healthy,pair,,,unrecorded,,engine line kv_cache_utils (last start),2026-09-09,records/measurements/flexibility-2026-09-09/results-q14-pair-healthy.json,q14-pair-healthy-1/3b,compose.srv2.yml
wake_s,192.4198,s,,,srv2,srv2@hosts.json-decl-2026-09-03,vllm,vllm/vllm-openai@ffb2d59b1c05,Qwen2.5-Coder-3B-Instruct-AWQ+Qwen2.5-Coder-7B-Instruct-AWQ,,AWQ,,8,4096,,n/a,auto,0.26+0.72,no,service_healthy,pair,,,unrecorded,cold start,door-return minus earliest StartedAt (vllm_arms.py),2026-09-09,records/measurements/flexibility-2026-09-09/results-q14-pair-healthy.json,q14-pair-healthy-2,compose.srv2.yml
card_steady_mib,10587,MiB,,,srv2,srv2@hosts.json-decl-2026-09-03,vllm,vllm/vllm-openai@ffb2d59b1c05,Qwen2.5-Coder-3B-Instruct-AWQ+Qwen2.5-Coder-7B-Instruct-AWQ,,AWQ,,8,4096,,n/a,auto,0.26+0.72,no,service_healthy,pair,,,unrecorded,,"nvidia-smi memory.used, all units",2026-09-09,records/measurements/flexibility-2026-09-09/results-q14-pair-healthy.json,q14-pair-healthy-2,compose.srv2.yml
card_peak_minus_steady_mib,34,MiB,,,srv2,srv2@hosts.json-decl-2026-09-03,vllm,vllm/vllm-openai@ffb2d59b1c05,Qwen2.5-Coder-3B-Instruct-AWQ+Qwen2.5-Coder-7B-Instruct-AWQ,,AWQ,,8,4096,,n/a,auto,0.26+0.72,no,service_healthy,pair,,,unrecorded,,,2026-09-09,records/measurements/flexibility-2026-09-09/results-q14-pair-healthy.json,q14-pair-healthy-2,compose.srv2.yml
vllm_host_ram_gib,5.5202,GiB,,,srv2,srv2@hosts.json-decl-2026-09-03,vllm,vllm/vllm-openai@ffb2d59b1c05,Qwen2.5-Coder-3B-Instruct-AWQ+Qwen2.5-Coder-7B-Instruct-AWQ,,AWQ,,8,4096,,n/a,auto,0.26+0.72,no,service_healthy,pair,,,unrecorded,,MemAvailable idle minus after,2026-09-09,records/measurements/flexibility-2026-09-09/results-q14-pair-healthy.json,q14-pair-healthy-2,compose.srv2.yml
restarts,0,count,,,srv2,srv2@hosts.json-decl-2026-09-03,vllm,vllm/vllm-openai@ffb2d59b1c05,Qwen2.5-Coder-7B-Instruct-AWQ,,AWQ,,8,4096,,n/a,auto,0.72,no,,pair,,,unrecorded,,,2026-09-09,records/measurements/flexibility-2026-09-09/results-q14-pair-healthy.json,q14-pair-healthy-2/7b,compose.srv2.yml
decode_tok_s,68.85,tok/s,,,srv2,srv2@hosts.json-decl-2026-09-03,vllm,vllm/vllm-openai@ffb2d59b1c05,Qwen2.5-Coder-7B-Instruct-AWQ,,AWQ,,8,4096,,n/a,auto,0.72,no,,pair,,,unrecorded,warm (1 discarded + mean of 3),rig.decode_vllm client-side,2026-09-09,records/measurements/flexibility-2026-09-09/results-q14-pair-healthy.json,q14-pair-healthy-2/7b,"compose.srv2.yml; samples=[68.83, 68.88, 68.84]"
ttft_s,0.1733,s,,,srv2,srv2@hosts.json-decl-2026-09-03,vllm,vllm/vllm-openai@ffb2d59b1c05,Qwen2.5-Coder-7B-Instruct-AWQ,,AWQ,,8,4096,,n/a,auto,0.72,no,,pair,,,unrecorded,warm,,2026-09-09,records/measurements/flexibility-2026-09-09/results-q14-pair-healthy.json,q14-pair-healthy-2/7b,compose.srv2.yml
start_offset_s,0,s,,,srv2,srv2@hosts.json-decl-2026-09-03,vllm,vllm/vllm-openai@ffb2d59b1c05,Qwen2.5-Coder-7B-Instruct-AWQ,,AWQ,,8,4096,,n/a,auto,0.72,no,,pair,,,unrecorded,,StartedAt minus earliest StartedAt,2026-09-09,records/measurements/flexibility-2026-09-09/results-q14-pair-healthy.json,q14-pair-healthy-2/7b,compose.srv2.yml
vllm_nontorch_gib,0.05,GiB,,,srv2,srv2@hosts.json-decl-2026-09-03,vllm,vllm/vllm-openai@ffb2d59b1c05,Qwen2.5-Coder-7B-Instruct-AWQ,,AWQ,,8,4096,,n/a,auto,0.72,no,,pair,,,unrecorded,,engine line gpu_worker.py:857 (last start),2026-09-09,records/measurements/flexibility-2026-09-09/results-q14-pair-healthy.json,q14-pair-healthy-2/7b,compose.srv2.yml
vllm_kv_tokens,37248,tokens,,,srv2,srv2@hosts.json-decl-2026-09-03,vllm,vllm/vllm-openai@ffb2d59b1c05,Qwen2.5-Coder-7B-Instruct-AWQ,,AWQ,,8,4096,,n/a,auto,0.72,no,,pair,,,unrecorded,,engine line kv_cache_utils (last start),2026-09-09,records/measurements/flexibility-2026-09-09/results-q14-pair-healthy.json,q14-pair-healthy-2/7b,compose.srv2.yml
restarts,0,count,,,srv2,srv2@hosts.json-decl-2026-09-03,vllm,vllm/vllm-openai@ffb2d59b1c05,Qwen2.5-Coder-3B-Instruct-AWQ,,AWQ,,8,4096,,n/a,auto,0.26,no,service_healthy,pair,,,unrecorded,,,2026-09-09,records/measurements/flexibility-2026-09-09/results-q14-pair-healthy.json,q14-pair-healthy-2/3b,compose.srv2.yml
decode_tok_s,127.9633,tok/s,,,srv2,srv2@hosts.json-decl-2026-09-03,vllm,vllm/vllm-openai@ffb2d59b1c05,Qwen2.5-Coder-3B-Instruct-AWQ,,AWQ,,8,4096,,n/a,auto,0.26,no,service_healthy,pair,,,unrecorded,warm (1 discarded + mean of 3),rig.decode_vllm client-side,2026-09-09,records/measurements/flexibility-2026-09-09/results-q14-pair-healthy.json,q14-pair-healthy-2/3b,"compose.srv2.yml; samples=[127.77, 127.91, 128.21]"
ttft_s,0.1937,s,,,srv2,srv2@hosts.json-decl-2026-09-03,vllm,vllm/vllm-openai@ffb2d59b1c05,Qwen2.5-Coder-3B-Instruct-AWQ,,AWQ,,8,4096,,n/a,auto,0.26,no,service_healthy,pair,,,unrecorded,warm,,2026-09-09,records/measurements/flexibility-2026-09-09/results-q14-pair-healthy.json,q14-pair-healthy-2/3b,compose.srv2.yml
start_offset_s,97,s,,,srv2,srv2@hosts.json-decl-2026-09-03,vllm,vllm/vllm-openai@ffb2d59b1c05,Qwen2.5-Coder-3B-Instruct-AWQ,,AWQ,,8,4096,,n/a,auto,0.26,no,service_healthy,pair,,,unrecorded,,StartedAt minus earliest StartedAt,2026-09-09,records/measurements/flexibility-2026-09-09/results-q14-pair-healthy.json,q14-pair-healthy-2/3b,compose.srv2.yml
vllm_nontorch_gib,0.05,GiB,,,srv2,srv2@hosts.json-decl-2026-09-03,vllm,vllm/vllm-openai@ffb2d59b1c05,Qwen2.5-Coder-3B-Instruct-AWQ,,AWQ,,8,4096,,n/a,auto,0.26,no,service_healthy,pair,,,unrecorded,,engine line gpu_worker.py:857 (last start),2026-09-09,records/measurements/flexibility-2026-09-09/results-q14-pair-healthy.json,q14-pair-healthy-2/3b,compose.srv2.yml
vllm_kv_tokens,12352,tokens,,,srv2,srv2@hosts.json-decl-2026-09-03,vllm,vllm/vllm-openai@ffb2d59b1c05,Qwen2.5-Coder-3B-Instruct-AWQ,,AWQ,,8,4096,,n/a,auto,0.26,no,service_healthy,pair,,,unrecorded,,engine line kv_cache_utils (last start),2026-09-09,records/measurements/flexibility-2026-09-09/results-q14-pair-healthy.json,q14-pair-healthy-2/3b,compose.srv2.yml
wake_s,143.832,s,,,srv2,srv2@hosts.json-decl-2026-09-03,vllm,vllm/vllm-openai@ffb2d59b1c05,Qwen2.5-Coder-3B-Instruct-AWQ+Qwen2.5-Coder-7B-Instruct-AWQ,,AWQ,,8,4096,,n/a,auto,0.26+0.72,yes,service_started,pair,,,unrecorded,cold start,door-return minus earliest StartedAt (vllm_arms.py),2026-09-09,records/measurements/flexibility-2026-09-09/results-q15-sleepmode.json,q15-pair-sleepmode-1,compose.srv2.sleepmode.yml
card_steady_mib,10753,MiB,,,srv2,srv2@hosts.json-decl-2026-09-03,vllm,vllm/vllm-openai@ffb2d59b1c05,Qwen2.5-Coder-3B-Instruct-AWQ+Qwen2.5-Coder-7B-Instruct-AWQ,,AWQ,,8,4096,,n/a,auto,0.26+0.72,yes,service_started,pair,,,unrecorded,,"nvidia-smi memory.used, all units",2026-09-09,records/measurements/flexibility-2026-09-09/results-q15-sleepmode.json,q15-pair-sleepmode-1,compose.srv2.sleepmode.yml
card_peak_minus_steady_mib,0,MiB,,,srv2,srv2@hosts.json-decl-2026-09-03,vllm,vllm/vllm-openai@ffb2d59b1c05,Qwen2.5-Coder-3B-Instruct-AWQ+Qwen2.5-Coder-7B-Instruct-AWQ,,AWQ,,8,4096,,n/a,auto,0.26+0.72,yes,service_started,pair,,,unrecorded,,,2026-09-09,records/measurements/flexibility-2026-09-09/results-q15-sleepmode.json,q15-pair-sleepmode-1,compose.srv2.sleepmode.yml
vllm_host_ram_gib,5.4575,GiB,,,srv2,srv2@hosts.json-decl-2026-09-03,vllm,vllm/vllm-openai@ffb2d59b1c05,Qwen2.5-Coder-3B-Instruct-AWQ+Qwen2.5-Coder-7B-Instruct-AWQ,,AWQ,,8,4096,,n/a,auto,0.26+0.72,yes,service_started,pair,,,unrecorded,,MemAvailable idle minus after,2026-09-09,records/measurements/flexibility-2026-09-09/results-q15-sleepmode.json,q15-pair-sleepmode-1,compose.srv2.sleepmode.yml
restarts,0,count,,,srv2,srv2@hosts.json-decl-2026-09-03,vllm,vllm/vllm-openai@ffb2d59b1c05,Qwen2.5-Coder-7B-Instruct-AWQ,,AWQ,,8,4096,,n/a,auto,0.72,yes,,pair,,,unrecorded,,,2026-09-09,records/measurements/flexibility-2026-09-09/results-q15-sleepmode.json,q15-pair-sleepmode-1/7b,compose.srv2.sleepmode.yml
decode_tok_s,68.9533,tok/s,,,srv2,srv2@hosts.json-decl-2026-09-03,vllm,vllm/vllm-openai@ffb2d59b1c05,Qwen2.5-Coder-7B-Instruct-AWQ,,AWQ,,8,4096,,n/a,auto,0.72,yes,,pair,,,unrecorded,warm (1 discarded + mean of 3),rig.decode_vllm client-side,2026-09-09,records/measurements/flexibility-2026-09-09/results-q15-sleepmode.json,q15-pair-sleepmode-1/7b,"compose.srv2.sleepmode.yml; samples=[69.15, 68.84, 68.87]"
ttft_s,0.2073,s,,,srv2,srv2@hosts.json-decl-2026-09-03,vllm,vllm/vllm-openai@ffb2d59b1c05,Qwen2.5-Coder-7B-Instruct-AWQ,,AWQ,,8,4096,,n/a,auto,0.72,yes,,pair,,,unrecorded,warm,,2026-09-09,records/measurements/flexibility-2026-09-09/results-q15-sleepmode.json,q15-pair-sleepmode-1/7b,compose.srv2.sleepmode.yml
start_offset_s,0,s,,,srv2,srv2@hosts.json-decl-2026-09-03,vllm,vllm/vllm-openai@ffb2d59b1c05,Qwen2.5-Coder-7B-Instruct-AWQ,,AWQ,,8,4096,,n/a,auto,0.72,yes,,pair,,,unrecorded,,StartedAt minus earliest StartedAt,2026-09-09,records/measurements/flexibility-2026-09-09/results-q15-sleepmode.json,q15-pair-sleepmode-1/7b,compose.srv2.sleepmode.yml
vllm_nontorch_gib,0.89,GiB,,,srv2,srv2@hosts.json-decl-2026-09-03,vllm,vllm/vllm-openai@ffb2d59b1c05,Qwen2.5-Coder-7B-Instruct-AWQ,,AWQ,,8,4096,,n/a,auto,0.72,yes,,pair,,,unrecorded,,engine line gpu_worker.py:857 (last start),2026-09-09,records/measurements/flexibility-2026-09-09/results-q15-sleepmode.json,q15-pair-sleepmode-1/7b,compose.srv2.sleepmode.yml
vllm_kv_tokens,21456,tokens,,,srv2,srv2@hosts.json-decl-2026-09-03,vllm,vllm/vllm-openai@ffb2d59b1c05,Qwen2.5-Coder-7B-Instruct-AWQ,,AWQ,,8,4096,,n/a,auto,0.72,yes,,pair,,,unrecorded,,engine line kv_cache_utils (last start),2026-09-09,records/measurements/flexibility-2026-09-09/results-q15-sleepmode.json,q15-pair-sleepmode-1/7b,compose.srv2.sleepmode.yml
restarts,1,count,,,srv2,srv2@hosts.json-decl-2026-09-03,vllm,vllm/vllm-openai@ffb2d59b1c05,Qwen2.5-Coder-3B-Instruct-AWQ,,AWQ,,8,4096,,n/a,auto,0.26,yes,service_started,pair,,,unrecorded,,,2026-09-09,records/measurements/flexibility-2026-09-09/results-q15-sleepmode.json,q15-pair-sleepmode-1/3b,compose.srv2.sleepmode.yml
decode_tok_s,127.7767,tok/s,,,srv2,srv2@hosts.json-decl-2026-09-03,vllm,vllm/vllm-openai@ffb2d59b1c05,Qwen2.5-Coder-3B-Instruct-AWQ,,AWQ,,8,4096,,n/a,auto,0.26,yes,service_started,pair,,,unrecorded,warm (1 discarded + mean of 3),rig.decode_vllm client-side,2026-09-09,records/measurements/flexibility-2026-09-09/results-q15-sleepmode.json,q15-pair-sleepmode-1/3b,"compose.srv2.sleepmode.yml; samples=[127.73, 127.82, 127.78]"
ttft_s,0.166,s,,,srv2,srv2@hosts.json-decl-2026-09-03,vllm,vllm/vllm-openai@ffb2d59b1c05,Qwen2.5-Coder-3B-Instruct-AWQ,,AWQ,,8,4096,,n/a,auto,0.26,yes,service_started,pair,,,unrecorded,warm,,2026-09-09,records/measurements/flexibility-2026-09-09/results-q15-sleepmode.json,q15-pair-sleepmode-1/3b,compose.srv2.sleepmode.yml
start_offset_s,89,s,,,srv2,srv2@hosts.json-decl-2026-09-03,vllm,vllm/vllm-openai@ffb2d59b1c05,Qwen2.5-Coder-3B-Instruct-AWQ,,AWQ,,8,4096,,n/a,auto,0.26,yes,service_started,pair,,,unrecorded,,StartedAt minus earliest StartedAt,2026-09-09,records/measurements/flexibility-2026-09-09/results-q15-sleepmode.json,q15-pair-sleepmode-1/3b,compose.srv2.sleepmode.yml
vllm_nontorch_gib,0.54,GiB,,,srv2,srv2@hosts.json-decl-2026-09-03,vllm,vllm/vllm-openai@ffb2d59b1c05,Qwen2.5-Coder-3B-Instruct-AWQ,,AWQ,,8,4096,,n/a,auto,0.26,yes,service_started,pair,,,unrecorded,,engine line gpu_worker.py:857 (last start),2026-09-09,records/measurements/flexibility-2026-09-09/results-q15-sleepmode.json,q15-pair-sleepmode-1/3b,compose.srv2.sleepmode.yml
vllm_kv_tokens,42608,tokens,,,srv2,srv2@hosts.json-decl-2026-09-03,vllm,vllm/vllm-openai@ffb2d59b1c05,Qwen2.5-Coder-3B-Instruct-AWQ,,AWQ,,8,4096,,n/a,auto,0.26,yes,service_started,pair,,,unrecorded,,engine line kv_cache_utils (last start),2026-09-09,records/measurements/flexibility-2026-09-09/results-q15-sleepmode.json,q15-pair-sleepmode-1/3b,compose.srv2.sleepmode.yml
vllm_negative_kv_attempts,1,count,,,srv2,srv2@hosts.json-decl-2026-09-03,vllm,vllm/vllm-openai@ffb2d59b1c05,Qwen2.5-Coder-3B-Instruct-AWQ,,AWQ,,8,4096,,n/a,auto,0.26,yes,service_started,pair,,,unrecorded,,,2026-09-09,records/measurements/flexibility-2026-09-09/results-q15-sleepmode.json,q15-pair-sleepmode-1/3b,compose.srv2.sleepmode.yml; Available KV cache memory [-4.98] GiB
wake_s,141.6715,s,,,srv2,srv2@hosts.json-decl-2026-09-03,vllm,vllm/vllm-openai@ffb2d59b1c05,Qwen2.5-Coder-3B-Instruct-AWQ+Qwen2.5-Coder-7B-Instruct-AWQ,,AWQ,,8,4096,,n/a,auto,0.26+0.72,yes,service_started,pair,,,unrecorded,cold start,door-return minus earliest StartedAt (vllm_arms.py),2026-09-09,records/measurements/flexibility-2026-09-09/results-q15-sleepmode.json,q15-pair-sleepmode-2,compose.srv2.sleepmode.yml
card_steady_mib,11369,MiB,,,srv2,srv2@hosts.json-decl-2026-09-03,vllm,vllm/vllm-openai@ffb2d59b1c05,Qwen2.5-Coder-3B-Instruct-AWQ+Qwen2.5-Coder-7B-Instruct-AWQ,,AWQ,,8,4096,,n/a,auto,0.26+0.72,yes,service_started,pair,,,unrecorded,,"nvidia-smi memory.used, all units",2026-09-09,records/measurements/flexibility-2026-09-09/results-q15-sleepmode.json,q15-pair-sleepmode-2,compose.srv2.sleepmode.yml
card_peak_minus_steady_mib,0,MiB,,,srv2,srv2@hosts.json-decl-2026-09-03,vllm,vllm/vllm-openai@ffb2d59b1c05,Qwen2.5-Coder-3B-Instruct-AWQ+Qwen2.5-Coder-7B-Instruct-AWQ,,AWQ,,8,4096,,n/a,auto,0.26+0.72,yes,service_started,pair,,,unrecorded,,,2026-09-09,records/measurements/flexibility-2026-09-09/results-q15-sleepmode.json,q15-pair-sleepmode-2,compose.srv2.sleepmode.yml
vllm_host_ram_gib,5.4738,GiB,,,srv2,srv2@hosts.json-decl-2026-09-03,vllm,vllm/vllm-openai@ffb2d59b1c05,Qwen2.5-Coder-3B-Instruct-AWQ+Qwen2.5-Coder-7B-Instruct-AWQ,,AWQ,,8,4096,,n/a,auto,0.26+0.72,yes,service_started,pair,,,unrecorded,,MemAvailable idle minus after,2026-09-09,records/measurements/flexibility-2026-09-09/results-q15-sleepmode.json,q15-pair-sleepmode-2,compose.srv2.sleepmode.yml
restarts,0,count,,,srv2,srv2@hosts.json-decl-2026-09-03,vllm,vllm/vllm-openai@ffb2d59b1c05,Qwen2.5-Coder-7B-Instruct-AWQ,,AWQ,,8,4096,,n/a,auto,0.72,yes,,pair,,,unrecorded,,,2026-09-09,records/measurements/flexibility-2026-09-09/results-q15-sleepmode.json,q15-pair-sleepmode-2/7b,compose.srv2.sleepmode.yml
decode_tok_s,68.8933,tok/s,,,srv2,srv2@hosts.json-decl-2026-09-03,vllm,vllm/vllm-openai@ffb2d59b1c05,Qwen2.5-Coder-7B-Instruct-AWQ,,AWQ,,8,4096,,n/a,auto,0.72,yes,,pair,,,unrecorded,warm (1 discarded + mean of 3),rig.decode_vllm client-side,2026-09-09,records/measurements/flexibility-2026-09-09/results-q15-sleepmode.json,q15-pair-sleepmode-2/7b,"compose.srv2.sleepmode.yml; samples=[68.94, 68.93, 68.81]"
ttft_s,0.161,s,,,srv2,srv2@hosts.json-decl-2026-09-03,vllm,vllm/vllm-openai@ffb2d59b1c05,Qwen2.5-Coder-7B-Instruct-AWQ,,AWQ,,8,4096,,n/a,auto,0.72,yes,,pair,,,unrecorded,warm,,2026-09-09,records/measurements/flexibility-2026-09-09/results-q15-sleepmode.json,q15-pair-sleepmode-2/7b,compose.srv2.sleepmode.yml
start_offset_s,0,s,,,srv2,srv2@hosts.json-decl-2026-09-03,vllm,vllm/vllm-openai@ffb2d59b1c05,Qwen2.5-Coder-7B-Instruct-AWQ,,AWQ,,8,4096,,n/a,auto,0.72,yes,,pair,,,unrecorded,,StartedAt minus earliest StartedAt,2026-09-09,records/measurements/flexibility-2026-09-09/results-q15-sleepmode.json,q15-pair-sleepmode-2/7b,compose.srv2.sleepmode.yml
vllm_nontorch_gib,0.3,GiB,,,srv2,srv2@hosts.json-decl-2026-09-03,vllm,vllm/vllm-openai@ffb2d59b1c05,Qwen2.5-Coder-7B-Instruct-AWQ,,AWQ,,8,4096,,n/a,auto,0.72,yes,,pair,,,unrecorded,,engine line gpu_worker.py:857 (last start),2026-09-09,records/measurements/flexibility-2026-09-09/results-q15-sleepmode.json,q15-pair-sleepmode-2/7b,compose.srv2.sleepmode.yml
vllm_kv_tokens,32496,tokens,,,srv2,srv2@hosts.json-decl-2026-09-03,vllm,vllm/vllm-openai@ffb2d59b1c05,Qwen2.5-Coder-7B-Instruct-AWQ,,AWQ,,8,4096,,n/a,auto,0.72,yes,,pair,,,unrecorded,,engine line kv_cache_utils (last start),2026-09-09,records/measurements/flexibility-2026-09-09/results-q15-sleepmode.json,q15-pair-sleepmode-2/7b,compose.srv2.sleepmode.yml
restarts,1,count,,,srv2,srv2@hosts.json-decl-2026-09-03,vllm,vllm/vllm-openai@ffb2d59b1c05,Qwen2.5-Coder-3B-Instruct-AWQ,,AWQ,,8,4096,,n/a,auto,0.26,yes,service_started,pair,,,unrecorded,,,2026-09-09,records/measurements/flexibility-2026-09-09/results-q15-sleepmode.json,q15-pair-sleepmode-2/3b,compose.srv2.sleepmode.yml
decode_tok_s,127.69,tok/s,,,srv2,srv2@hosts.json-decl-2026-09-03,vllm,vllm/vllm-openai@ffb2d59b1c05,Qwen2.5-Coder-3B-Instruct-AWQ,,AWQ,,8,4096,,n/a,auto,0.26,yes,service_started,pair,,,unrecorded,warm (1 discarded + mean of 3),rig.decode_vllm client-side,2026-09-09,records/measurements/flexibility-2026-09-09/results-q15-sleepmode.json,q15-pair-sleepmode-2/3b,"compose.srv2.sleepmode.yml; samples=[127.48, 127.75, 127.84]"
ttft_s,0.1767,s,,,srv2,srv2@hosts.json-decl-2026-09-03,vllm,vllm/vllm-openai@ffb2d59b1c05,Qwen2.5-Coder-3B-Instruct-AWQ,,AWQ,,8,4096,,n/a,auto,0.26,yes,service_started,pair,,,unrecorded,warm,,2026-09-09,records/measurements/flexibility-2026-09-09/results-q15-sleepmode.json,q15-pair-sleepmode-2/3b,compose.srv2.sleepmode.yml
start_offset_s,88,s,,,srv2,srv2@hosts.json-decl-2026-09-03,vllm,vllm/vllm-openai@ffb2d59b1c05,Qwen2.5-Coder-3B-Instruct-AWQ,,AWQ,,8,4096,,n/a,auto,0.26,yes,service_started,pair,,,unrecorded,,StartedAt minus earliest StartedAt,2026-09-09,records/measurements/flexibility-2026-09-09/results-q15-sleepmode.json,q15-pair-sleepmode-2/3b,compose.srv2.sleepmode.yml
vllm_nontorch_gib,0.54,GiB,,,srv2,srv2@hosts.json-decl-2026-09-03,vllm,vllm/vllm-openai@ffb2d59b1c05,Qwen2.5-Coder-3B-Instruct-AWQ,,AWQ,,8,4096,,n/a,auto,0.26,yes,service_started,pair,,,unrecorded,,engine line gpu_worker.py:857 (last start),2026-09-09,records/measurements/flexibility-2026-09-09/results-q15-sleepmode.json,q15-pair-sleepmode-2/3b,compose.srv2.sleepmode.yml
vllm_kv_tokens,42608,tokens,,,srv2,srv2@hosts.json-decl-2026-09-03,vllm,vllm/vllm-openai@ffb2d59b1c05,Qwen2.5-Coder-3B-Instruct-AWQ,,AWQ,,8,4096,,n/a,auto,0.26,yes,service_started,pair,,,unrecorded,,engine line kv_cache_utils (last start),2026-09-09,records/measurements/flexibility-2026-09-09/results-q15-sleepmode.json,q15-pair-sleepmode-2/3b,compose.srv2.sleepmode.yml
vllm_negative_kv_attempts,1,count,,,srv2,srv2@hosts.json-decl-2026-09-03,vllm,vllm/vllm-openai@ffb2d59b1c05,Qwen2.5-Coder-3B-Instruct-AWQ,,AWQ,,8,4096,,n/a,auto,0.26,yes,service_started,pair,,,unrecorded,,,2026-09-09,records/measurements/flexibility-2026-09-09/results-q15-sleepmode.json,q15-pair-sleepmode-2/3b,compose.srv2.sleepmode.yml; Available KV cache memory [-5.57] GiB
wake_s,139.8161,s,,,srv2,srv2@hosts.json-decl-2026-09-03,vllm,vllm/vllm-openai@ffb2d59b1c05,Qwen2.5-Coder-3B-Instruct-AWQ+Qwen2.5-Coder-7B-Instruct-AWQ,,AWQ,,8,4096,,n/a,auto,0.26+0.72,yes,service_started,pair,,,unrecorded,cold start,door-return minus earliest StartedAt (vllm_arms.py),2026-09-09,records/measurements/flexibility-2026-09-09/results-q15-sleepmode.json,q15-pair-sleepmode-3,compose.srv2.sleepmode.yml
card_steady_mib,11369,MiB,,,srv2,srv2@hosts.json-decl-2026-09-03,vllm,vllm/vllm-openai@ffb2d59b1c05,Qwen2.5-Coder-3B-Instruct-AWQ+Qwen2.5-Coder-7B-Instruct-AWQ,,AWQ,,8,4096,,n/a,auto,0.26+0.72,yes,service_started,pair,,,unrecorded,,"nvidia-smi memory.used, all units",2026-09-09,records/measurements/flexibility-2026-09-09/results-q15-sleepmode.json,q15-pair-sleepmode-3,compose.srv2.sleepmode.yml
card_peak_minus_steady_mib,0,MiB,,,srv2,srv2@hosts.json-decl-2026-09-03,vllm,vllm/vllm-openai@ffb2d59b1c05,Qwen2.5-Coder-3B-Instruct-AWQ+Qwen2.5-Coder-7B-Instruct-AWQ,,AWQ,,8,4096,,n/a,auto,0.26+0.72,yes,service_started,pair,,,unrecorded,,,2026-09-09,records/measurements/flexibility-2026-09-09/results-q15-sleepmode.json,q15-pair-sleepmode-3,compose.srv2.sleepmode.yml
vllm_host_ram_gib,5.4716,GiB,,,srv2,srv2@hosts.json-decl-2026-09-03,vllm,vllm/vllm-openai@ffb2d59b1c05,Qwen2.5-Coder-3B-Instruct-AWQ+Qwen2.5-Coder-7B-Instruct-AWQ,,AWQ,,8,4096,,n/a,auto,0.26+0.72,yes,service_started,pair,,,unrecorded,,MemAvailable idle minus after,2026-09-09,records/measurements/flexibility-2026-09-09/results-q15-sleepmode.json,q15-pair-sleepmode-3,compose.srv2.sleepmode.yml
restarts,0,count,,,srv2,srv2@hosts.json-decl-2026-09-03,vllm,vllm/vllm-openai@ffb2d59b1c05,Qwen2.5-Coder-7B-Instruct-AWQ,,AWQ,,8,4096,,n/a,auto,0.72,yes,,pair,,,unrecorded,,,2026-09-09,records/measurements/flexibility-2026-09-09/results-q15-sleepmode.json,q15-pair-sleepmode-3/7b,compose.srv2.sleepmode.yml
decode_tok_s,68.9333,tok/s,,,srv2,srv2@hosts.json-decl-2026-09-03,vllm,vllm/vllm-openai@ffb2d59b1c05,Qwen2.5-Coder-7B-Instruct-AWQ,,AWQ,,8,4096,,n/a,auto,0.72,yes,,pair,,,unrecorded,warm (1 discarded + mean of 3),rig.decode_vllm client-side,2026-09-09,records/measurements/flexibility-2026-09-09/results-q15-sleepmode.json,q15-pair-sleepmode-3/7b,"compose.srv2.sleepmode.yml; samples=[68.83, 68.83, 69.14]"
ttft_s,0.175,s,,,srv2,srv2@hosts.json-decl-2026-09-03,vllm,vllm/vllm-openai@ffb2d59b1c05,Qwen2.5-Coder-7B-Instruct-AWQ,,AWQ,,8,4096,,n/a,auto,0.72,yes,,pair,,,unrecorded,warm,,2026-09-09,records/measurements/flexibility-2026-09-09/results-q15-sleepmode.json,q15-pair-sleepmode-3/7b,compose.srv2.sleepmode.yml
start_offset_s,0,s,,,srv2,srv2@hosts.json-decl-2026-09-03,vllm,vllm/vllm-openai@ffb2d59b1c05,Qwen2.5-Coder-7B-Instruct-AWQ,,AWQ,,8,4096,,n/a,auto,0.72,yes,,pair,,,unrecorded,,StartedAt minus earliest StartedAt,2026-09-09,records/measurements/flexibility-2026-09-09/results-q15-sleepmode.json,q15-pair-sleepmode-3/7b,compose.srv2.sleepmode.yml
vllm_nontorch_gib,0.3,GiB,,,srv2,srv2@hosts.json-decl-2026-09-03,vllm,vllm/vllm-openai@ffb2d59b1c05,Qwen2.5-Coder-7B-Instruct-AWQ,,AWQ,,8,4096,,n/a,auto,0.72,yes,,pair,,,unrecorded,,engine line gpu_worker.py:857 (last start),2026-09-09,records/measurements/flexibility-2026-09-09/results-q15-sleepmode.json,q15-pair-sleepmode-3/7b,compose.srv2.sleepmode.yml
vllm_kv_tokens,32496,tokens,,,srv2,srv2@hosts.json-decl-2026-09-03,vllm,vllm/vllm-openai@ffb2d59b1c05,Qwen2.5-Coder-7B-Instruct-AWQ,,AWQ,,8,4096,,n/a,auto,0.72,yes,,pair,,,unrecorded,,engine line kv_cache_utils (last start),2026-09-09,records/measurements/flexibility-2026-09-09/results-q15-sleepmode.json,q15-pair-sleepmode-3/7b,compose.srv2.sleepmode.yml
restarts,1,count,,,srv2,srv2@hosts.json-decl-2026-09-03,vllm,vllm/vllm-openai@ffb2d59b1c05,Qwen2.5-Coder-3B-Instruct-AWQ,,AWQ,,8,4096,,n/a,auto,0.26,yes,service_started,pair,,,unrecorded,,,2026-09-09,records/measurements/flexibility-2026-09-09/results-q15-sleepmode.json,q15-pair-sleepmode-3/3b,compose.srv2.sleepmode.yml
decode_tok_s,128.01,tok/s,,,srv2,srv2@hosts.json-decl-2026-09-03,vllm,vllm/vllm-openai@ffb2d59b1c05,Qwen2.5-Coder-3B-Instruct-AWQ,,AWQ,,8,4096,,n/a,auto,0.26,yes,service_started,pair,,,unrecorded,warm (1 discarded + mean of 3),rig.decode_vllm client-side,2026-09-09,records/measurements/flexibility-2026-09-09/results-q15-sleepmode.json,q15-pair-sleepmode-3/3b,"compose.srv2.sleepmode.yml; samples=[127.74, 127.51, 128.78]"
ttft_s,0.19,s,,,srv2,srv2@hosts.json-decl-2026-09-03,vllm,vllm/vllm-openai@ffb2d59b1c05,Qwen2.5-Coder-3B-Instruct-AWQ,,AWQ,,8,4096,,n/a,auto,0.26,yes,service_started,pair,,,unrecorded,warm,,2026-09-09,records/measurements/flexibility-2026-09-09/results-q15-sleepmode.json,q15-pair-sleepmode-3/3b,compose.srv2.sleepmode.yml
start_offset_s,88,s,,,srv2,srv2@hosts.json-decl-2026-09-03,vllm,vllm/vllm-openai@ffb2d59b1c05,Qwen2.5-Coder-3B-Instruct-AWQ,,AWQ,,8,4096,,n/a,auto,0.26,yes,service_started,pair,,,unrecorded,,StartedAt minus earliest StartedAt,2026-09-09,records/measurements/flexibility-2026-09-09/results-q15-sleepmode.json,q15-pair-sleepmode-3/3b,compose.srv2.sleepmode.yml
vllm_nontorch_gib,0.54,GiB,,,srv2,srv2@hosts.json-decl-2026-09-03,vllm,vllm/vllm-openai@ffb2d59b1c05,Qwen2.5-Coder-3B-Instruct-AWQ,,AWQ,,8,4096,,n/a,auto,0.26,yes,service_started,pair,,,unrecorded,,engine line gpu_worker.py:857 (last start),2026-09-09,records/measurements/flexibility-2026-09-09/results-q15-sleepmode.json,q15-pair-sleepmode-3/3b,compose.srv2.sleepmode.yml
vllm_kv_tokens,42608,tokens,,,srv2,srv2@hosts.json-decl-2026-09-03,vllm,vllm/vllm-openai@ffb2d59b1c05,Qwen2.5-Coder-3B-Instruct-AWQ,,AWQ,,8,4096,,n/a,auto,0.26,yes,service_started,pair,,,unrecorded,,engine line kv_cache_utils (last start),2026-09-09,records/measurements/flexibility-2026-09-09/results-q15-sleepmode.json,q15-pair-sleepmode-3/3b,compose.srv2.sleepmode.yml
vllm_negative_kv_attempts,1,count,,,srv2,srv2@hosts.json-decl-2026-09-03,vllm,vllm/vllm-openai@ffb2d59b1c05,Qwen2.5-Coder-3B-Instruct-AWQ,,AWQ,,8,4096,,n/a,auto,0.26,yes,service_started,pair,,,unrecorded,,,2026-09-09,records/measurements/flexibility-2026-09-09/results-q15-sleepmode.json,q15-pair-sleepmode-3/3b,compose.srv2.sleepmode.yml; Available KV cache memory [-5.57] GiB
wake_s,142.4338,s,,,srv2,srv2@hosts.json-decl-2026-09-03,vllm,vllm/vllm-openai@ffb2d59b1c05,Qwen2.5-Coder-3B-Instruct-AWQ+Qwen2.5-Coder-7B-Instruct-AWQ,,AWQ,,8,4096,,n/a,auto,0.26+0.72,yes,service_started,pair,,,unrecorded,cold start,door-return minus earliest StartedAt (vllm_arms.py),2026-09-09,records/measurements/flexibility-2026-09-09/results-q15-sleepmode.json,q15-pair-sleepmode-4,compose.srv2.sleepmode.yml
card_steady_mib,11257,MiB,,,srv2,srv2@hosts.json-decl-2026-09-03,vllm,vllm/vllm-openai@ffb2d59b1c05,Qwen2.5-Coder-3B-Instruct-AWQ+Qwen2.5-Coder-7B-Instruct-AWQ,,AWQ,,8,4096,,n/a,auto,0.26+0.72,yes,service_started,pair,,,unrecorded,,"nvidia-smi memory.used, all units",2026-09-09,records/measurements/flexibility-2026-09-09/results-q15-sleepmode.json,q15-pair-sleepmode-4,compose.srv2.sleepmode.yml
card_peak_minus_steady_mib,0,MiB,,,srv2,srv2@hosts.json-decl-2026-09-03,vllm,vllm/vllm-openai@ffb2d59b1c05,Qwen2.5-Coder-3B-Instruct-AWQ+Qwen2.5-Coder-7B-Instruct-AWQ,,AWQ,,8,4096,,n/a,auto,0.26+0.72,yes,service_started,pair,,,unrecorded,,,2026-09-09,records/measurements/flexibility-2026-09-09/results-q15-sleepmode.json,q15-pair-sleepmode-4,compose.srv2.sleepmode.yml
vllm_host_ram_gib,5.4165,GiB,,,srv2,srv2@hosts.json-decl-2026-09-03,vllm,vllm/vllm-openai@ffb2d59b1c05,Qwen2.5-Coder-3B-Instruct-AWQ+Qwen2.5-Coder-7B-Instruct-AWQ,,AWQ,,8,4096,,n/a,auto,0.26+0.72,yes,service_started,pair,,,unrecorded,,MemAvailable idle minus after,2026-09-09,records/measurements/flexibility-2026-09-09/results-q15-sleepmode.json,q15-pair-sleepmode-4,compose.srv2.sleepmode.yml
restarts,0,count,,,srv2,srv2@hosts.json-decl-2026-09-03,vllm,vllm/vllm-openai@ffb2d59b1c05,Qwen2.5-Coder-7B-Instruct-AWQ,,AWQ,,8,4096,,n/a,auto,0.72,yes,,pair,,,unrecorded,,,2026-09-09,records/measurements/flexibility-2026-09-09/results-q15-sleepmode.json,q15-pair-sleepmode-4/7b,compose.srv2.sleepmode.yml
decode_tok_s,68.92,tok/s,,,srv2,srv2@hosts.json-decl-2026-09-03,vllm,vllm/vllm-openai@ffb2d59b1c05,Qwen2.5-Coder-7B-Instruct-AWQ,,AWQ,,8,4096,,n/a,auto,0.72,yes,,pair,,,unrecorded,warm (1 discarded + mean of 3),rig.decode_vllm client-side,2026-09-09,records/measurements/flexibility-2026-09-09/results-q15-sleepmode.json,q15-pair-sleepmode-4/7b,"compose.srv2.sleepmode.yml; samples=[68.91, 68.92, 68.93]"
ttft_s,0.1747,s,,,srv2,srv2@hosts.json-decl-2026-09-03,vllm,vllm/vllm-openai@ffb2d59b1c05,Qwen2.5-Coder-7B-Instruct-AWQ,,AWQ,,8,4096,,n/a,auto,0.72,yes,,pair,,,unrecorded,warm,,2026-09-09,records/measurements/flexibility-2026-09-09/results-q15-sleepmode.json,q15-pair-sleepmode-4/7b,compose.srv2.sleepmode.yml
start_offset_s,0,s,,,srv2,srv2@hosts.json-decl-2026-09-03,vllm,vllm/vllm-openai@ffb2d59b1c05,Qwen2.5-Coder-7B-Instruct-AWQ,,AWQ,,8,4096,,n/a,auto,0.72,yes,,pair,,,unrecorded,,StartedAt minus earliest StartedAt,2026-09-09,records/measurements/flexibility-2026-09-09/results-q15-sleepmode.json,q15-pair-sleepmode-4/7b,compose.srv2.sleepmode.yml
vllm_nontorch_gib,0.45,GiB,,,srv2,srv2@hosts.json-decl-2026-09-03,vllm,vllm/vllm-openai@ffb2d59b1c05,Qwen2.5-Coder-7B-Instruct-AWQ,,AWQ,,8,4096,,n/a,auto,0.72,yes,,pair,,,unrecorded,,engine line gpu_worker.py:857 (last start),2026-09-09,records/measurements/flexibility-2026-09-09/results-q15-sleepmode.json,q15-pair-sleepmode-4/7b,compose.srv2.sleepmode.yml
vllm_kv_tokens,29808,tokens,,,srv2,srv2@hosts.json-decl-2026-09-03,vllm,vllm/vllm-openai@ffb2d59b1c05,Qwen2.5-Coder-7B-Instruct-AWQ,,AWQ,,8,4096,,n/a,auto,0.72,yes,,pair,,,unrecorded,,engine line kv_cache_utils (last start),2026-09-09,records/measurements/flexibility-2026-09-09/results-q15-sleepmode.json,q15-pair-sleepmode-4/7b,compose.srv2.sleepmode.yml
restarts,1,count,,,srv2,srv2@hosts.json-decl-2026-09-03,vllm,vllm/vllm-openai@ffb2d59b1c05,Qwen2.5-Coder-3B-Instruct-AWQ,,AWQ,,8,4096,,n/a,auto,0.26,yes,service_started,pair,,,unrecorded,,,2026-09-09,records/measurements/flexibility-2026-09-09/results-q15-sleepmode.json,q15-pair-sleepmode-4/3b,compose.srv2.sleepmode.yml
decode_tok_s,127.87,tok/s,,,srv2,srv2@hosts.json-decl-2026-09-03,vllm,vllm/vllm-openai@ffb2d59b1c05,Qwen2.5-Coder-3B-Instruct-AWQ,,AWQ,,8,4096,,n/a,auto,0.26,yes,service_started,pair,,,unrecorded,warm (1 discarded + mean of 3),rig.decode_vllm client-side,2026-09-09,records/measurements/flexibility-2026-09-09/results-q15-sleepmode.json,q15-pair-sleepmode-4/3b,"compose.srv2.sleepmode.yml; samples=[127.92, 127.81, 127.88]"
ttft_s,0.1837,s,,,srv2,srv2@hosts.json-decl-2026-09-03,vllm,vllm/vllm-openai@ffb2d59b1c05,Qwen2.5-Coder-3B-Instruct-AWQ,,AWQ,,8,4096,,n/a,auto,0.26,yes,service_started,pair,,,unrecorded,warm,,2026-09-09,records/measurements/flexibility-2026-09-09/results-q15-sleepmode.json,q15-pair-sleepmode-4/3b,compose.srv2.sleepmode.yml
start_offset_s,90,s,,,srv2,srv2@hosts.json-decl-2026-09-03,vllm,vllm/vllm-openai@ffb2d59b1c05,Qwen2.5-Coder-3B-Instruct-AWQ,,AWQ,,8,4096,,n/a,auto,0.26,yes,service_started,pair,,,unrecorded,,StartedAt minus earliest StartedAt,2026-09-09,records/measurements/flexibility-2026-09-09/results-q15-sleepmode.json,q15-pair-sleepmode-4/3b,compose.srv2.sleepmode.yml
vllm_nontorch_gib,0.54,GiB,,,srv2,srv2@hosts.json-decl-2026-09-03,vllm,vllm/vllm-openai@ffb2d59b1c05,Qwen2.5-Coder-3B-Instruct-AWQ,,AWQ,,8,4096,,n/a,auto,0.26,yes,service_started,pair,,,unrecorded,,engine line gpu_worker.py:857 (last start),2026-09-09,records/measurements/flexibility-2026-09-09/results-q15-sleepmode.json,q15-pair-sleepmode-4/3b,compose.srv2.sleepmode.yml
vllm_kv_tokens,42608,tokens,,,srv2,srv2@hosts.json-decl-2026-09-03,vllm,vllm/vllm-openai@ffb2d59b1c05,Qwen2.5-Coder-3B-Instruct-AWQ,,AWQ,,8,4096,,n/a,auto,0.26,yes,service_started,pair,,,unrecorded,,engine line kv_cache_utils (last start),2026-09-09,records/measurements/flexibility-2026-09-09/results-q15-sleepmode.json,q15-pair-sleepmode-4/3b,compose.srv2.sleepmode.yml
vllm_negative_kv_attempts,1,count,,,srv2,srv2@hosts.json-decl-2026-09-03,vllm,vllm/vllm-openai@ffb2d59b1c05,Qwen2.5-Coder-3B-Instruct-AWQ,,AWQ,,8,4096,,n/a,auto,0.26,yes,service_started,pair,,,unrecorded,,,2026-09-09,records/measurements/flexibility-2026-09-09/results-q15-sleepmode.json,q15-pair-sleepmode-4/3b,compose.srv2.sleepmode.yml; Available KV cache memory [-5.43] GiB
wake_s,111.172,s,,,srv2,srv2@hosts.json-decl-2026-09-03,vllm,vllm/vllm-openai@ffb2d59b1c05,Qwen3-4B-AWQ,,AWQ,,128,2048,,n/a,auto,0.90,no,,alone,,,unrecorded,cold start,door-return minus StartedAt,2026-09-10,records/measurements/measuring-gaps-2026-09-10/results-q2-vllm-fp8.json,q2-q34b-fp16-1,
card_steady_mib,10943,MiB,,,srv2,srv2@hosts.json-decl-2026-09-03,vllm,vllm/vllm-openai@ffb2d59b1c05,Qwen3-4B-AWQ,,AWQ,,128,2048,,n/a,auto,0.90,no,,alone,,,unrecorded,,,2026-09-10,records/measurements/measuring-gaps-2026-09-10/results-q2-vllm-fp8.json,q2-q34b-fp16-1,
card_peak_minus_steady_mib,0,MiB,,,srv2,srv2@hosts.json-decl-2026-09-03,vllm,vllm/vllm-openai@ffb2d59b1c05,Qwen3-4B-AWQ,,AWQ,,128,2048,,n/a,auto,0.90,no,,alone,,,unrecorded,,,2026-09-10,records/measurements/measuring-gaps-2026-09-10/results-q2-vllm-fp8.json,q2-q34b-fp16-1,
decode_tok_s,103.83,tok/s,,,srv2,srv2@hosts.json-decl-2026-09-03,vllm,vllm/vllm-openai@ffb2d59b1c05,Qwen3-4B-AWQ,,AWQ,,128,2048,,n/a,auto,0.90,no,,alone,,,unrecorded,warm (1 discarded + mean),vllm_fp8_kv.py:131,2026-09-10,records/measurements/measuring-gaps-2026-09-10/results-q2-vllm-fp8.json,q2-q34b-fp16-1,
vllm_kv_tokens,52192,tokens,,,srv2,srv2@hosts.json-decl-2026-09-03,vllm,vllm/vllm-openai@ffb2d59b1c05,Qwen3-4B-AWQ,,AWQ,,128,2048,,n/a,auto,0.90,no,,alone,,,unrecorded,,,2026-09-10,records/measurements/measuring-gaps-2026-09-10/results-q2-vllm-fp8.json,q2-q34b-fp16-1,
wake_s,110.9706,s,,,srv2,srv2@hosts.json-decl-2026-09-03,vllm,vllm/vllm-openai@ffb2d59b1c05,Qwen3-4B-AWQ,,AWQ,,128,2048,,n/a,auto,0.90,no,,alone,,,unrecorded,cold start,door-return minus StartedAt,2026-09-10,records/measurements/measuring-gaps-2026-09-10/results-q2-vllm-fp8.json,q2-q34b-fp16-2,
card_steady_mib,10943,MiB,,,srv2,srv2@hosts.json-decl-2026-09-03,vllm,vllm/vllm-openai@ffb2d59b1c05,Qwen3-4B-AWQ,,AWQ,,128,2048,,n/a,auto,0.90,no,,alone,,,unrecorded,,,2026-09-10,records/measurements/measuring-gaps-2026-09-10/results-q2-vllm-fp8.json,q2-q34b-fp16-2,
card_peak_minus_steady_mib,0,MiB,,,srv2,srv2@hosts.json-decl-2026-09-03,vllm,vllm/vllm-openai@ffb2d59b1c05,Qwen3-4B-AWQ,,AWQ,,128,2048,,n/a,auto,0.90,no,,alone,,,unrecorded,,,2026-09-10,records/measurements/measuring-gaps-2026-09-10/results-q2-vllm-fp8.json,q2-q34b-fp16-2,
decode_tok_s,103.87,tok/s,,,srv2,srv2@hosts.json-decl-2026-09-03,vllm,vllm/vllm-openai@ffb2d59b1c05,Qwen3-4B-AWQ,,AWQ,,128,2048,,n/a,auto,0.90,no,,alone,,,unrecorded,warm (1 discarded + mean),vllm_fp8_kv.py:131,2026-09-10,records/measurements/measuring-gaps-2026-09-10/results-q2-vllm-fp8.json,q2-q34b-fp16-2,
vllm_kv_tokens,52192,tokens,,,srv2,srv2@hosts.json-decl-2026-09-03,vllm,vllm/vllm-openai@ffb2d59b1c05,Qwen3-4B-AWQ,,AWQ,,128,2048,,n/a,auto,0.90,no,,alone,,,unrecorded,,,2026-09-10,records/measurements/measuring-gaps-2026-09-10/results-q2-vllm-fp8.json,q2-q34b-fp16-2,
wake_s,110.2708,s,,,srv2,srv2@hosts.json-decl-2026-09-03,vllm,vllm/vllm-openai@ffb2d59b1c05,Qwen3-4B-AWQ,,AWQ,,128,2048,,n/a,fp8,0.90,no,,alone,,,unrecorded,cold start,door-return minus StartedAt,2026-09-10,records/measurements/measuring-gaps-2026-09-10/results-q2-vllm-fp8.json,q2-q34b-fp8-1,
card_steady_mib,11503,MiB,,,srv2,srv2@hosts.json-decl-2026-09-03,vllm,vllm/vllm-openai@ffb2d59b1c05,Qwen3-4B-AWQ,,AWQ,,128,2048,,n/a,fp8,0.90,no,,alone,,,unrecorded,,,2026-09-10,records/measurements/measuring-gaps-2026-09-10/results-q2-vllm-fp8.json,q2-q34b-fp8-1,
card_peak_minus_steady_mib,0,MiB,,,srv2,srv2@hosts.json-decl-2026-09-03,vllm,vllm/vllm-openai@ffb2d59b1c05,Qwen3-4B-AWQ,,AWQ,,128,2048,,n/a,fp8,0.90,no,,alone,,,unrecorded,,,2026-09-10,records/measurements/measuring-gaps-2026-09-10/results-q2-vllm-fp8.json,q2-q34b-fp8-1,
decode_tok_s,100.37,tok/s,,,srv2,srv2@hosts.json-decl-2026-09-03,vllm,vllm/vllm-openai@ffb2d59b1c05,Qwen3-4B-AWQ,,AWQ,,128,2048,,n/a,fp8,0.90,no,,alone,,,unrecorded,warm (1 discarded + mean),vllm_fp8_kv.py:131,2026-09-10,records/measurements/measuring-gaps-2026-09-10/results-q2-vllm-fp8.json,q2-q34b-fp8-1,
vllm_kv_tokens,104400,tokens,,,srv2,srv2@hosts.json-decl-2026-09-03,vllm,vllm/vllm-openai@ffb2d59b1c05,Qwen3-4B-AWQ,,AWQ,,128,2048,,n/a,fp8,0.90,no,,alone,,,unrecorded,,,2026-09-10,records/measurements/measuring-gaps-2026-09-10/results-q2-vllm-fp8.json,q2-q34b-fp8-1,
wake_s,111.1362,s,,,srv2,srv2@hosts.json-decl-2026-09-03,vllm,vllm/vllm-openai@ffb2d59b1c05,Qwen3-4B-AWQ,,AWQ,,128,2048,,n/a,fp8,0.90,no,,alone,,,unrecorded,cold start,door-return minus StartedAt,2026-09-10,records/measurements/measuring-gaps-2026-09-10/results-q2-vllm-fp8.json,q2-q34b-fp8-2,
card_steady_mib,11503,MiB,,,srv2,srv2@hosts.json-decl-2026-09-03,vllm,vllm/vllm-openai@ffb2d59b1c05,Qwen3-4B-AWQ,,AWQ,,128,2048,,n/a,fp8,0.90,no,,alone,,,unrecorded,,,2026-09-10,records/measurements/measuring-gaps-2026-09-10/results-q2-vllm-fp8.json,q2-q34b-fp8-2,
card_peak_minus_steady_mib,0,MiB,,,srv2,srv2@hosts.json-decl-2026-09-03,vllm,vllm/vllm-openai@ffb2d59b1c05,Qwen3-4B-AWQ,,AWQ,,128,2048,,n/a,fp8,0.90,no,,alone,,,unrecorded,,,2026-09-10,records/measurements/measuring-gaps-2026-09-10/results-q2-vllm-fp8.json,q2-q34b-fp8-2,
decode_tok_s,100.18,tok/s,,,srv2,srv2@hosts.json-decl-2026-09-03,vllm,vllm/vllm-openai@ffb2d59b1c05,Qwen3-4B-AWQ,,AWQ,,128,2048,,n/a,fp8,0.90,no,,alone,,,unrecorded,warm (1 discarded + mean),vllm_fp8_kv.py:131,2026-09-10,records/measurements/measuring-gaps-2026-09-10/results-q2-vllm-fp8.json,q2-q34b-fp8-2,
vllm_kv_tokens,104400,tokens,,,srv2,srv2@hosts.json-decl-2026-09-03,vllm,vllm/vllm-openai@ffb2d59b1c05,Qwen3-4B-AWQ,,AWQ,,128,2048,,n/a,fp8,0.90,no,,alone,,,unrecorded,,,2026-09-10,records/measurements/measuring-gaps-2026-09-10/results-q2-vllm-fp8.json,q2-q34b-fp8-2,
wake_s,141.9093,s,,,srv2,srv2@hosts.json-decl-2026-09-03,vllm,vllm/vllm-openai@ffb2d59b1c05,Qwen2.5-Coder-3B-Instruct-AWQ+Qwen2.5-Coder-7B-Instruct-AWQ,,AWQ,,8,4096,,n/a,auto,0.26+0.72,yes,service_started,pair,,,unrecorded,cold start,door-return minus earliest StartedAt,2026-09-10,records/measurements/flexibility-2026-09-09/results-q15-cycles.json,q15c-sleepmode-1,compose.srv2.sleepmode.yml
card_peak_mib,11257,MiB,,,srv2,srv2@hosts.json-decl-2026-09-03,vllm,vllm/vllm-openai@ffb2d59b1c05,Qwen2.5-Coder-3B-Instruct-AWQ+Qwen2.5-Coder-7B-Instruct-AWQ,,AWQ,,8,4096,,n/a,auto,0.26+0.72,yes,service_started,pair,,,unrecorded,,,2026-09-10,records/measurements/flexibility-2026-09-09/results-q15-cycles.json,q15c-sleepmode-1,compose.srv2.sleepmode.yml
restarts,1,count,,,srv2,srv2@hosts.json-decl-2026-09-03,vllm,vllm/vllm-openai@ffb2d59b1c05,Qwen2.5-Coder-3B-Instruct-AWQ,,AWQ,,8,4096,,n/a,auto,0.26,yes,service_started,pair,,,unrecorded,,,2026-09-10,records/measurements/flexibility-2026-09-09/results-q15-cycles.json,q15c-sleepmode-1/3b,compose.srv2.sleepmode.yml
vllm_unit_card_cold_mib,3810,MiB,,,srv2,srv2@hosts.json-decl-2026-09-03,vllm,vllm/vllm-openai@ffb2d59b1c05,Qwen2.5-Coder-3B-Instruct-AWQ,,AWQ,,8,4096,,n/a,auto,0.26,yes,service_started,pair,,,unrecorded,after cold start,"nvidia-smi per pid, cgroup-attributed",2026-09-10,records/measurements/flexibility-2026-09-09/results-q15-cycles.json,q15c-sleepmode-1/serving-0/3b,compose.srv2.sleepmode.yml
decode_tok_s,127.72,tok/s,,,srv2,srv2@hosts.json-decl-2026-09-03,vllm,vllm/vllm-openai@ffb2d59b1c05,Qwen2.5-Coder-3B-Instruct-AWQ,,AWQ,,8,4096,,n/a,auto,0.26,yes,service_started,pair,,,unrecorded,"single sample, no discard (first request after cold start)",sleep_cycles.tok -> rig.decode_vllm,2026-09-10,records/measurements/flexibility-2026-09-09/results-q15-cycles.json,q15c-sleepmode-1/serving-0/3b,compose.srv2.sleepmode.yml
decode_tok_s,127.75,tok/s,,,srv2,srv2@hosts.json-decl-2026-09-03,vllm,vllm/vllm-openai@ffb2d59b1c05,Qwen2.5-Coder-3B-Instruct-AWQ,,AWQ,,8,4096,,n/a,auto,0.26,yes,service_started,pair,,,unrecorded,"single sample, no discard (first request after L2 wake)",sleep_cycles.tok -> rig.decode_vllm,2026-09-10,records/measurements/flexibility-2026-09-09/results-q15-cycles.json,q15c-sleepmode-1/serving-1/3b,compose.srv2.sleepmode.yml
decode_tok_s,127.78,tok/s,,,srv2,srv2@hosts.json-decl-2026-09-03,vllm,vllm/vllm-openai@ffb2d59b1c05,Qwen2.5-Coder-3B-Instruct-AWQ,,AWQ,,8,4096,,n/a,auto,0.26,yes,service_started,pair,,,unrecorded,"single sample, no discard (first request after L2 wake)",sleep_cycles.tok -> rig.decode_vllm,2026-09-10,records/measurements/flexibility-2026-09-09/results-q15-cycles.json,q15c-sleepmode-1/serving-2/3b,compose.srv2.sleepmode.yml
decode_tok_s,127.72,tok/s,,,srv2,srv2@hosts.json-decl-2026-09-03,vllm,vllm/vllm-openai@ffb2d59b1c05,Qwen2.5-Coder-3B-Instruct-AWQ,,AWQ,,8,4096,,n/a,auto,0.26,yes,service_started,pair,,,unrecorded,"single sample, no discard (first request after L2 wake)",sleep_cycles.tok -> rig.decode_vllm,2026-09-10,records/measurements/flexibility-2026-09-09/results-q15-cycles.json,q15c-sleepmode-1/serving-3/3b,compose.srv2.sleepmode.yml
vllm_L2_residual_mib,228,MiB,,,srv2,srv2@hosts.json-decl-2026-09-03,vllm,vllm/vllm-openai@ffb2d59b1c05,Qwen2.5-Coder-3B-Instruct-AWQ,,AWQ,,8,4096,,n/a,auto,0.26,yes,service_started,pair,,,unrecorded,,"per pid, cgroup-attributed",2026-09-10,records/measurements/flexibility-2026-09-09/results-q15-cycles.json,q15c-sleepmode-1/cycle1/3b,compose.srv2.sleepmode.yml
vllm_unit_card_after_wake_mib,3790,MiB,,,srv2,srv2@hosts.json-decl-2026-09-03,vllm,vllm/vllm-openai@ffb2d59b1c05,Qwen2.5-Coder-3B-Instruct-AWQ,,AWQ,,8,4096,,n/a,auto,0.26,yes,service_started,pair,,,unrecorded,,,2026-09-10,records/measurements/flexibility-2026-09-09/results-q15-cycles.json,q15c-sleepmode-1/cycle1/3b,compose.srv2.sleepmode.yml
vllm_cold_minus_wake_card_mib,20,MiB,,,srv2,srv2@hosts.json-decl-2026-09-03,vllm,vllm/vllm-openai@ffb2d59b1c05,Qwen2.5-Coder-3B-Instruct-AWQ,,AWQ,,8,4096,,n/a,auto,0.26,yes,service_started,pair,,,unrecorded,,,2026-09-10,records/measurements/flexibility-2026-09-09/results-q15-cycles.json,q15c-sleepmode-1/cycle1/3b,compose.srv2.sleepmode.yml
wake_s_vllm_L2,0.24,s,,,srv2,srv2@hosts.json-decl-2026-09-03,vllm,vllm/vllm-openai@ffb2d59b1c05,Qwen2.5-Coder-3B-Instruct-AWQ,,AWQ,,8,4096,,n/a,auto,0.26,yes,service_started,pair,,,unrecorded,L2 wake,POST /wake_up round trip,2026-09-10,records/measurements/flexibility-2026-09-09/results-q15-cycles.json,q15c-sleepmode-1/cycle1/3b,compose.srv2.sleepmode.yml
sleep_s_vllm_L2,0.252,s,,,srv2,srv2@hosts.json-decl-2026-09-03,vllm,vllm/vllm-openai@ffb2d59b1c05,Qwen2.5-Coder-3B-Instruct-AWQ,,AWQ,,8,4096,,n/a,auto,0.26,yes,service_started,pair,,,unrecorded,,POST /sleep?level=2 round trip,2026-09-10,records/measurements/flexibility-2026-09-09/results-q15-cycles.json,q15c-sleepmode-1/cycle1/3b,compose.srv2.sleepmode.yml
vllm_L2_residual_mib,228,MiB,,,srv2,srv2@hosts.json-decl-2026-09-03,vllm,vllm/vllm-openai@ffb2d59b1c05,Qwen2.5-Coder-3B-Instruct-AWQ,,AWQ,,8,4096,,n/a,auto,0.26,yes,service_started,pair,,,unrecorded,,"per pid, cgroup-attributed",2026-09-10,records/measurements/flexibility-2026-09-09/results-q15-cycles.json,q15c-sleepmode-1/cycle2/3b,compose.srv2.sleepmode.yml
vllm_unit_card_after_wake_mib,3790,MiB,,,srv2,srv2@hosts.json-decl-2026-09-03,vllm,vllm/vllm-openai@ffb2d59b1c05,Qwen2.5-Coder-3B-Instruct-AWQ,,AWQ,,8,4096,,n/a,auto,0.26,yes,service_started,pair,,,unrecorded,,,2026-09-10,records/measurements/flexibility-2026-09-09/results-q15-cycles.json,q15c-sleepmode-1/cycle2/3b,compose.srv2.sleepmode.yml
vllm_cold_minus_wake_card_mib,20,MiB,,,srv2,srv2@hosts.json-decl-2026-09-03,vllm,vllm/vllm-openai@ffb2d59b1c05,Qwen2.5-Coder-3B-Instruct-AWQ,,AWQ,,8,4096,,n/a,auto,0.26,yes,service_started,pair,,,unrecorded,,,2026-09-10,records/measurements/flexibility-2026-09-09/results-q15-cycles.json,q15c-sleepmode-1/cycle2/3b,compose.srv2.sleepmode.yml
wake_s_vllm_L2,0.243,s,,,srv2,srv2@hosts.json-decl-2026-09-03,vllm,vllm/vllm-openai@ffb2d59b1c05,Qwen2.5-Coder-3B-Instruct-AWQ,,AWQ,,8,4096,,n/a,auto,0.26,yes,service_started,pair,,,unrecorded,L2 wake,POST /wake_up round trip,2026-09-10,records/measurements/flexibility-2026-09-09/results-q15-cycles.json,q15c-sleepmode-1/cycle2/3b,compose.srv2.sleepmode.yml
sleep_s_vllm_L2,0.238,s,,,srv2,srv2@hosts.json-decl-2026-09-03,vllm,vllm/vllm-openai@ffb2d59b1c05,Qwen2.5-Coder-3B-Instruct-AWQ,,AWQ,,8,4096,,n/a,auto,0.26,yes,service_started,pair,,,unrecorded,,POST /sleep?level=2 round trip,2026-09-10,records/measurements/flexibility-2026-09-09/results-q15-cycles.json,q15c-sleepmode-1/cycle2/3b,compose.srv2.sleepmode.yml
vllm_L2_residual_mib,228,MiB,,,srv2,srv2@hosts.json-decl-2026-09-03,vllm,vllm/vllm-openai@ffb2d59b1c05,Qwen2.5-Coder-3B-Instruct-AWQ,,AWQ,,8,4096,,n/a,auto,0.26,yes,service_started,pair,,,unrecorded,,"per pid, cgroup-attributed",2026-09-10,records/measurements/flexibility-2026-09-09/results-q15-cycles.json,q15c-sleepmode-1/cycle3/3b,compose.srv2.sleepmode.yml
vllm_unit_card_after_wake_mib,3790,MiB,,,srv2,srv2@hosts.json-decl-2026-09-03,vllm,vllm/vllm-openai@ffb2d59b1c05,Qwen2.5-Coder-3B-Instruct-AWQ,,AWQ,,8,4096,,n/a,auto,0.26,yes,service_started,pair,,,unrecorded,,,2026-09-10,records/measurements/flexibility-2026-09-09/results-q15-cycles.json,q15c-sleepmode-1/cycle3/3b,compose.srv2.sleepmode.yml
vllm_cold_minus_wake_card_mib,20,MiB,,,srv2,srv2@hosts.json-decl-2026-09-03,vllm,vllm/vllm-openai@ffb2d59b1c05,Qwen2.5-Coder-3B-Instruct-AWQ,,AWQ,,8,4096,,n/a,auto,0.26,yes,service_started,pair,,,unrecorded,,,2026-09-10,records/measurements/flexibility-2026-09-09/results-q15-cycles.json,q15c-sleepmode-1/cycle3/3b,compose.srv2.sleepmode.yml
wake_s_vllm_L2,0.241,s,,,srv2,srv2@hosts.json-decl-2026-09-03,vllm,vllm/vllm-openai@ffb2d59b1c05,Qwen2.5-Coder-3B-Instruct-AWQ,,AWQ,,8,4096,,n/a,auto,0.26,yes,service_started,pair,,,unrecorded,L2 wake,POST /wake_up round trip,2026-09-10,records/measurements/flexibility-2026-09-09/results-q15-cycles.json,q15c-sleepmode-1/cycle3/3b,compose.srv2.sleepmode.yml
sleep_s_vllm_L2,0.238,s,,,srv2,srv2@hosts.json-decl-2026-09-03,vllm,vllm/vllm-openai@ffb2d59b1c05,Qwen2.5-Coder-3B-Instruct-AWQ,,AWQ,,8,4096,,n/a,auto,0.26,yes,service_started,pair,,,unrecorded,,POST /sleep?level=2 round trip,2026-09-10,records/measurements/flexibility-2026-09-09/results-q15-cycles.json,q15c-sleepmode-1/cycle3/3b,compose.srv2.sleepmode.yml
restarts,0,count,,,srv2,srv2@hosts.json-decl-2026-09-03,vllm,vllm/vllm-openai@ffb2d59b1c05,Qwen2.5-Coder-7B-Instruct-AWQ,,AWQ,,8,4096,,n/a,auto,0.72,yes,service_started,pair,,,unrecorded,,,2026-09-10,records/measurements/flexibility-2026-09-09/results-q15-cycles.json,q15c-sleepmode-1/7b,compose.srv2.sleepmode.yml
vllm_unit_card_cold_mib,7432,MiB,,,srv2,srv2@hosts.json-decl-2026-09-03,vllm,vllm/vllm-openai@ffb2d59b1c05,Qwen2.5-Coder-7B-Instruct-AWQ,,AWQ,,8,4096,,n/a,auto,0.72,yes,service_started,pair,,,unrecorded,after cold start,"nvidia-smi per pid, cgroup-attributed",2026-09-10,records/measurements/flexibility-2026-09-09/results-q15-cycles.json,q15c-sleepmode-1/serving-0/7b,compose.srv2.sleepmode.yml
decode_tok_s,68.85,tok/s,,,srv2,srv2@hosts.json-decl-2026-09-03,vllm,vllm/vllm-openai@ffb2d59b1c05,Qwen2.5-Coder-7B-Instruct-AWQ,,AWQ,,8,4096,,n/a,auto,0.72,yes,service_started,pair,,,unrecorded,"single sample, no discard (first request after cold start)",sleep_cycles.tok -> rig.decode_vllm,2026-09-10,records/measurements/flexibility-2026-09-09/results-q15-cycles.json,q15c-sleepmode-1/serving-0/7b,compose.srv2.sleepmode.yml
decode_tok_s,68.85,tok/s,,,srv2,srv2@hosts.json-decl-2026-09-03,vllm,vllm/vllm-openai@ffb2d59b1c05,Qwen2.5-Coder-7B-Instruct-AWQ,,AWQ,,8,4096,,n/a,auto,0.72,yes,service_started,pair,,,unrecorded,"single sample, no discard (first request after L2 wake)",sleep_cycles.tok -> rig.decode_vllm,2026-09-10,records/measurements/flexibility-2026-09-09/results-q15-cycles.json,q15c-sleepmode-1/serving-1/7b,compose.srv2.sleepmode.yml
decode_tok_s,68.87,tok/s,,,srv2,srv2@hosts.json-decl-2026-09-03,vllm,vllm/vllm-openai@ffb2d59b1c05,Qwen2.5-Coder-7B-Instruct-AWQ,,AWQ,,8,4096,,n/a,auto,0.72,yes,service_started,pair,,,unrecorded,"single sample, no discard (first request after L2 wake)",sleep_cycles.tok -> rig.decode_vllm,2026-09-10,records/measurements/flexibility-2026-09-09/results-q15-cycles.json,q15c-sleepmode-1/serving-2/7b,compose.srv2.sleepmode.yml
decode_tok_s,68.89,tok/s,,,srv2,srv2@hosts.json-decl-2026-09-03,vllm,vllm/vllm-openai@ffb2d59b1c05,Qwen2.5-Coder-7B-Instruct-AWQ,,AWQ,,8,4096,,n/a,auto,0.72,yes,service_started,pair,,,unrecorded,"single sample, no discard (first request after L2 wake)",sleep_cycles.tok -> rig.decode_vllm,2026-09-10,records/measurements/flexibility-2026-09-09/results-q15-cycles.json,q15c-sleepmode-1/serving-3/7b,compose.srv2.sleepmode.yml
vllm_L2_residual_mib,234,MiB,,,srv2,srv2@hosts.json-decl-2026-09-03,vllm,vllm/vllm-openai@ffb2d59b1c05,Qwen2.5-Coder-7B-Instruct-AWQ,,AWQ,,8,4096,,n/a,auto,0.72,yes,service_started,pair,,,unrecorded,,"per pid, cgroup-attributed",2026-09-10,records/measurements/flexibility-2026-09-09/results-q15-cycles.json,q15c-sleepmode-1/cycle1/7b,compose.srv2.sleepmode.yml
vllm_unit_card_after_wake_mib,7412,MiB,,,srv2,srv2@hosts.json-decl-2026-09-03,vllm,vllm/vllm-openai@ffb2d59b1c05,Qwen2.5-Coder-7B-Instruct-AWQ,,AWQ,,8,4096,,n/a,auto,0.72,yes,service_started,pair,,,unrecorded,,,2026-09-10,records/measurements/flexibility-2026-09-09/results-q15-cycles.json,q15c-sleepmode-1/cycle1/7b,compose.srv2.sleepmode.yml
vllm_cold_minus_wake_card_mib,20,MiB,,,srv2,srv2@hosts.json-decl-2026-09-03,vllm,vllm/vllm-openai@ffb2d59b1c05,Qwen2.5-Coder-7B-Instruct-AWQ,,AWQ,,8,4096,,n/a,auto,0.72,yes,service_started,pair,,,unrecorded,,,2026-09-10,records/measurements/flexibility-2026-09-09/results-q15-cycles.json,q15c-sleepmode-1/cycle1/7b,compose.srv2.sleepmode.yml
wake_s_vllm_L2,0.312,s,,,srv2,srv2@hosts.json-decl-2026-09-03,vllm,vllm/vllm-openai@ffb2d59b1c05,Qwen2.5-Coder-7B-Instruct-AWQ,,AWQ,,8,4096,,n/a,auto,0.72,yes,service_started,pair,,,unrecorded,L2 wake,POST /wake_up round trip,2026-09-10,records/measurements/flexibility-2026-09-09/results-q15-cycles.json,q15c-sleepmode-1/cycle1/7b,compose.srv2.sleepmode.yml
sleep_s_vllm_L2,0.323,s,,,srv2,srv2@hosts.json-decl-2026-09-03,vllm,vllm/vllm-openai@ffb2d59b1c05,Qwen2.5-Coder-7B-Instruct-AWQ,,AWQ,,8,4096,,n/a,auto,0.72,yes,service_started,pair,,,unrecorded,,POST /sleep?level=2 round trip,2026-09-10,records/measurements/flexibility-2026-09-09/results-q15-cycles.json,q15c-sleepmode-1/cycle1/7b,compose.srv2.sleepmode.yml
vllm_L2_residual_mib,234,MiB,,,srv2,srv2@hosts.json-decl-2026-09-03,vllm,vllm/vllm-openai@ffb2d59b1c05,Qwen2.5-Coder-7B-Instruct-AWQ,,AWQ,,8,4096,,n/a,auto,0.72,yes,service_started,pair,,,unrecorded,,"per pid, cgroup-attributed",2026-09-10,records/measurements/flexibility-2026-09-09/results-q15-cycles.json,q15c-sleepmode-1/cycle2/7b,compose.srv2.sleepmode.yml
vllm_unit_card_after_wake_mib,7412,MiB,,,srv2,srv2@hosts.json-decl-2026-09-03,vllm,vllm/vllm-openai@ffb2d59b1c05,Qwen2.5-Coder-7B-Instruct-AWQ,,AWQ,,8,4096,,n/a,auto,0.72,yes,service_started,pair,,,unrecorded,,,2026-09-10,records/measurements/flexibility-2026-09-09/results-q15-cycles.json,q15c-sleepmode-1/cycle2/7b,compose.srv2.sleepmode.yml
vllm_cold_minus_wake_card_mib,20,MiB,,,srv2,srv2@hosts.json-decl-2026-09-03,vllm,vllm/vllm-openai@ffb2d59b1c05,Qwen2.5-Coder-7B-Instruct-AWQ,,AWQ,,8,4096,,n/a,auto,0.72,yes,service_started,pair,,,unrecorded,,,2026-09-10,records/measurements/flexibility-2026-09-09/results-q15-cycles.json,q15c-sleepmode-1/cycle2/7b,compose.srv2.sleepmode.yml
wake_s_vllm_L2,0.322,s,,,srv2,srv2@hosts.json-decl-2026-09-03,vllm,vllm/vllm-openai@ffb2d59b1c05,Qwen2.5-Coder-7B-Instruct-AWQ,,AWQ,,8,4096,,n/a,auto,0.72,yes,service_started,pair,,,unrecorded,L2 wake,POST /wake_up round trip,2026-09-10,records/measurements/flexibility-2026-09-09/results-q15-cycles.json,q15c-sleepmode-1/cycle2/7b,compose.srv2.sleepmode.yml
sleep_s_vllm_L2,0.289,s,,,srv2,srv2@hosts.json-decl-2026-09-03,vllm,vllm/vllm-openai@ffb2d59b1c05,Qwen2.5-Coder-7B-Instruct-AWQ,,AWQ,,8,4096,,n/a,auto,0.72,yes,service_started,pair,,,unrecorded,,POST /sleep?level=2 round trip,2026-09-10,records/measurements/flexibility-2026-09-09/results-q15-cycles.json,q15c-sleepmode-1/cycle2/7b,compose.srv2.sleepmode.yml
vllm_L2_residual_mib,234,MiB,,,srv2,srv2@hosts.json-decl-2026-09-03,vllm,vllm/vllm-openai@ffb2d59b1c05,Qwen2.5-Coder-7B-Instruct-AWQ,,AWQ,,8,4096,,n/a,auto,0.72,yes,service_started,pair,,,unrecorded,,"per pid, cgroup-attributed",2026-09-10,records/measurements/flexibility-2026-09-09/results-q15-cycles.json,q15c-sleepmode-1/cycle3/7b,compose.srv2.sleepmode.yml
vllm_unit_card_after_wake_mib,7412,MiB,,,srv2,srv2@hosts.json-decl-2026-09-03,vllm,vllm/vllm-openai@ffb2d59b1c05,Qwen2.5-Coder-7B-Instruct-AWQ,,AWQ,,8,4096,,n/a,auto,0.72,yes,service_started,pair,,,unrecorded,,,2026-09-10,records/measurements/flexibility-2026-09-09/results-q15-cycles.json,q15c-sleepmode-1/cycle3/7b,compose.srv2.sleepmode.yml
vllm_cold_minus_wake_card_mib,20,MiB,,,srv2,srv2@hosts.json-decl-2026-09-03,vllm,vllm/vllm-openai@ffb2d59b1c05,Qwen2.5-Coder-7B-Instruct-AWQ,,AWQ,,8,4096,,n/a,auto,0.72,yes,service_started,pair,,,unrecorded,,,2026-09-10,records/measurements/flexibility-2026-09-09/results-q15-cycles.json,q15c-sleepmode-1/cycle3/7b,compose.srv2.sleepmode.yml
wake_s_vllm_L2,0.317,s,,,srv2,srv2@hosts.json-decl-2026-09-03,vllm,vllm/vllm-openai@ffb2d59b1c05,Qwen2.5-Coder-7B-Instruct-AWQ,,AWQ,,8,4096,,n/a,auto,0.72,yes,service_started,pair,,,unrecorded,L2 wake,POST /wake_up round trip,2026-09-10,records/measurements/flexibility-2026-09-09/results-q15-cycles.json,q15c-sleepmode-1/cycle3/7b,compose.srv2.sleepmode.yml
sleep_s_vllm_L2,0.313,s,,,srv2,srv2@hosts.json-decl-2026-09-03,vllm,vllm/vllm-openai@ffb2d59b1c05,Qwen2.5-Coder-7B-Instruct-AWQ,,AWQ,,8,4096,,n/a,auto,0.72,yes,service_started,pair,,,unrecorded,,POST /sleep?level=2 round trip,2026-09-10,records/measurements/flexibility-2026-09-09/results-q15-cycles.json,q15c-sleepmode-1/cycle3/7b,compose.srv2.sleepmode.yml
wake_s,143.0635,s,,,srv2,srv2@hosts.json-decl-2026-09-03,vllm,vllm/vllm-openai@ffb2d59b1c05,Qwen2.5-Coder-3B-Instruct-AWQ+Qwen2.5-Coder-7B-Instruct-AWQ,,AWQ,,8,4096,,n/a,auto,0.26+0.72,yes,service_started,pair,,,unrecorded,cold start,door-return minus earliest StartedAt,2026-09-10,records/measurements/flexibility-2026-09-09/results-q15-cycles.json,q15c-sleepmode-2,compose.srv2.sleepmode.yml
card_peak_mib,10753,MiB,,,srv2,srv2@hosts.json-decl-2026-09-03,vllm,vllm/vllm-openai@ffb2d59b1c05,Qwen2.5-Coder-3B-Instruct-AWQ+Qwen2.5-Coder-7B-Instruct-AWQ,,AWQ,,8,4096,,n/a,auto,0.26+0.72,yes,service_started,pair,,,unrecorded,,,2026-09-10,records/measurements/flexibility-2026-09-09/results-q15-cycles.json,q15c-sleepmode-2,compose.srv2.sleepmode.yml
restarts,1,count,,,srv2,srv2@hosts.json-decl-2026-09-03,vllm,vllm/vllm-openai@ffb2d59b1c05,Qwen2.5-Coder-3B-Instruct-AWQ,,AWQ,,8,4096,,n/a,auto,0.26,yes,service_started,pair,,,unrecorded,,,2026-09-10,records/measurements/flexibility-2026-09-09/results-q15-cycles.json,q15c-sleepmode-2/3b,compose.srv2.sleepmode.yml
vllm_unit_card_cold_mib,3810,MiB,,,srv2,srv2@hosts.json-decl-2026-09-03,vllm,vllm/vllm-openai@ffb2d59b1c05,Qwen2.5-Coder-3B-Instruct-AWQ,,AWQ,,8,4096,,n/a,auto,0.26,yes,service_started,pair,,,unrecorded,after cold start,"nvidia-smi per pid, cgroup-attributed",2026-09-10,records/measurements/flexibility-2026-09-09/results-q15-cycles.json,q15c-sleepmode-2/serving-0/3b,compose.srv2.sleepmode.yml
decode_tok_s,127.53,tok/s,,,srv2,srv2@hosts.json-decl-2026-09-03,vllm,vllm/vllm-openai@ffb2d59b1c05,Qwen2.5-Coder-3B-Instruct-AWQ,,AWQ,,8,4096,,n/a,auto,0.26,yes,service_started,pair,,,unrecorded,"single sample, no discard (first request after cold start)",sleep_cycles.tok -> rig.decode_vllm,2026-09-10,records/measurements/flexibility-2026-09-09/results-q15-cycles.json,q15c-sleepmode-2/serving-0/3b,compose.srv2.sleepmode.yml
decode_tok_s,127.78,tok/s,,,srv2,srv2@hosts.json-decl-2026-09-03,vllm,vllm/vllm-openai@ffb2d59b1c05,Qwen2.5-Coder-3B-Instruct-AWQ,,AWQ,,8,4096,,n/a,auto,0.26,yes,service_started,pair,,,unrecorded,"single sample, no discard (first request after L2 wake)",sleep_cycles.tok -> rig.decode_vllm,2026-09-10,records/measurements/flexibility-2026-09-09/results-q15-cycles.json,q15c-sleepmode-2/serving-1/3b,compose.srv2.sleepmode.yml
decode_tok_s,129.58,tok/s,,,srv2,srv2@hosts.json-decl-2026-09-03,vllm,vllm/vllm-openai@ffb2d59b1c05,Qwen2.5-Coder-3B-Instruct-AWQ,,AWQ,,8,4096,,n/a,auto,0.26,yes,service_started,pair,,,unrecorded,"single sample, no discard (first request after L2 wake)",sleep_cycles.tok -> rig.decode_vllm,2026-09-10,records/measurements/flexibility-2026-09-09/results-q15-cycles.json,q15c-sleepmode-2/serving-2/3b,compose.srv2.sleepmode.yml
decode_tok_s,127.44,tok/s,,,srv2,srv2@hosts.json-decl-2026-09-03,vllm,vllm/vllm-openai@ffb2d59b1c05,Qwen2.5-Coder-3B-Instruct-AWQ,,AWQ,,8,4096,,n/a,auto,0.26,yes,service_started,pair,,,unrecorded,"single sample, no discard (first request after L2 wake)",sleep_cycles.tok -> rig.decode_vllm,2026-09-10,records/measurements/flexibility-2026-09-09/results-q15-cycles.json,q15c-sleepmode-2/serving-3/3b,compose.srv2.sleepmode.yml
vllm_L2_residual_mib,228,MiB,,,srv2,srv2@hosts.json-decl-2026-09-03,vllm,vllm/vllm-openai@ffb2d59b1c05,Qwen2.5-Coder-3B-Instruct-AWQ,,AWQ,,8,4096,,n/a,auto,0.26,yes,service_started,pair,,,unrecorded,,"per pid, cgroup-attributed",2026-09-10,records/measurements/flexibility-2026-09-09/results-q15-cycles.json,q15c-sleepmode-2/cycle1/3b,compose.srv2.sleepmode.yml
vllm_unit_card_after_wake_mib,3790,MiB,,,srv2,srv2@hosts.json-decl-2026-09-03,vllm,vllm/vllm-openai@ffb2d59b1c05,Qwen2.5-Coder-3B-Instruct-AWQ,,AWQ,,8,4096,,n/a,auto,0.26,yes,service_started,pair,,,unrecorded,,,2026-09-10,records/measurements/flexibility-2026-09-09/results-q15-cycles.json,q15c-sleepmode-2/cycle1/3b,compose.srv2.sleepmode.yml
vllm_cold_minus_wake_card_mib,20,MiB,,,srv2,srv2@hosts.json-decl-2026-09-03,vllm,vllm/vllm-openai@ffb2d59b1c05,Qwen2.5-Coder-3B-Instruct-AWQ,,AWQ,,8,4096,,n/a,auto,0.26,yes,service_started,pair,,,unrecorded,,,2026-09-10,records/measurements/flexibility-2026-09-09/results-q15-cycles.json,q15c-sleepmode-2/cycle1/3b,compose.srv2.sleepmode.yml
wake_s_vllm_L2,0.243,s,,,srv2,srv2@hosts.json-decl-2026-09-03,vllm,vllm/vllm-openai@ffb2d59b1c05,Qwen2.5-Coder-3B-Instruct-AWQ,,AWQ,,8,4096,,n/a,auto,0.26,yes,service_started,pair,,,unrecorded,L2 wake,POST /wake_up round trip,2026-09-10,records/measurements/flexibility-2026-09-09/results-q15-cycles.json,q15c-sleepmode-2/cycle1/3b,compose.srv2.sleepmode.yml
sleep_s_vllm_L2,0.249,s,,,srv2,srv2@hosts.json-decl-2026-09-03,vllm,vllm/vllm-openai@ffb2d59b1c05,Qwen2.5-Coder-3B-Instruct-AWQ,,AWQ,,8,4096,,n/a,auto,0.26,yes,service_started,pair,,,unrecorded,,POST /sleep?level=2 round trip,2026-09-10,records/measurements/flexibility-2026-09-09/results-q15-cycles.json,q15c-sleepmode-2/cycle1/3b,compose.srv2.sleepmode.yml
vllm_L2_residual_mib,228,MiB,,,srv2,srv2@hosts.json-decl-2026-09-03,vllm,vllm/vllm-openai@ffb2d59b1c05,Qwen2.5-Coder-3B-Instruct-AWQ,,AWQ,,8,4096,,n/a,auto,0.26,yes,service_started,pair,,,unrecorded,,"per pid, cgroup-attributed",2026-09-10,records/measurements/flexibility-2026-09-09/results-q15-cycles.json,q15c-sleepmode-2/cycle2/3b,compose.srv2.sleepmode.yml
vllm_unit_card_after_wake_mib,3790,MiB,,,srv2,srv2@hosts.json-decl-2026-09-03,vllm,vllm/vllm-openai@ffb2d59b1c05,Qwen2.5-Coder-3B-Instruct-AWQ,,AWQ,,8,4096,,n/a,auto,0.26,yes,service_started,pair,,,unrecorded,,,2026-09-10,records/measurements/flexibility-2026-09-09/results-q15-cycles.json,q15c-sleepmode-2/cycle2/3b,compose.srv2.sleepmode.yml
vllm_cold_minus_wake_card_mib,20,MiB,,,srv2,srv2@hosts.json-decl-2026-09-03,vllm,vllm/vllm-openai@ffb2d59b1c05,Qwen2.5-Coder-3B-Instruct-AWQ,,AWQ,,8,4096,,n/a,auto,0.26,yes,service_started,pair,,,unrecorded,,,2026-09-10,records/measurements/flexibility-2026-09-09/results-q15-cycles.json,q15c-sleepmode-2/cycle2/3b,compose.srv2.sleepmode.yml
wake_s_vllm_L2,0.252,s,,,srv2,srv2@hosts.json-decl-2026-09-03,vllm,vllm/vllm-openai@ffb2d59b1c05,Qwen2.5-Coder-3B-Instruct-AWQ,,AWQ,,8,4096,,n/a,auto,0.26,yes,service_started,pair,,,unrecorded,L2 wake,POST /wake_up round trip,2026-09-10,records/measurements/flexibility-2026-09-09/results-q15-cycles.json,q15c-sleepmode-2/cycle2/3b,compose.srv2.sleepmode.yml
sleep_s_vllm_L2,0.3,s,,,srv2,srv2@hosts.json-decl-2026-09-03,vllm,vllm/vllm-openai@ffb2d59b1c05,Qwen2.5-Coder-3B-Instruct-AWQ,,AWQ,,8,4096,,n/a,auto,0.26,yes,service_started,pair,,,unrecorded,,POST /sleep?level=2 round trip,2026-09-10,records/measurements/flexibility-2026-09-09/results-q15-cycles.json,q15c-sleepmode-2/cycle2/3b,compose.srv2.sleepmode.yml
vllm_L2_residual_mib,228,MiB,,,srv2,srv2@hosts.json-decl-2026-09-03,vllm,vllm/vllm-openai@ffb2d59b1c05,Qwen2.5-Coder-3B-Instruct-AWQ,,AWQ,,8,4096,,n/a,auto,0.26,yes,service_started,pair,,,unrecorded,,"per pid, cgroup-attributed",2026-09-10,records/measurements/flexibility-2026-09-09/results-q15-cycles.json,q15c-sleepmode-2/cycle3/3b,compose.srv2.sleepmode.yml
vllm_unit_card_after_wake_mib,3790,MiB,,,srv2,srv2@hosts.json-decl-2026-09-03,vllm,vllm/vllm-openai@ffb2d59b1c05,Qwen2.5-Coder-3B-Instruct-AWQ,,AWQ,,8,4096,,n/a,auto,0.26,yes,service_started,pair,,,unrecorded,,,2026-09-10,records/measurements/flexibility-2026-09-09/results-q15-cycles.json,q15c-sleepmode-2/cycle3/3b,compose.srv2.sleepmode.yml
vllm_cold_minus_wake_card_mib,20,MiB,,,srv2,srv2@hosts.json-decl-2026-09-03,vllm,vllm/vllm-openai@ffb2d59b1c05,Qwen2.5-Coder-3B-Instruct-AWQ,,AWQ,,8,4096,,n/a,auto,0.26,yes,service_started,pair,,,unrecorded,,,2026-09-10,records/measurements/flexibility-2026-09-09/results-q15-cycles.json,q15c-sleepmode-2/cycle3/3b,compose.srv2.sleepmode.yml
wake_s_vllm_L2,0.245,s,,,srv2,srv2@hosts.json-decl-2026-09-03,vllm,vllm/vllm-openai@ffb2d59b1c05,Qwen2.5-Coder-3B-Instruct-AWQ,,AWQ,,8,4096,,n/a,auto,0.26,yes,service_started,pair,,,unrecorded,L2 wake,POST /wake_up round trip,2026-09-10,records/measurements/flexibility-2026-09-09/results-q15-cycles.json,q15c-sleepmode-2/cycle3/3b,compose.srv2.sleepmode.yml
sleep_s_vllm_L2,0.247,s,,,srv2,srv2@hosts.json-decl-2026-09-03,vllm,vllm/vllm-openai@ffb2d59b1c05,Qwen2.5-Coder-3B-Instruct-AWQ,,AWQ,,8,4096,,n/a,auto,0.26,yes,service_started,pair,,,unrecorded,,POST /sleep?level=2 round trip,2026-09-10,records/measurements/flexibility-2026-09-09/results-q15-cycles.json,q15c-sleepmode-2/cycle3/3b,compose.srv2.sleepmode.yml
restarts,0,count,,,srv2,srv2@hosts.json-decl-2026-09-03,vllm,vllm/vllm-openai@ffb2d59b1c05,Qwen2.5-Coder-7B-Instruct-AWQ,,AWQ,,8,4096,,n/a,auto,0.72,yes,service_started,pair,,,unrecorded,,,2026-09-10,records/measurements/flexibility-2026-09-09/results-q15-cycles.json,q15c-sleepmode-2/7b,compose.srv2.sleepmode.yml
vllm_unit_card_cold_mib,6928,MiB,,,srv2,srv2@hosts.json-decl-2026-09-03,vllm,vllm/vllm-openai@ffb2d59b1c05,Qwen2.5-Coder-7B-Instruct-AWQ,,AWQ,,8,4096,,n/a,auto,0.72,yes,service_started,pair,,,unrecorded,after cold start,"nvidia-smi per pid, cgroup-attributed",2026-09-10,records/measurements/flexibility-2026-09-09/results-q15-cycles.json,q15c-sleepmode-2/serving-0/7b,compose.srv2.sleepmode.yml
decode_tok_s,68.87,tok/s,,,srv2,srv2@hosts.json-decl-2026-09-03,vllm,vllm/vllm-openai@ffb2d59b1c05,Qwen2.5-Coder-7B-Instruct-AWQ,,AWQ,,8,4096,,n/a,auto,0.72,yes,service_started,pair,,,unrecorded,"single sample, no discard (first request after cold start)",sleep_cycles.tok -> rig.decode_vllm,2026-09-10,records/measurements/flexibility-2026-09-09/results-q15-cycles.json,q15c-sleepmode-2/serving-0/7b,compose.srv2.sleepmode.yml
decode_tok_s,68.86,tok/s,,,srv2,srv2@hosts.json-decl-2026-09-03,vllm,vllm/vllm-openai@ffb2d59b1c05,Qwen2.5-Coder-7B-Instruct-AWQ,,AWQ,,8,4096,,n/a,auto,0.72,yes,service_started,pair,,,unrecorded,"single sample, no discard (first request after L2 wake)",sleep_cycles.tok -> rig.decode_vllm,2026-09-10,records/measurements/flexibility-2026-09-09/results-q15-cycles.json,q15c-sleepmode-2/serving-1/7b,compose.srv2.sleepmode.yml
decode_tok_s,68.67,tok/s,,,srv2,srv2@hosts.json-decl-2026-09-03,vllm,vllm/vllm-openai@ffb2d59b1c05,Qwen2.5-Coder-7B-Instruct-AWQ,,AWQ,,8,4096,,n/a,auto,0.72,yes,service_started,pair,,,unrecorded,"single sample, no discard (first request after L2 wake)",sleep_cycles.tok -> rig.decode_vllm,2026-09-10,records/measurements/flexibility-2026-09-09/results-q15-cycles.json,q15c-sleepmode-2/serving-2/7b,compose.srv2.sleepmode.yml
decode_tok_s,68.95,tok/s,,,srv2,srv2@hosts.json-decl-2026-09-03,vllm,vllm/vllm-openai@ffb2d59b1c05,Qwen2.5-Coder-7B-Instruct-AWQ,,AWQ,,8,4096,,n/a,auto,0.72,yes,service_started,pair,,,unrecorded,"single sample, no discard (first request after L2 wake)",sleep_cycles.tok -> rig.decode_vllm,2026-09-10,records/measurements/flexibility-2026-09-09/results-q15-cycles.json,q15c-sleepmode-2/serving-3/7b,compose.srv2.sleepmode.yml
vllm_L2_residual_mib,234,MiB,,,srv2,srv2@hosts.json-decl-2026-09-03,vllm,vllm/vllm-openai@ffb2d59b1c05,Qwen2.5-Coder-7B-Instruct-AWQ,,AWQ,,8,4096,,n/a,auto,0.72,yes,service_started,pair,,,unrecorded,,"per pid, cgroup-attributed",2026-09-10,records/measurements/flexibility-2026-09-09/results-q15-cycles.json,q15c-sleepmode-2/cycle1/7b,compose.srv2.sleepmode.yml
vllm_unit_card_after_wake_mib,6908,MiB,,,srv2,srv2@hosts.json-decl-2026-09-03,vllm,vllm/vllm-openai@ffb2d59b1c05,Qwen2.5-Coder-7B-Instruct-AWQ,,AWQ,,8,4096,,n/a,auto,0.72,yes,service_started,pair,,,unrecorded,,,2026-09-10,records/measurements/flexibility-2026-09-09/results-q15-cycles.json,q15c-sleepmode-2/cycle1/7b,compose.srv2.sleepmode.yml
vllm_cold_minus_wake_card_mib,20,MiB,,,srv2,srv2@hosts.json-decl-2026-09-03,vllm,vllm/vllm-openai@ffb2d59b1c05,Qwen2.5-Coder-7B-Instruct-AWQ,,AWQ,,8,4096,,n/a,auto,0.72,yes,service_started,pair,,,unrecorded,,,2026-09-10,records/measurements/flexibility-2026-09-09/results-q15-cycles.json,q15c-sleepmode-2/cycle1/7b,compose.srv2.sleepmode.yml
wake_s_vllm_L2,0.304,s,,,srv2,srv2@hosts.json-decl-2026-09-03,vllm,vllm/vllm-openai@ffb2d59b1c05,Qwen2.5-Coder-7B-Instruct-AWQ,,AWQ,,8,4096,,n/a,auto,0.72,yes,service_started,pair,,,unrecorded,L2 wake,POST /wake_up round trip,2026-09-10,records/measurements/flexibility-2026-09-09/results-q15-cycles.json,q15c-sleepmode-2/cycle1/7b,compose.srv2.sleepmode.yml
sleep_s_vllm_L2,0.315,s,,,srv2,srv2@hosts.json-decl-2026-09-03,vllm,vllm/vllm-openai@ffb2d59b1c05,Qwen2.5-Coder-7B-Instruct-AWQ,,AWQ,,8,4096,,n/a,auto,0.72,yes,service_started,pair,,,unrecorded,,POST /sleep?level=2 round trip,2026-09-10,records/measurements/flexibility-2026-09-09/results-q15-cycles.json,q15c-sleepmode-2/cycle1/7b,compose.srv2.sleepmode.yml
vllm_L2_residual_mib,234,MiB,,,srv2,srv2@hosts.json-decl-2026-09-03,vllm,vllm/vllm-openai@ffb2d59b1c05,Qwen2.5-Coder-7B-Instruct-AWQ,,AWQ,,8,4096,,n/a,auto,0.72,yes,service_started,pair,,,unrecorded,,"per pid, cgroup-attributed",2026-09-10,records/measurements/flexibility-2026-09-09/results-q15-cycles.json,q15c-sleepmode-2/cycle2/7b,compose.srv2.sleepmode.yml
vllm_unit_card_after_wake_mib,6908,MiB,,,srv2,srv2@hosts.json-decl-2026-09-03,vllm,vllm/vllm-openai@ffb2d59b1c05,Qwen2.5-Coder-7B-Instruct-AWQ,,AWQ,,8,4096,,n/a,auto,0.72,yes,service_started,pair,,,unrecorded,,,2026-09-10,records/measurements/flexibility-2026-09-09/results-q15-cycles.json,q15c-sleepmode-2/cycle2/7b,compose.srv2.sleepmode.yml
vllm_cold_minus_wake_card_mib,20,MiB,,,srv2,srv2@hosts.json-decl-2026-09-03,vllm,vllm/vllm-openai@ffb2d59b1c05,Qwen2.5-Coder-7B-Instruct-AWQ,,AWQ,,8,4096,,n/a,auto,0.72,yes,service_started,pair,,,unrecorded,,,2026-09-10,records/measurements/flexibility-2026-09-09/results-q15-cycles.json,q15c-sleepmode-2/cycle2/7b,compose.srv2.sleepmode.yml
wake_s_vllm_L2,0.319,s,,,srv2,srv2@hosts.json-decl-2026-09-03,vllm,vllm/vllm-openai@ffb2d59b1c05,Qwen2.5-Coder-7B-Instruct-AWQ,,AWQ,,8,4096,,n/a,auto,0.72,yes,service_started,pair,,,unrecorded,L2 wake,POST /wake_up round trip,2026-09-10,records/measurements/flexibility-2026-09-09/results-q15-cycles.json,q15c-sleepmode-2/cycle2/7b,compose.srv2.sleepmode.yml
sleep_s_vllm_L2,0.351,s,,,srv2,srv2@hosts.json-decl-2026-09-03,vllm,vllm/vllm-openai@ffb2d59b1c05,Qwen2.5-Coder-7B-Instruct-AWQ,,AWQ,,8,4096,,n/a,auto,0.72,yes,service_started,pair,,,unrecorded,,POST /sleep?level=2 round trip,2026-09-10,records/measurements/flexibility-2026-09-09/results-q15-cycles.json,q15c-sleepmode-2/cycle2/7b,compose.srv2.sleepmode.yml
vllm_L2_residual_mib,234,MiB,,,srv2,srv2@hosts.json-decl-2026-09-03,vllm,vllm/vllm-openai@ffb2d59b1c05,Qwen2.5-Coder-7B-Instruct-AWQ,,AWQ,,8,4096,,n/a,auto,0.72,yes,service_started,pair,,,unrecorded,,"per pid, cgroup-attributed",2026-09-10,records/measurements/flexibility-2026-09-09/results-q15-cycles.json,q15c-sleepmode-2/cycle3/7b,compose.srv2.sleepmode.yml
vllm_unit_card_after_wake_mib,6908,MiB,,,srv2,srv2@hosts.json-decl-2026-09-03,vllm,vllm/vllm-openai@ffb2d59b1c05,Qwen2.5-Coder-7B-Instruct-AWQ,,AWQ,,8,4096,,n/a,auto,0.72,yes,service_started,pair,,,unrecorded,,,2026-09-10,records/measurements/flexibility-2026-09-09/results-q15-cycles.json,q15c-sleepmode-2/cycle3/7b,compose.srv2.sleepmode.yml
vllm_cold_minus_wake_card_mib,20,MiB,,,srv2,srv2@hosts.json-decl-2026-09-03,vllm,vllm/vllm-openai@ffb2d59b1c05,Qwen2.5-Coder-7B-Instruct-AWQ,,AWQ,,8,4096,,n/a,auto,0.72,yes,service_started,pair,,,unrecorded,,,2026-09-10,records/measurements/flexibility-2026-09-09/results-q15-cycles.json,q15c-sleepmode-2/cycle3/7b,compose.srv2.sleepmode.yml
wake_s_vllm_L2,0.296,s,,,srv2,srv2@hosts.json-decl-2026-09-03,vllm,vllm/vllm-openai@ffb2d59b1c05,Qwen2.5-Coder-7B-Instruct-AWQ,,AWQ,,8,4096,,n/a,auto,0.72,yes,service_started,pair,,,unrecorded,L2 wake,POST /wake_up round trip,2026-09-10,records/measurements/flexibility-2026-09-09/results-q15-cycles.json,q15c-sleepmode-2/cycle3/7b,compose.srv2.sleepmode.yml
sleep_s_vllm_L2,0.306,s,,,srv2,srv2@hosts.json-decl-2026-09-03,vllm,vllm/vllm-openai@ffb2d59b1c05,Qwen2.5-Coder-7B-Instruct-AWQ,,AWQ,,8,4096,,n/a,auto,0.72,yes,service_started,pair,,,unrecorded,,POST /sleep?level=2 round trip,2026-09-10,records/measurements/flexibility-2026-09-09/results-q15-cycles.json,q15c-sleepmode-2/cycle3/7b,compose.srv2.sleepmode.yml
wake_s,143.0581,s,,,srv2,srv2@hosts.json-decl-2026-09-03,vllm,vllm/vllm-openai@ffb2d59b1c05,Qwen2.5-Coder-3B-Instruct-AWQ+Qwen2.5-Coder-7B-Instruct-AWQ,,AWQ,,8,4096,,n/a,auto,0.26+0.72,yes,service_started,pair,,,unrecorded,cold start,door-return minus earliest StartedAt,2026-09-10,records/measurements/flexibility-2026-09-09/results-q15-cycles.json,q15c-sleepmode-3,compose.srv2.sleepmode.yml
card_peak_mib,10641,MiB,,,srv2,srv2@hosts.json-decl-2026-09-03,vllm,vllm/vllm-openai@ffb2d59b1c05,Qwen2.5-Coder-3B-Instruct-AWQ+Qwen2.5-Coder-7B-Instruct-AWQ,,AWQ,,8,4096,,n/a,auto,0.26+0.72,yes,service_started,pair,,,unrecorded,,,2026-09-10,records/measurements/flexibility-2026-09-09/results-q15-cycles.json,q15c-sleepmode-3,compose.srv2.sleepmode.yml
restarts,1,count,,,srv2,srv2@hosts.json-decl-2026-09-03,vllm,vllm/vllm-openai@ffb2d59b1c05,Qwen2.5-Coder-3B-Instruct-AWQ,,AWQ,,8,4096,,n/a,auto,0.26,yes,service_started,pair,,,unrecorded,,,2026-09-10,records/measurements/flexibility-2026-09-09/results-q15-cycles.json,q15c-sleepmode-3/3b,compose.srv2.sleepmode.yml
vllm_unit_card_cold_mib,3810,MiB,,,srv2,srv2@hosts.json-decl-2026-09-03,vllm,vllm/vllm-openai@ffb2d59b1c05,Qwen2.5-Coder-3B-Instruct-AWQ,,AWQ,,8,4096,,n/a,auto,0.26,yes,service_started,pair,,,unrecorded,after cold start,"nvidia-smi per pid, cgroup-attributed",2026-09-10,records/measurements/flexibility-2026-09-09/results-q15-cycles.json,q15c-sleepmode-3/serving-0/3b,compose.srv2.sleepmode.yml
decode_tok_s,127.75,tok/s,,,srv2,srv2@hosts.json-decl-2026-09-03,vllm,vllm/vllm-openai@ffb2d59b1c05,Qwen2.5-Coder-3B-Instruct-AWQ,,AWQ,,8,4096,,n/a,auto,0.26,yes,service_started,pair,,,unrecorded,"single sample, no discard (first request after cold start)",sleep_cycles.tok -> rig.decode_vllm,2026-09-10,records/measurements/flexibility-2026-09-09/results-q15-cycles.json,q15c-sleepmode-3/serving-0/3b,compose.srv2.sleepmode.yml
decode_tok_s,127.32,tok/s,,,srv2,srv2@hosts.json-decl-2026-09-03,vllm,vllm/vllm-openai@ffb2d59b1c05,Qwen2.5-Coder-3B-Instruct-AWQ,,AWQ,,8,4096,,n/a,auto,0.26,yes,service_started,pair,,,unrecorded,"single sample, no discard (first request after L2 wake)",sleep_cycles.tok -> rig.decode_vllm,2026-09-10,records/measurements/flexibility-2026-09-09/results-q15-cycles.json,q15c-sleepmode-3/serving-1/3b,compose.srv2.sleepmode.yml
decode_tok_s,127.78,tok/s,,,srv2,srv2@hosts.json-decl-2026-09-03,vllm,vllm/vllm-openai@ffb2d59b1c05,Qwen2.5-Coder-3B-Instruct-AWQ,,AWQ,,8,4096,,n/a,auto,0.26,yes,service_started,pair,,,unrecorded,"single sample, no discard (first request after L2 wake)",sleep_cycles.tok -> rig.decode_vllm,2026-09-10,records/measurements/flexibility-2026-09-09/results-q15-cycles.json,q15c-sleepmode-3/serving-2/3b,compose.srv2.sleepmode.yml
decode_tok_s,127.71,tok/s,,,srv2,srv2@hosts.json-decl-2026-09-03,vllm,vllm/vllm-openai@ffb2d59b1c05,Qwen2.5-Coder-3B-Instruct-AWQ,,AWQ,,8,4096,,n/a,auto,0.26,yes,service_started,pair,,,unrecorded,"single sample, no discard (first request after L2 wake)",sleep_cycles.tok -> rig.decode_vllm,2026-09-10,records/measurements/flexibility-2026-09-09/results-q15-cycles.json,q15c-sleepmode-3/serving-3/3b,compose.srv2.sleepmode.yml
vllm_L2_residual_mib,228,MiB,,,srv2,srv2@hosts.json-decl-2026-09-03,vllm,vllm/vllm-openai@ffb2d59b1c05,Qwen2.5-Coder-3B-Instruct-AWQ,,AWQ,,8,4096,,n/a,auto,0.26,yes,service_started,pair,,,unrecorded,,"per pid, cgroup-attributed",2026-09-10,records/measurements/flexibility-2026-09-09/results-q15-cycles.json,q15c-sleepmode-3/cycle1/3b,compose.srv2.sleepmode.yml
vllm_unit_card_after_wake_mib,3790,MiB,,,srv2,srv2@hosts.json-decl-2026-09-03,vllm,vllm/vllm-openai@ffb2d59b1c05,Qwen2.5-Coder-3B-Instruct-AWQ,,AWQ,,8,4096,,n/a,auto,0.26,yes,service_started,pair,,,unrecorded,,,2026-09-10,records/measurements/flexibility-2026-09-09/results-q15-cycles.json,q15c-sleepmode-3/cycle1/3b,compose.srv2.sleepmode.yml
vllm_cold_minus_wake_card_mib,20,MiB,,,srv2,srv2@hosts.json-decl-2026-09-03,vllm,vllm/vllm-openai@ffb2d59b1c05,Qwen2.5-Coder-3B-Instruct-AWQ,,AWQ,,8,4096,,n/a,auto,0.26,yes,service_started,pair,,,unrecorded,,,2026-09-10,records/measurements/flexibility-2026-09-09/results-q15-cycles.json,q15c-sleepmode-3/cycle1/3b,compose.srv2.sleepmode.yml
wake_s_vllm_L2,0.244,s,,,srv2,srv2@hosts.json-decl-2026-09-03,vllm,vllm/vllm-openai@ffb2d59b1c05,Qwen2.5-Coder-3B-Instruct-AWQ,,AWQ,,8,4096,,n/a,auto,0.26,yes,service_started,pair,,,unrecorded,L2 wake,POST /wake_up round trip,2026-09-10,records/measurements/flexibility-2026-09-09/results-q15-cycles.json,q15c-sleepmode-3/cycle1/3b,compose.srv2.sleepmode.yml
sleep_s_vllm_L2,0.24,s,,,srv2,srv2@hosts.json-decl-2026-09-03,vllm,vllm/vllm-openai@ffb2d59b1c05,Qwen2.5-Coder-3B-Instruct-AWQ,,AWQ,,8,4096,,n/a,auto,0.26,yes,service_started,pair,,,unrecorded,,POST /sleep?level=2 round trip,2026-09-10,records/measurements/flexibility-2026-09-09/results-q15-cycles.json,q15c-sleepmode-3/cycle1/3b,compose.srv2.sleepmode.yml
vllm_L2_residual_mib,228,MiB,,,srv2,srv2@hosts.json-decl-2026-09-03,vllm,vllm/vllm-openai@ffb2d59b1c05,Qwen2.5-Coder-3B-Instruct-AWQ,,AWQ,,8,4096,,n/a,auto,0.26,yes,service_started,pair,,,unrecorded,,"per pid, cgroup-attributed",2026-09-10,records/measurements/flexibility-2026-09-09/results-q15-cycles.json,q15c-sleepmode-3/cycle2/3b,compose.srv2.sleepmode.yml
vllm_unit_card_after_wake_mib,3790,MiB,,,srv2,srv2@hosts.json-decl-2026-09-03,vllm,vllm/vllm-openai@ffb2d59b1c05,Qwen2.5-Coder-3B-Instruct-AWQ,,AWQ,,8,4096,,n/a,auto,0.26,yes,service_started,pair,,,unrecorded,,,2026-09-10,records/measurements/flexibility-2026-09-09/results-q15-cycles.json,q15c-sleepmode-3/cycle2/3b,compose.srv2.sleepmode.yml
vllm_cold_minus_wake_card_mib,20,MiB,,,srv2,srv2@hosts.json-decl-2026-09-03,vllm,vllm/vllm-openai@ffb2d59b1c05,Qwen2.5-Coder-3B-Instruct-AWQ,,AWQ,,8,4096,,n/a,auto,0.26,yes,service_started,pair,,,unrecorded,,,2026-09-10,records/measurements/flexibility-2026-09-09/results-q15-cycles.json,q15c-sleepmode-3/cycle2/3b,compose.srv2.sleepmode.yml
wake_s_vllm_L2,0.24,s,,,srv2,srv2@hosts.json-decl-2026-09-03,vllm,vllm/vllm-openai@ffb2d59b1c05,Qwen2.5-Coder-3B-Instruct-AWQ,,AWQ,,8,4096,,n/a,auto,0.26,yes,service_started,pair,,,unrecorded,L2 wake,POST /wake_up round trip,2026-09-10,records/measurements/flexibility-2026-09-09/results-q15-cycles.json,q15c-sleepmode-3/cycle2/3b,compose.srv2.sleepmode.yml
sleep_s_vllm_L2,0.24,s,,,srv2,srv2@hosts.json-decl-2026-09-03,vllm,vllm/vllm-openai@ffb2d59b1c05,Qwen2.5-Coder-3B-Instruct-AWQ,,AWQ,,8,4096,,n/a,auto,0.26,yes,service_started,pair,,,unrecorded,,POST /sleep?level=2 round trip,2026-09-10,records/measurements/flexibility-2026-09-09/results-q15-cycles.json,q15c-sleepmode-3/cycle2/3b,compose.srv2.sleepmode.yml
vllm_L2_residual_mib,228,MiB,,,srv2,srv2@hosts.json-decl-2026-09-03,vllm,vllm/vllm-openai@ffb2d59b1c05,Qwen2.5-Coder-3B-Instruct-AWQ,,AWQ,,8,4096,,n/a,auto,0.26,yes,service_started,pair,,,unrecorded,,"per pid, cgroup-attributed",2026-09-10,records/measurements/flexibility-2026-09-09/results-q15-cycles.json,q15c-sleepmode-3/cycle3/3b,compose.srv2.sleepmode.yml
vllm_unit_card_after_wake_mib,3790,MiB,,,srv2,srv2@hosts.json-decl-2026-09-03,vllm,vllm/vllm-openai@ffb2d59b1c05,Qwen2.5-Coder-3B-Instruct-AWQ,,AWQ,,8,4096,,n/a,auto,0.26,yes,service_started,pair,,,unrecorded,,,2026-09-10,records/measurements/flexibility-2026-09-09/results-q15-cycles.json,q15c-sleepmode-3/cycle3/3b,compose.srv2.sleepmode.yml
vllm_cold_minus_wake_card_mib,20,MiB,,,srv2,srv2@hosts.json-decl-2026-09-03,vllm,vllm/vllm-openai@ffb2d59b1c05,Qwen2.5-Coder-3B-Instruct-AWQ,,AWQ,,8,4096,,n/a,auto,0.26,yes,service_started,pair,,,unrecorded,,,2026-09-10,records/measurements/flexibility-2026-09-09/results-q15-cycles.json,q15c-sleepmode-3/cycle3/3b,compose.srv2.sleepmode.yml
wake_s_vllm_L2,0.239,s,,,srv2,srv2@hosts.json-decl-2026-09-03,vllm,vllm/vllm-openai@ffb2d59b1c05,Qwen2.5-Coder-3B-Instruct-AWQ,,AWQ,,8,4096,,n/a,auto,0.26,yes,service_started,pair,,,unrecorded,L2 wake,POST /wake_up round trip,2026-09-10,records/measurements/flexibility-2026-09-09/results-q15-cycles.json,q15c-sleepmode-3/cycle3/3b,compose.srv2.sleepmode.yml
sleep_s_vllm_L2,0.244,s,,,srv2,srv2@hosts.json-decl-2026-09-03,vllm,vllm/vllm-openai@ffb2d59b1c05,Qwen2.5-Coder-3B-Instruct-AWQ,,AWQ,,8,4096,,n/a,auto,0.26,yes,service_started,pair,,,unrecorded,,POST /sleep?level=2 round trip,2026-09-10,records/measurements/flexibility-2026-09-09/results-q15-cycles.json,q15c-sleepmode-3/cycle3/3b,compose.srv2.sleepmode.yml
restarts,0,count,,,srv2,srv2@hosts.json-decl-2026-09-03,vllm,vllm/vllm-openai@ffb2d59b1c05,Qwen2.5-Coder-7B-Instruct-AWQ,,AWQ,,8,4096,,n/a,auto,0.72,yes,service_started,pair,,,unrecorded,,,2026-09-10,records/measurements/flexibility-2026-09-09/results-q15-cycles.json,q15c-sleepmode-3/7b,compose.srv2.sleepmode.yml
vllm_unit_card_cold_mib,6816,MiB,,,srv2,srv2@hosts.json-decl-2026-09-03,vllm,vllm/vllm-openai@ffb2d59b1c05,Qwen2.5-Coder-7B-Instruct-AWQ,,AWQ,,8,4096,,n/a,auto,0.72,yes,service_started,pair,,,unrecorded,after cold start,"nvidia-smi per pid, cgroup-attributed",2026-09-10,records/measurements/flexibility-2026-09-09/results-q15-cycles.json,q15c-sleepmode-3/serving-0/7b,compose.srv2.sleepmode.yml
decode_tok_s,68.89,tok/s,,,srv2,srv2@hosts.json-decl-2026-09-03,vllm,vllm/vllm-openai@ffb2d59b1c05,Qwen2.5-Coder-7B-Instruct-AWQ,,AWQ,,8,4096,,n/a,auto,0.72,yes,service_started,pair,,,unrecorded,"single sample, no discard (first request after cold start)",sleep_cycles.tok -> rig.decode_vllm,2026-09-10,records/measurements/flexibility-2026-09-09/results-q15-cycles.json,q15c-sleepmode-3/serving-0/7b,compose.srv2.sleepmode.yml
decode_tok_s,68.97,tok/s,,,srv2,srv2@hosts.json-decl-2026-09-03,vllm,vllm/vllm-openai@ffb2d59b1c05,Qwen2.5-Coder-7B-Instruct-AWQ,,AWQ,,8,4096,,n/a,auto,0.72,yes,service_started,pair,,,unrecorded,"single sample, no discard (first request after L2 wake)",sleep_cycles.tok -> rig.decode_vllm,2026-09-10,records/measurements/flexibility-2026-09-09/results-q15-cycles.json,q15c-sleepmode-3/serving-1/7b,compose.srv2.sleepmode.yml
decode_tok_s,68.94,tok/s,,,srv2,srv2@hosts.json-decl-2026-09-03,vllm,vllm/vllm-openai@ffb2d59b1c05,Qwen2.5-Coder-7B-Instruct-AWQ,,AWQ,,8,4096,,n/a,auto,0.72,yes,service_started,pair,,,unrecorded,"single sample, no discard (first request after L2 wake)",sleep_cycles.tok -> rig.decode_vllm,2026-09-10,records/measurements/flexibility-2026-09-09/results-q15-cycles.json,q15c-sleepmode-3/serving-2/7b,compose.srv2.sleepmode.yml
decode_tok_s,68.92,tok/s,,,srv2,srv2@hosts.json-decl-2026-09-03,vllm,vllm/vllm-openai@ffb2d59b1c05,Qwen2.5-Coder-7B-Instruct-AWQ,,AWQ,,8,4096,,n/a,auto,0.72,yes,service_started,pair,,,unrecorded,"single sample, no discard (first request after L2 wake)",sleep_cycles.tok -> rig.decode_vllm,2026-09-10,records/measurements/flexibility-2026-09-09/results-q15-cycles.json,q15c-sleepmode-3/serving-3/7b,compose.srv2.sleepmode.yml
vllm_L2_residual_mib,234,MiB,,,srv2,srv2@hosts.json-decl-2026-09-03,vllm,vllm/vllm-openai@ffb2d59b1c05,Qwen2.5-Coder-7B-Instruct-AWQ,,AWQ,,8,4096,,n/a,auto,0.72,yes,service_started,pair,,,unrecorded,,"per pid, cgroup-attributed",2026-09-10,records/measurements/flexibility-2026-09-09/results-q15-cycles.json,q15c-sleepmode-3/cycle1/7b,compose.srv2.sleepmode.yml
vllm_unit_card_after_wake_mib,6796,MiB,,,srv2,srv2@hosts.json-decl-2026-09-03,vllm,vllm/vllm-openai@ffb2d59b1c05,Qwen2.5-Coder-7B-Instruct-AWQ,,AWQ,,8,4096,,n/a,auto,0.72,yes,service_started,pair,,,unrecorded,,,2026-09-10,records/measurements/flexibility-2026-09-09/results-q15-cycles.json,q15c-sleepmode-3/cycle1/7b,compose.srv2.sleepmode.yml
vllm_cold_minus_wake_card_mib,20,MiB,,,srv2,srv2@hosts.json-decl-2026-09-03,vllm,vllm/vllm-openai@ffb2d59b1c05,Qwen2.5-Coder-7B-Instruct-AWQ,,AWQ,,8,4096,,n/a,auto,0.72,yes,service_started,pair,,,unrecorded,,,2026-09-10,records/measurements/flexibility-2026-09-09/results-q15-cycles.json,q15c-sleepmode-3/cycle1/7b,compose.srv2.sleepmode.yml
wake_s_vllm_L2,0.302,s,,,srv2,srv2@hosts.json-decl-2026-09-03,vllm,vllm/vllm-openai@ffb2d59b1c05,Qwen2.5-Coder-7B-Instruct-AWQ,,AWQ,,8,4096,,n/a,auto,0.72,yes,service_started,pair,,,unrecorded,L2 wake,POST /wake_up round trip,2026-09-10,records/measurements/flexibility-2026-09-09/results-q15-cycles.json,q15c-sleepmode-3/cycle1/7b,compose.srv2.sleepmode.yml
sleep_s_vllm_L2,0.308,s,,,srv2,srv2@hosts.json-decl-2026-09-03,vllm,vllm/vllm-openai@ffb2d59b1c05,Qwen2.5-Coder-7B-Instruct-AWQ,,AWQ,,8,4096,,n/a,auto,0.72,yes,service_started,pair,,,unrecorded,,POST /sleep?level=2 round trip,2026-09-10,records/measurements/flexibility-2026-09-09/results-q15-cycles.json,q15c-sleepmode-3/cycle1/7b,compose.srv2.sleepmode.yml
vllm_L2_residual_mib,234,MiB,,,srv2,srv2@hosts.json-decl-2026-09-03,vllm,vllm/vllm-openai@ffb2d59b1c05,Qwen2.5-Coder-7B-Instruct-AWQ,,AWQ,,8,4096,,n/a,auto,0.72,yes,service_started,pair,,,unrecorded,,"per pid, cgroup-attributed",2026-09-10,records/measurements/flexibility-2026-09-09/results-q15-cycles.json,q15c-sleepmode-3/cycle2/7b,compose.srv2.sleepmode.yml
vllm_unit_card_after_wake_mib,6796,MiB,,,srv2,srv2@hosts.json-decl-2026-09-03,vllm,vllm/vllm-openai@ffb2d59b1c05,Qwen2.5-Coder-7B-Instruct-AWQ,,AWQ,,8,4096,,n/a,auto,0.72,yes,service_started,pair,,,unrecorded,,,2026-09-10,records/measurements/flexibility-2026-09-09/results-q15-cycles.json,q15c-sleepmode-3/cycle2/7b,compose.srv2.sleepmode.yml
vllm_cold_minus_wake_card_mib,20,MiB,,,srv2,srv2@hosts.json-decl-2026-09-03,vllm,vllm/vllm-openai@ffb2d59b1c05,Qwen2.5-Coder-7B-Instruct-AWQ,,AWQ,,8,4096,,n/a,auto,0.72,yes,service_started,pair,,,unrecorded,,,2026-09-10,records/measurements/flexibility-2026-09-09/results-q15-cycles.json,q15c-sleepmode-3/cycle2/7b,compose.srv2.sleepmode.yml
wake_s_vllm_L2,0.321,s,,,srv2,srv2@hosts.json-decl-2026-09-03,vllm,vllm/vllm-openai@ffb2d59b1c05,Qwen2.5-Coder-7B-Instruct-AWQ,,AWQ,,8,4096,,n/a,auto,0.72,yes,service_started,pair,,,unrecorded,L2 wake,POST /wake_up round trip,2026-09-10,records/measurements/flexibility-2026-09-09/results-q15-cycles.json,q15c-sleepmode-3/cycle2/7b,compose.srv2.sleepmode.yml
sleep_s_vllm_L2,0.298,s,,,srv2,srv2@hosts.json-decl-2026-09-03,vllm,vllm/vllm-openai@ffb2d59b1c05,Qwen2.5-Coder-7B-Instruct-AWQ,,AWQ,,8,4096,,n/a,auto,0.72,yes,service_started,pair,,,unrecorded,,POST /sleep?level=2 round trip,2026-09-10,records/measurements/flexibility-2026-09-09/results-q15-cycles.json,q15c-sleepmode-3/cycle2/7b,compose.srv2.sleepmode.yml
vllm_L2_residual_mib,234,MiB,,,srv2,srv2@hosts.json-decl-2026-09-03,vllm,vllm/vllm-openai@ffb2d59b1c05,Qwen2.5-Coder-7B-Instruct-AWQ,,AWQ,,8,4096,,n/a,auto,0.72,yes,service_started,pair,,,unrecorded,,"per pid, cgroup-attributed",2026-09-10,records/measurements/flexibility-2026-09-09/results-q15-cycles.json,q15c-sleepmode-3/cycle3/7b,compose.srv2.sleepmode.yml
vllm_unit_card_after_wake_mib,6796,MiB,,,srv2,srv2@hosts.json-decl-2026-09-03,vllm,vllm/vllm-openai@ffb2d59b1c05,Qwen2.5-Coder-7B-Instruct-AWQ,,AWQ,,8,4096,,n/a,auto,0.72,yes,service_started,pair,,,unrecorded,,,2026-09-10,records/measurements/flexibility-2026-09-09/results-q15-cycles.json,q15c-sleepmode-3/cycle3/7b,compose.srv2.sleepmode.yml
vllm_cold_minus_wake_card_mib,20,MiB,,,srv2,srv2@hosts.json-decl-2026-09-03,vllm,vllm/vllm-openai@ffb2d59b1c05,Qwen2.5-Coder-7B-Instruct-AWQ,,AWQ,,8,4096,,n/a,auto,0.72,yes,service_started,pair,,,unrecorded,,,2026-09-10,records/measurements/flexibility-2026-09-09/results-q15-cycles.json,q15c-sleepmode-3/cycle3/7b,compose.srv2.sleepmode.yml
wake_s_vllm_L2,0.31,s,,,srv2,srv2@hosts.json-decl-2026-09-03,vllm,vllm/vllm-openai@ffb2d59b1c05,Qwen2.5-Coder-7B-Instruct-AWQ,,AWQ,,8,4096,,n/a,auto,0.72,yes,service_started,pair,,,unrecorded,L2 wake,POST /wake_up round trip,2026-09-10,records/measurements/flexibility-2026-09-09/results-q15-cycles.json,q15c-sleepmode-3/cycle3/7b,compose.srv2.sleepmode.yml
sleep_s_vllm_L2,0.304,s,,,srv2,srv2@hosts.json-decl-2026-09-03,vllm,vllm/vllm-openai@ffb2d59b1c05,Qwen2.5-Coder-7B-Instruct-AWQ,,AWQ,,8,4096,,n/a,auto,0.72,yes,service_started,pair,,,unrecorded,,POST /sleep?level=2 round trip,2026-09-10,records/measurements/flexibility-2026-09-09/results-q15-cycles.json,q15c-sleepmode-3/cycle3/7b,compose.srv2.sleepmode.yml
wake_s,142.5549,s,,,srv2,srv2@hosts.json-decl-2026-09-03,vllm,vllm/vllm-openai@ffb2d59b1c05,Qwen2.5-Coder-3B-Instruct-AWQ+Qwen2.5-Coder-7B-Instruct-AWQ,,AWQ,,8,4096,,n/a,auto,0.26+0.72,yes,service_started,pair,,,unrecorded,cold start,door-return minus earliest StartedAt,2026-09-10,records/measurements/flexibility-2026-09-09/results-q15-cycles.json,q15c-sleepmode-4,compose.srv2.sleepmode.yml
card_peak_mib,11369,MiB,,,srv2,srv2@hosts.json-decl-2026-09-03,vllm,vllm/vllm-openai@ffb2d59b1c05,Qwen2.5-Coder-3B-Instruct-AWQ+Qwen2.5-Coder-7B-Instruct-AWQ,,AWQ,,8,4096,,n/a,auto,0.26+0.72,yes,service_started,pair,,,unrecorded,,,2026-09-10,records/measurements/flexibility-2026-09-09/results-q15-cycles.json,q15c-sleepmode-4,compose.srv2.sleepmode.yml
restarts,1,count,,,srv2,srv2@hosts.json-decl-2026-09-03,vllm,vllm/vllm-openai@ffb2d59b1c05,Qwen2.5-Coder-3B-Instruct-AWQ,,AWQ,,8,4096,,n/a,auto,0.26,yes,service_started,pair,,,unrecorded,,,2026-09-10,records/measurements/flexibility-2026-09-09/results-q15-cycles.json,q15c-sleepmode-4/3b,compose.srv2.sleepmode.yml
vllm_unit_card_cold_mib,3810,MiB,,,srv2,srv2@hosts.json-decl-2026-09-03,vllm,vllm/vllm-openai@ffb2d59b1c05,Qwen2.5-Coder-3B-Instruct-AWQ,,AWQ,,8,4096,,n/a,auto,0.26,yes,service_started,pair,,,unrecorded,after cold start,"nvidia-smi per pid, cgroup-attributed",2026-09-10,records/measurements/flexibility-2026-09-09/results-q15-cycles.json,q15c-sleepmode-4/serving-0/3b,compose.srv2.sleepmode.yml
decode_tok_s,127.52,tok/s,,,srv2,srv2@hosts.json-decl-2026-09-03,vllm,vllm/vllm-openai@ffb2d59b1c05,Qwen2.5-Coder-3B-Instruct-AWQ,,AWQ,,8,4096,,n/a,auto,0.26,yes,service_started,pair,,,unrecorded,"single sample, no discard (first request after cold start)",sleep_cycles.tok -> rig.decode_vllm,2026-09-10,records/measurements/flexibility-2026-09-09/results-q15-cycles.json,q15c-sleepmode-4/serving-0/3b,compose.srv2.sleepmode.yml
decode_tok_s,127.73,tok/s,,,srv2,srv2@hosts.json-decl-2026-09-03,vllm,vllm/vllm-openai@ffb2d59b1c05,Qwen2.5-Coder-3B-Instruct-AWQ,,AWQ,,8,4096,,n/a,auto,0.26,yes,service_started,pair,,,unrecorded,"single sample, no discard (first request after L2 wake)",sleep_cycles.tok -> rig.decode_vllm,2026-09-10,records/measurements/flexibility-2026-09-09/results-q15-cycles.json,q15c-sleepmode-4/serving-1/3b,compose.srv2.sleepmode.yml
decode_tok_s,127.83,tok/s,,,srv2,srv2@hosts.json-decl-2026-09-03,vllm,vllm/vllm-openai@ffb2d59b1c05,Qwen2.5-Coder-3B-Instruct-AWQ,,AWQ,,8,4096,,n/a,auto,0.26,yes,service_started,pair,,,unrecorded,"single sample, no discard (first request after L2 wake)",sleep_cycles.tok -> rig.decode_vllm,2026-09-10,records/measurements/flexibility-2026-09-09/results-q15-cycles.json,q15c-sleepmode-4/serving-2/3b,compose.srv2.sleepmode.yml
decode_tok_s,127.82,tok/s,,,srv2,srv2@hosts.json-decl-2026-09-03,vllm,vllm/vllm-openai@ffb2d59b1c05,Qwen2.5-Coder-3B-Instruct-AWQ,,AWQ,,8,4096,,n/a,auto,0.26,yes,service_started,pair,,,unrecorded,"single sample, no discard (first request after L2 wake)",sleep_cycles.tok -> rig.decode_vllm,2026-09-10,records/measurements/flexibility-2026-09-09/results-q15-cycles.json,q15c-sleepmode-4/serving-3/3b,compose.srv2.sleepmode.yml
vllm_L2_residual_mib,228,MiB,,,srv2,srv2@hosts.json-decl-2026-09-03,vllm,vllm/vllm-openai@ffb2d59b1c05,Qwen2.5-Coder-3B-Instruct-AWQ,,AWQ,,8,4096,,n/a,auto,0.26,yes,service_started,pair,,,unrecorded,,"per pid, cgroup-attributed",2026-09-10,records/measurements/flexibility-2026-09-09/results-q15-cycles.json,q15c-sleepmode-4/cycle1/3b,compose.srv2.sleepmode.yml
vllm_unit_card_after_wake_mib,3790,MiB,,,srv2,srv2@hosts.json-decl-2026-09-03,vllm,vllm/vllm-openai@ffb2d59b1c05,Qwen2.5-Coder-3B-Instruct-AWQ,,AWQ,,8,4096,,n/a,auto,0.26,yes,service_started,pair,,,unrecorded,,,2026-09-10,records/measurements/flexibility-2026-09-09/results-q15-cycles.json,q15c-sleepmode-4/cycle1/3b,compose.srv2.sleepmode.yml
vllm_cold_minus_wake_card_mib,20,MiB,,,srv2,srv2@hosts.json-decl-2026-09-03,vllm,vllm/vllm-openai@ffb2d59b1c05,Qwen2.5-Coder-3B-Instruct-AWQ,,AWQ,,8,4096,,n/a,auto,0.26,yes,service_started,pair,,,unrecorded,,,2026-09-10,records/measurements/flexibility-2026-09-09/results-q15-cycles.json,q15c-sleepmode-4/cycle1/3b,compose.srv2.sleepmode.yml
wake_s_vllm_L2,0.244,s,,,srv2,srv2@hosts.json-decl-2026-09-03,vllm,vllm/vllm-openai@ffb2d59b1c05,Qwen2.5-Coder-3B-Instruct-AWQ,,AWQ,,8,4096,,n/a,auto,0.26,yes,service_started,pair,,,unrecorded,L2 wake,POST /wake_up round trip,2026-09-10,records/measurements/flexibility-2026-09-09/results-q15-cycles.json,q15c-sleepmode-4/cycle1/3b,compose.srv2.sleepmode.yml
sleep_s_vllm_L2,0.253,s,,,srv2,srv2@hosts.json-decl-2026-09-03,vllm,vllm/vllm-openai@ffb2d59b1c05,Qwen2.5-Coder-3B-Instruct-AWQ,,AWQ,,8,4096,,n/a,auto,0.26,yes,service_started,pair,,,unrecorded,,POST /sleep?level=2 round trip,2026-09-10,records/measurements/flexibility-2026-09-09/results-q15-cycles.json,q15c-sleepmode-4/cycle1/3b,compose.srv2.sleepmode.yml
vllm_L2_residual_mib,228,MiB,,,srv2,srv2@hosts.json-decl-2026-09-03,vllm,vllm/vllm-openai@ffb2d59b1c05,Qwen2.5-Coder-3B-Instruct-AWQ,,AWQ,,8,4096,,n/a,auto,0.26,yes,service_started,pair,,,unrecorded,,"per pid, cgroup-attributed",2026-09-10,records/measurements/flexibility-2026-09-09/results-q15-cycles.json,q15c-sleepmode-4/cycle2/3b,compose.srv2.sleepmode.yml
vllm_unit_card_after_wake_mib,3790,MiB,,,srv2,srv2@hosts.json-decl-2026-09-03,vllm,vllm/vllm-openai@ffb2d59b1c05,Qwen2.5-Coder-3B-Instruct-AWQ,,AWQ,,8,4096,,n/a,auto,0.26,yes,service_started,pair,,,unrecorded,,,2026-09-10,records/measurements/flexibility-2026-09-09/results-q15-cycles.json,q15c-sleepmode-4/cycle2/3b,compose.srv2.sleepmode.yml
vllm_cold_minus_wake_card_mib,20,MiB,,,srv2,srv2@hosts.json-decl-2026-09-03,vllm,vllm/vllm-openai@ffb2d59b1c05,Qwen2.5-Coder-3B-Instruct-AWQ,,AWQ,,8,4096,,n/a,auto,0.26,yes,service_started,pair,,,unrecorded,,,2026-09-10,records/measurements/flexibility-2026-09-09/results-q15-cycles.json,q15c-sleepmode-4/cycle2/3b,compose.srv2.sleepmode.yml
wake_s_vllm_L2,0.242,s,,,srv2,srv2@hosts.json-decl-2026-09-03,vllm,vllm/vllm-openai@ffb2d59b1c05,Qwen2.5-Coder-3B-Instruct-AWQ,,AWQ,,8,4096,,n/a,auto,0.26,yes,service_started,pair,,,unrecorded,L2 wake,POST /wake_up round trip,2026-09-10,records/measurements/flexibility-2026-09-09/results-q15-cycles.json,q15c-sleepmode-4/cycle2/3b,compose.srv2.sleepmode.yml
sleep_s_vllm_L2,0.245,s,,,srv2,srv2@hosts.json-decl-2026-09-03,vllm,vllm/vllm-openai@ffb2d59b1c05,Qwen2.5-Coder-3B-Instruct-AWQ,,AWQ,,8,4096,,n/a,auto,0.26,yes,service_started,pair,,,unrecorded,,POST /sleep?level=2 round trip,2026-09-10,records/measurements/flexibility-2026-09-09/results-q15-cycles.json,q15c-sleepmode-4/cycle2/3b,compose.srv2.sleepmode.yml
vllm_L2_residual_mib,228,MiB,,,srv2,srv2@hosts.json-decl-2026-09-03,vllm,vllm/vllm-openai@ffb2d59b1c05,Qwen2.5-Coder-3B-Instruct-AWQ,,AWQ,,8,4096,,n/a,auto,0.26,yes,service_started,pair,,,unrecorded,,"per pid, cgroup-attributed",2026-09-10,records/measurements/flexibility-2026-09-09/results-q15-cycles.json,q15c-sleepmode-4/cycle3/3b,compose.srv2.sleepmode.yml
vllm_unit_card_after_wake_mib,3790,MiB,,,srv2,srv2@hosts.json-decl-2026-09-03,vllm,vllm/vllm-openai@ffb2d59b1c05,Qwen2.5-Coder-3B-Instruct-AWQ,,AWQ,,8,4096,,n/a,auto,0.26,yes,service_started,pair,,,unrecorded,,,2026-09-10,records/measurements/flexibility-2026-09-09/results-q15-cycles.json,q15c-sleepmode-4/cycle3/3b,compose.srv2.sleepmode.yml
vllm_cold_minus_wake_card_mib,20,MiB,,,srv2,srv2@hosts.json-decl-2026-09-03,vllm,vllm/vllm-openai@ffb2d59b1c05,Qwen2.5-Coder-3B-Instruct-AWQ,,AWQ,,8,4096,,n/a,auto,0.26,yes,service_started,pair,,,unrecorded,,,2026-09-10,records/measurements/flexibility-2026-09-09/results-q15-cycles.json,q15c-sleepmode-4/cycle3/3b,compose.srv2.sleepmode.yml
wake_s_vllm_L2,0.242,s,,,srv2,srv2@hosts.json-decl-2026-09-03,vllm,vllm/vllm-openai@ffb2d59b1c05,Qwen2.5-Coder-3B-Instruct-AWQ,,AWQ,,8,4096,,n/a,auto,0.26,yes,service_started,pair,,,unrecorded,L2 wake,POST /wake_up round trip,2026-09-10,records/measurements/flexibility-2026-09-09/results-q15-cycles.json,q15c-sleepmode-4/cycle3/3b,compose.srv2.sleepmode.yml
sleep_s_vllm_L2,0.246,s,,,srv2,srv2@hosts.json-decl-2026-09-03,vllm,vllm/vllm-openai@ffb2d59b1c05,Qwen2.5-Coder-3B-Instruct-AWQ,,AWQ,,8,4096,,n/a,auto,0.26,yes,service_started,pair,,,unrecorded,,POST /sleep?level=2 round trip,2026-09-10,records/measurements/flexibility-2026-09-09/results-q15-cycles.json,q15c-sleepmode-4/cycle3/3b,compose.srv2.sleepmode.yml
restarts,0,count,,,srv2,srv2@hosts.json-decl-2026-09-03,vllm,vllm/vllm-openai@ffb2d59b1c05,Qwen2.5-Coder-7B-Instruct-AWQ,,AWQ,,8,4096,,n/a,auto,0.72,yes,service_started,pair,,,unrecorded,,,2026-09-10,records/measurements/flexibility-2026-09-09/results-q15-cycles.json,q15c-sleepmode-4/7b,compose.srv2.sleepmode.yml
vllm_unit_card_cold_mib,7544,MiB,,,srv2,srv2@hosts.json-decl-2026-09-03,vllm,vllm/vllm-openai@ffb2d59b1c05,Qwen2.5-Coder-7B-Instruct-AWQ,,AWQ,,8,4096,,n/a,auto,0.72,yes,service_started,pair,,,unrecorded,after cold start,"nvidia-smi per pid, cgroup-attributed",2026-09-10,records/measurements/flexibility-2026-09-09/results-q15-cycles.json,q15c-sleepmode-4/serving-0/7b,compose.srv2.sleepmode.yml
decode_tok_s,68.9,tok/s,,,srv2,srv2@hosts.json-decl-2026-09-03,vllm,vllm/vllm-openai@ffb2d59b1c05,Qwen2.5-Coder-7B-Instruct-AWQ,,AWQ,,8,4096,,n/a,auto,0.72,yes,service_started,pair,,,unrecorded,"single sample, no discard (first request after cold start)",sleep_cycles.tok -> rig.decode_vllm,2026-09-10,records/measurements/flexibility-2026-09-09/results-q15-cycles.json,q15c-sleepmode-4/serving-0/7b,compose.srv2.sleepmode.yml
decode_tok_s,68.89,tok/s,,,srv2,srv2@hosts.json-decl-2026-09-03,vllm,vllm/vllm-openai@ffb2d59b1c05,Qwen2.5-Coder-7B-Instruct-AWQ,,AWQ,,8,4096,,n/a,auto,0.72,yes,service_started,pair,,,unrecorded,"single sample, no discard (first request after L2 wake)",sleep_cycles.tok -> rig.decode_vllm,2026-09-10,records/measurements/flexibility-2026-09-09/results-q15-cycles.json,q15c-sleepmode-4/serving-1/7b,compose.srv2.sleepmode.yml
decode_tok_s,68.91,tok/s,,,srv2,srv2@hosts.json-decl-2026-09-03,vllm,vllm/vllm-openai@ffb2d59b1c05,Qwen2.5-Coder-7B-Instruct-AWQ,,AWQ,,8,4096,,n/a,auto,0.72,yes,service_started,pair,,,unrecorded,"single sample, no discard (first request after L2 wake)",sleep_cycles.tok -> rig.decode_vllm,2026-09-10,records/measurements/flexibility-2026-09-09/results-q15-cycles.json,q15c-sleepmode-4/serving-2/7b,compose.srv2.sleepmode.yml
decode_tok_s,68.93,tok/s,,,srv2,srv2@hosts.json-decl-2026-09-03,vllm,vllm/vllm-openai@ffb2d59b1c05,Qwen2.5-Coder-7B-Instruct-AWQ,,AWQ,,8,4096,,n/a,auto,0.72,yes,service_started,pair,,,unrecorded,"single sample, no discard (first request after L2 wake)",sleep_cycles.tok -> rig.decode_vllm,2026-09-10,records/measurements/flexibility-2026-09-09/results-q15-cycles.json,q15c-sleepmode-4/serving-3/7b,compose.srv2.sleepmode.yml
vllm_L2_residual_mib,234,MiB,,,srv2,srv2@hosts.json-decl-2026-09-03,vllm,vllm/vllm-openai@ffb2d59b1c05,Qwen2.5-Coder-7B-Instruct-AWQ,,AWQ,,8,4096,,n/a,auto,0.72,yes,service_started,pair,,,unrecorded,,"per pid, cgroup-attributed",2026-09-10,records/measurements/flexibility-2026-09-09/results-q15-cycles.json,q15c-sleepmode-4/cycle1/7b,compose.srv2.sleepmode.yml
vllm_unit_card_after_wake_mib,7524,MiB,,,srv2,srv2@hosts.json-decl-2026-09-03,vllm,vllm/vllm-openai@ffb2d59b1c05,Qwen2.5-Coder-7B-Instruct-AWQ,,AWQ,,8,4096,,n/a,auto,0.72,yes,service_started,pair,,,unrecorded,,,2026-09-10,records/measurements/flexibility-2026-09-09/results-q15-cycles.json,q15c-sleepmode-4/cycle1/7b,compose.srv2.sleepmode.yml
vllm_cold_minus_wake_card_mib,20,MiB,,,srv2,srv2@hosts.json-decl-2026-09-03,vllm,vllm/vllm-openai@ffb2d59b1c05,Qwen2.5-Coder-7B-Instruct-AWQ,,AWQ,,8,4096,,n/a,auto,0.72,yes,service_started,pair,,,unrecorded,,,2026-09-10,records/measurements/flexibility-2026-09-09/results-q15-cycles.json,q15c-sleepmode-4/cycle1/7b,compose.srv2.sleepmode.yml
wake_s_vllm_L2,0.314,s,,,srv2,srv2@hosts.json-decl-2026-09-03,vllm,vllm/vllm-openai@ffb2d59b1c05,Qwen2.5-Coder-7B-Instruct-AWQ,,AWQ,,8,4096,,n/a,auto,0.72,yes,service_started,pair,,,unrecorded,L2 wake,POST /wake_up round trip,2026-09-10,records/measurements/flexibility-2026-09-09/results-q15-cycles.json,q15c-sleepmode-4/cycle1/7b,compose.srv2.sleepmode.yml
sleep_s_vllm_L2,0.312,s,,,srv2,srv2@hosts.json-decl-2026-09-03,vllm,vllm/vllm-openai@ffb2d59b1c05,Qwen2.5-Coder-7B-Instruct-AWQ,,AWQ,,8,4096,,n/a,auto,0.72,yes,service_started,pair,,,unrecorded,,POST /sleep?level=2 round trip,2026-09-10,records/measurements/flexibility-2026-09-09/results-q15-cycles.json,q15c-sleepmode-4/cycle1/7b,compose.srv2.sleepmode.yml
vllm_L2_residual_mib,234,MiB,,,srv2,srv2@hosts.json-decl-2026-09-03,vllm,vllm/vllm-openai@ffb2d59b1c05,Qwen2.5-Coder-7B-Instruct-AWQ,,AWQ,,8,4096,,n/a,auto,0.72,yes,service_started,pair,,,unrecorded,,"per pid, cgroup-attributed",2026-09-10,records/measurements/flexibility-2026-09-09/results-q15-cycles.json,q15c-sleepmode-4/cycle2/7b,compose.srv2.sleepmode.yml
vllm_unit_card_after_wake_mib,7524,MiB,,,srv2,srv2@hosts.json-decl-2026-09-03,vllm,vllm/vllm-openai@ffb2d59b1c05,Qwen2.5-Coder-7B-Instruct-AWQ,,AWQ,,8,4096,,n/a,auto,0.72,yes,service_started,pair,,,unrecorded,,,2026-09-10,records/measurements/flexibility-2026-09-09/results-q15-cycles.json,q15c-sleepmode-4/cycle2/7b,compose.srv2.sleepmode.yml
vllm_cold_minus_wake_card_mib,20,MiB,,,srv2,srv2@hosts.json-decl-2026-09-03,vllm,vllm/vllm-openai@ffb2d59b1c05,Qwen2.5-Coder-7B-Instruct-AWQ,,AWQ,,8,4096,,n/a,auto,0.72,yes,service_started,pair,,,unrecorded,,,2026-09-10,records/measurements/flexibility-2026-09-09/results-q15-cycles.json,q15c-sleepmode-4/cycle2/7b,compose.srv2.sleepmode.yml
wake_s_vllm_L2,0.317,s,,,srv2,srv2@hosts.json-decl-2026-09-03,vllm,vllm/vllm-openai@ffb2d59b1c05,Qwen2.5-Coder-7B-Instruct-AWQ,,AWQ,,8,4096,,n/a,auto,0.72,yes,service_started,pair,,,unrecorded,L2 wake,POST /wake_up round trip,2026-09-10,records/measurements/flexibility-2026-09-09/results-q15-cycles.json,q15c-sleepmode-4/cycle2/7b,compose.srv2.sleepmode.yml
sleep_s_vllm_L2,0.301,s,,,srv2,srv2@hosts.json-decl-2026-09-03,vllm,vllm/vllm-openai@ffb2d59b1c05,Qwen2.5-Coder-7B-Instruct-AWQ,,AWQ,,8,4096,,n/a,auto,0.72,yes,service_started,pair,,,unrecorded,,POST /sleep?level=2 round trip,2026-09-10,records/measurements/flexibility-2026-09-09/results-q15-cycles.json,q15c-sleepmode-4/cycle2/7b,compose.srv2.sleepmode.yml
vllm_L2_residual_mib,234,MiB,,,srv2,srv2@hosts.json-decl-2026-09-03,vllm,vllm/vllm-openai@ffb2d59b1c05,Qwen2.5-Coder-7B-Instruct-AWQ,,AWQ,,8,4096,,n/a,auto,0.72,yes,service_started,pair,,,unrecorded,,"per pid, cgroup-attributed",2026-09-10,records/measurements/flexibility-2026-09-09/results-q15-cycles.json,q15c-sleepmode-4/cycle3/7b,compose.srv2.sleepmode.yml
vllm_unit_card_after_wake_mib,7524,MiB,,,srv2,srv2@hosts.json-decl-2026-09-03,vllm,vllm/vllm-openai@ffb2d59b1c05,Qwen2.5-Coder-7B-Instruct-AWQ,,AWQ,,8,4096,,n/a,auto,0.72,yes,service_started,pair,,,unrecorded,,,2026-09-10,records/measurements/flexibility-2026-09-09/results-q15-cycles.json,q15c-sleepmode-4/cycle3/7b,compose.srv2.sleepmode.yml
vllm_cold_minus_wake_card_mib,20,MiB,,,srv2,srv2@hosts.json-decl-2026-09-03,vllm,vllm/vllm-openai@ffb2d59b1c05,Qwen2.5-Coder-7B-Instruct-AWQ,,AWQ,,8,4096,,n/a,auto,0.72,yes,service_started,pair,,,unrecorded,,,2026-09-10,records/measurements/flexibility-2026-09-09/results-q15-cycles.json,q15c-sleepmode-4/cycle3/7b,compose.srv2.sleepmode.yml
wake_s_vllm_L2,0.315,s,,,srv2,srv2@hosts.json-decl-2026-09-03,vllm,vllm/vllm-openai@ffb2d59b1c05,Qwen2.5-Coder-7B-Instruct-AWQ,,AWQ,,8,4096,,n/a,auto,0.72,yes,service_started,pair,,,unrecorded,L2 wake,POST /wake_up round trip,2026-09-10,records/measurements/flexibility-2026-09-09/results-q15-cycles.json,q15c-sleepmode-4/cycle3/7b,compose.srv2.sleepmode.yml
sleep_s_vllm_L2,0.299,s,,,srv2,srv2@hosts.json-decl-2026-09-03,vllm,vllm/vllm-openai@ffb2d59b1c05,Qwen2.5-Coder-7B-Instruct-AWQ,,AWQ,,8,4096,,n/a,auto,0.72,yes,service_started,pair,,,unrecorded,,POST /sleep?level=2 round trip,2026-09-10,records/measurements/flexibility-2026-09-09/results-q15-cycles.json,q15c-sleepmode-4/cycle3/7b,compose.srv2.sleepmode.yml
card_vs_prediction_mib,7521,MiB,7526.0,-5.0,srv2,srv2@hosts.json-decl-2026-09-03,llamacpp,llamacpp:b10644-L3,Qwen3-Next-80B-A3B-Instruct-Q3_K_M.gguf,qwen3next,Q3_K_M,41,2,8192,512,mapped,f16,,n/a,,"vLLM 3B+7B pair, 7b asleep L2",,,unrecorded,,card used all three minus with-sleeper vs vramfit.floor prediction,2026-09-10,records/measurements/flexibility-2026-09-09/results-q16b-offdoor.json,q16b-80b-with-3b-awake-7b-asleep-1,compose.srv2-80b-offdoor-ncmoe41.yml
wake_s,98.2045,s,,,srv2,srv2@hosts.json-decl-2026-09-03,llamacpp,llamacpp:b10644-L3,Qwen3-Next-80B-A3B-Instruct-Q3_K_M.gguf,qwen3next,Q3_K_M,41,2,8192,512,mapped,f16,,n/a,,"vLLM 3B+7B pair, 7b asleep L2",,,unrecorded,cold start,"off-door, wait_models",2026-09-10,records/measurements/flexibility-2026-09-09/results-q16b-offdoor.json,q16b-80b-with-3b-awake-7b-asleep-1,compose.srv2-80b-offdoor-ncmoe41.yml
restarts,0,count,,,srv2,srv2@hosts.json-decl-2026-09-03,llamacpp,llamacpp:b10644-L3,Qwen3-Next-80B-A3B-Instruct-Q3_K_M.gguf,qwen3next,Q3_K_M,41,2,8192,512,mapped,f16,,n/a,,"vLLM 3B+7B pair, 7b asleep L2",,,unrecorded,,,2026-09-10,records/measurements/flexibility-2026-09-09/results-q16b-offdoor.json,q16b-80b-with-3b-awake-7b-asleep-1,compose.srv2-80b-offdoor-ncmoe41.yml
decode_tok_s,10.8305,tok/s,,,srv2,srv2@hosts.json-decl-2026-09-03,llamacpp,llamacpp:b10644-L3,Qwen3-Next-80B-A3B-Instruct-Q3_K_M.gguf,qwen3next,Q3_K_M,41,2,8192,512,mapped,f16,,n/a,,"vLLM 3B+7B pair, 7b asleep L2",,,unrecorded,"cold (first request, 1 sample)",,2026-09-10,records/measurements/flexibility-2026-09-09/results-q16b-offdoor.json,q16b-80b-with-3b-awake-7b-asleep-1,compose.srv2-80b-offdoor-ncmoe41.yml
decode_tok_s,28.4151,tok/s,,,srv2,srv2@hosts.json-decl-2026-09-03,llamacpp,llamacpp:b10644-L3,Qwen3-Next-80B-A3B-Instruct-Q3_K_M.gguf,qwen3next,Q3_K_M,41,2,8192,512,mapped,f16,,n/a,,"vLLM 3B+7B pair, 7b asleep L2",,,unrecorded,warm (1 discarded + mean of 3),,2026-09-10,records/measurements/flexibility-2026-09-09/results-q16b-offdoor.json,q16b-80b-with-3b-awake-7b-asleep-1,"compose.srv2-80b-offdoor-ncmoe41.yml; samples=[28.39, 28.41, 28.45]"
vllm_unit_card_cold_mib,7544,MiB,,,srv2,srv2@hosts.json-decl-2026-09-03,vllm,vllm/vllm-openai@ffb2d59b1c05,Qwen2.5-Coder-7B-Instruct-AWQ,,AWQ,,8,4096,,n/a,auto,0.72,yes,,pair,,,unrecorded,,"per pid, cgroup-attributed",2026-09-10,records/measurements/flexibility-2026-09-09/results-q16b-offdoor.json,q16b-80b-with-3b-awake-7b-asleep-1/pair_up/7b,compose.srv2.sleepmode.yml
vllm_L2_residual_mib,234,MiB,,,srv2,srv2@hosts.json-decl-2026-09-03,vllm,vllm/vllm-openai@ffb2d59b1c05,Qwen2.5-Coder-7B-Instruct-AWQ,,AWQ,,8,4096,,n/a,auto,0.72,yes,,pair,,,unrecorded,,,2026-09-10,records/measurements/flexibility-2026-09-09/results-q16b-offdoor.json,q16b-80b-with-3b-awake-7b-asleep-1/asleep/7b,compose.srv2.sleepmode.yml
vllm_unit_card_cold_mib,3810,MiB,,,srv2,srv2@hosts.json-decl-2026-09-03,vllm,vllm/vllm-openai@ffb2d59b1c05,Qwen2.5-Coder-3B-Instruct-AWQ,,AWQ,,8,4096,,n/a,auto,0.26,yes,service_started,pair,,,unrecorded,,"per pid, cgroup-attributed",2026-09-10,records/measurements/flexibility-2026-09-09/results-q16b-offdoor.json,q16b-80b-with-3b-awake-7b-asleep-1/pair_up/3b,compose.srv2.sleepmode.yml
decode_tok_s,127.8561,tok/s,,,srv2,srv2@hosts.json-decl-2026-09-03,vllm,vllm/vllm-openai@ffb2d59b1c05,Qwen2.5-Coder-3B-Instruct-AWQ,,AWQ,,8,4096,,n/a,auto,0.26,yes,service_started,80B + sleeper on card,,,,"single sample, no discard (unit long-running)",,2026-09-10,records/measurements/flexibility-2026-09-09/results-q16b-offdoor.json,q16b-80b-with-3b-awake-7b-asleep-1/awake/3b,compose.srv2.sleepmode.yml
card_vs_prediction_mib,7521,MiB,7526.0,-5.0,srv2,srv2@hosts.json-decl-2026-09-03,llamacpp,llamacpp:b10644-L3,Qwen3-Next-80B-A3B-Instruct-Q3_K_M.gguf,qwen3next,Q3_K_M,41,2,8192,512,mapped,f16,,n/a,,"vLLM 3B+7B pair, 7b asleep L2",,,unrecorded,,card used all three minus with-sleeper vs vramfit.floor prediction,2026-09-10,records/measurements/flexibility-2026-09-09/results-q16b-offdoor.json,q16b-80b-with-3b-awake-7b-asleep-2,compose.srv2-80b-offdoor-ncmoe41.yml
wake_s,99.8358,s,,,srv2,srv2@hosts.json-decl-2026-09-03,llamacpp,llamacpp:b10644-L3,Qwen3-Next-80B-A3B-Instruct-Q3_K_M.gguf,qwen3next,Q3_K_M,41,2,8192,512,mapped,f16,,n/a,,"vLLM 3B+7B pair, 7b asleep L2",,,unrecorded,cold start,"off-door, wait_models",2026-09-10,records/measurements/flexibility-2026-09-09/results-q16b-offdoor.json,q16b-80b-with-3b-awake-7b-asleep-2,compose.srv2-80b-offdoor-ncmoe41.yml
restarts,0,count,,,srv2,srv2@hosts.json-decl-2026-09-03,llamacpp,llamacpp:b10644-L3,Qwen3-Next-80B-A3B-Instruct-Q3_K_M.gguf,qwen3next,Q3_K_M,41,2,8192,512,mapped,f16,,n/a,,"vLLM 3B+7B pair, 7b asleep L2",,,unrecorded,,,2026-09-10,records/measurements/flexibility-2026-09-09/results-q16b-offdoor.json,q16b-80b-with-3b-awake-7b-asleep-2,compose.srv2-80b-offdoor-ncmoe41.yml
decode_tok_s,11.1094,tok/s,,,srv2,srv2@hosts.json-decl-2026-09-03,llamacpp,llamacpp:b10644-L3,Qwen3-Next-80B-A3B-Instruct-Q3_K_M.gguf,qwen3next,Q3_K_M,41,2,8192,512,mapped,f16,,n/a,,"vLLM 3B+7B pair, 7b asleep L2",,,unrecorded,"cold (first request, 1 sample)",,2026-09-10,records/measurements/flexibility-2026-09-09/results-q16b-offdoor.json,q16b-80b-with-3b-awake-7b-asleep-2,compose.srv2-80b-offdoor-ncmoe41.yml
decode_tok_s,28.1839,tok/s,,,srv2,srv2@hosts.json-decl-2026-09-03,llamacpp,llamacpp:b10644-L3,Qwen3-Next-80B-A3B-Instruct-Q3_K_M.gguf,qwen3next,Q3_K_M,41,2,8192,512,mapped,f16,,n/a,,"vLLM 3B+7B pair, 7b asleep L2",,,unrecorded,warm (1 discarded + mean of 3),,2026-09-10,records/measurements/flexibility-2026-09-09/results-q16b-offdoor.json,q16b-80b-with-3b-awake-7b-asleep-2,"compose.srv2-80b-offdoor-ncmoe41.yml; samples=[28.19, 28.16, 28.2]"
vllm_unit_card_cold_mib,7544,MiB,,,srv2,srv2@hosts.json-decl-2026-09-03,vllm,vllm/vllm-openai@ffb2d59b1c05,Qwen2.5-Coder-7B-Instruct-AWQ,,AWQ,,8,4096,,n/a,auto,0.72,yes,,pair,,,unrecorded,,"per pid, cgroup-attributed",2026-09-10,records/measurements/flexibility-2026-09-09/results-q16b-offdoor.json,q16b-80b-with-3b-awake-7b-asleep-2/pair_up/7b,compose.srv2.sleepmode.yml
vllm_L2_residual_mib,234,MiB,,,srv2,srv2@hosts.json-decl-2026-09-03,vllm,vllm/vllm-openai@ffb2d59b1c05,Qwen2.5-Coder-7B-Instruct-AWQ,,AWQ,,8,4096,,n/a,auto,0.72,yes,,pair,,,unrecorded,,,2026-09-10,records/measurements/flexibility-2026-09-09/results-q16b-offdoor.json,q16b-80b-with-3b-awake-7b-asleep-2/asleep/7b,compose.srv2.sleepmode.yml
vllm_unit_card_cold_mib,3810,MiB,,,srv2,srv2@hosts.json-decl-2026-09-03,vllm,vllm/vllm-openai@ffb2d59b1c05,Qwen2.5-Coder-3B-Instruct-AWQ,,AWQ,,8,4096,,n/a,auto,0.26,yes,service_started,pair,,,unrecorded,,"per pid, cgroup-attributed",2026-09-10,records/measurements/flexibility-2026-09-09/results-q16b-offdoor.json,q16b-80b-with-3b-awake-7b-asleep-2/pair_up/3b,compose.srv2.sleepmode.yml
decode_tok_s,128.5216,tok/s,,,srv2,srv2@hosts.json-decl-2026-09-03,vllm,vllm/vllm-openai@ffb2d59b1c05,Qwen2.5-Coder-3B-Instruct-AWQ,,AWQ,,8,4096,,n/a,auto,0.26,yes,service_started,80B + sleeper on card,,,,"single sample, no discard (unit long-running)",,2026-09-10,records/measurements/flexibility-2026-09-09/results-q16b-offdoor.json,q16b-80b-with-3b-awake-7b-asleep-2/awake/3b,compose.srv2.sleepmode.yml
card_vs_prediction_mib,3879,MiB,3886.0,-7.0,srv2,srv2@hosts.json-decl-2026-09-03,llamacpp,llamacpp:b10644-L3,Qwen3-Next-80B-A3B-Instruct-Q3_K_M.gguf,qwen3next,Q3_K_M,46,2,8192,512,mapped,f16,,n/a,,"vLLM 3B+7B pair, 3b asleep L2",,,unrecorded,,card used all three minus with-sleeper vs vramfit.floor prediction,2026-09-10,records/measurements/flexibility-2026-09-09/results-q16b-offdoor.json,q16b-80b-with-7b-awake-3b-asleep-1,compose.srv2-80b-offdoor-ncmoe46.yml
wake_s,100.2585,s,,,srv2,srv2@hosts.json-decl-2026-09-03,llamacpp,llamacpp:b10644-L3,Qwen3-Next-80B-A3B-Instruct-Q3_K_M.gguf,qwen3next,Q3_K_M,46,2,8192,512,mapped,f16,,n/a,,"vLLM 3B+7B pair, 3b asleep L2",,,unrecorded,cold start,"off-door, wait_models",2026-09-10,records/measurements/flexibility-2026-09-09/results-q16b-offdoor.json,q16b-80b-with-7b-awake-3b-asleep-1,compose.srv2-80b-offdoor-ncmoe46.yml
restarts,0,count,,,srv2,srv2@hosts.json-decl-2026-09-03,llamacpp,llamacpp:b10644-L3,Qwen3-Next-80B-A3B-Instruct-Q3_K_M.gguf,qwen3next,Q3_K_M,46,2,8192,512,mapped,f16,,n/a,,"vLLM 3B+7B pair, 3b asleep L2",,,unrecorded,,,2026-09-10,records/measurements/flexibility-2026-09-09/results-q16b-offdoor.json,q16b-80b-with-7b-awake-3b-asleep-1,compose.srv2-80b-offdoor-ncmoe46.yml
decode_tok_s,10.8806,tok/s,,,srv2,srv2@hosts.json-decl-2026-09-03,llamacpp,llamacpp:b10644-L3,Qwen3-Next-80B-A3B-Instruct-Q3_K_M.gguf,qwen3next,Q3_K_M,46,2,8192,512,mapped,f16,,n/a,,"vLLM 3B+7B pair, 3b asleep L2",,,unrecorded,"cold (first request, 1 sample)",,2026-09-10,records/measurements/flexibility-2026-09-09/results-q16b-offdoor.json,q16b-80b-with-7b-awake-3b-asleep-1,compose.srv2-80b-offdoor-ncmoe46.yml
decode_tok_s,25.3279,tok/s,,,srv2,srv2@hosts.json-decl-2026-09-03,llamacpp,llamacpp:b10644-L3,Qwen3-Next-80B-A3B-Instruct-Q3_K_M.gguf,qwen3next,Q3_K_M,46,2,8192,512,mapped,f16,,n/a,,"vLLM 3B+7B pair, 3b asleep L2",,,unrecorded,warm (1 discarded + mean of 3),,2026-09-10,records/measurements/flexibility-2026-09-09/results-q16b-offdoor.json,q16b-80b-with-7b-awake-3b-asleep-1,"compose.srv2-80b-offdoor-ncmoe46.yml; samples=[25.26, 25.25, 25.48]"
vllm_unit_card_cold_mib,7544,MiB,,,srv2,srv2@hosts.json-decl-2026-09-03,vllm,vllm/vllm-openai@ffb2d59b1c05,Qwen2.5-Coder-7B-Instruct-AWQ,,AWQ,,8,4096,,n/a,auto,0.72,yes,,pair,,,unrecorded,,"per pid, cgroup-attributed",2026-09-10,records/measurements/flexibility-2026-09-09/results-q16b-offdoor.json,q16b-80b-with-7b-awake-3b-asleep-1/pair_up/7b,compose.srv2.sleepmode.yml
vllm_unit_card_cold_mib,3810,MiB,,,srv2,srv2@hosts.json-decl-2026-09-03,vllm,vllm/vllm-openai@ffb2d59b1c05,Qwen2.5-Coder-3B-Instruct-AWQ,,AWQ,,8,4096,,n/a,auto,0.26,yes,service_started,pair,,,unrecorded,,"per pid, cgroup-attributed",2026-09-10,records/measurements/flexibility-2026-09-09/results-q16b-offdoor.json,q16b-80b-with-7b-awake-3b-asleep-1/pair_up/3b,compose.srv2.sleepmode.yml
vllm_L2_residual_mib,228,MiB,,,srv2,srv2@hosts.json-decl-2026-09-03,vllm,vllm/vllm-openai@ffb2d59b1c05,Qwen2.5-Coder-3B-Instruct-AWQ,,AWQ,,8,4096,,n/a,auto,0.26,yes,service_started,pair,,,unrecorded,,,2026-09-10,records/measurements/flexibility-2026-09-09/results-q16b-offdoor.json,q16b-80b-with-7b-awake-3b-asleep-1/asleep/3b,compose.srv2.sleepmode.yml
decode_tok_s,68.7065,tok/s,,,srv2,srv2@hosts.json-decl-2026-09-03,vllm,vllm/vllm-openai@ffb2d59b1c05,Qwen2.5-Coder-7B-Instruct-AWQ,,AWQ,,8,4096,,n/a,auto,0.72,yes,,80B + sleeper on card,,,,"single sample, no discard (unit long-running)",,2026-09-10,records/measurements/flexibility-2026-09-09/results-q16b-offdoor.json,q16b-80b-with-7b-awake-3b-asleep-1/awake/7b,compose.srv2.sleepmode.yml
card_vs_prediction_mib,3879,MiB,3886.0,-7.0,srv2,srv2@hosts.json-decl-2026-09-03,llamacpp,llamacpp:b10644-L3,Qwen3-Next-80B-A3B-Instruct-Q3_K_M.gguf,qwen3next,Q3_K_M,46,2,8192,512,mapped,f16,,n/a,,"vLLM 3B+7B pair, 3b asleep L2",,,unrecorded,,card used all three minus with-sleeper vs vramfit.floor prediction,2026-09-10,records/measurements/flexibility-2026-09-09/results-q16b-offdoor.json,q16b-80b-with-7b-awake-3b-asleep-2,compose.srv2-80b-offdoor-ncmoe46.yml
wake_s,99.4162,s,,,srv2,srv2@hosts.json-decl-2026-09-03,llamacpp,llamacpp:b10644-L3,Qwen3-Next-80B-A3B-Instruct-Q3_K_M.gguf,qwen3next,Q3_K_M,46,2,8192,512,mapped,f16,,n/a,,"vLLM 3B+7B pair, 3b asleep L2",,,unrecorded,cold start,"off-door, wait_models",2026-09-10,records/measurements/flexibility-2026-09-09/results-q16b-offdoor.json,q16b-80b-with-7b-awake-3b-asleep-2,compose.srv2-80b-offdoor-ncmoe46.yml
restarts,0,count,,,srv2,srv2@hosts.json-decl-2026-09-03,llamacpp,llamacpp:b10644-L3,Qwen3-Next-80B-A3B-Instruct-Q3_K_M.gguf,qwen3next,Q3_K_M,46,2,8192,512,mapped,f16,,n/a,,"vLLM 3B+7B pair, 3b asleep L2",,,unrecorded,,,2026-09-10,records/measurements/flexibility-2026-09-09/results-q16b-offdoor.json,q16b-80b-with-7b-awake-3b-asleep-2,compose.srv2-80b-offdoor-ncmoe46.yml
decode_tok_s,9.4079,tok/s,,,srv2,srv2@hosts.json-decl-2026-09-03,llamacpp,llamacpp:b10644-L3,Qwen3-Next-80B-A3B-Instruct-Q3_K_M.gguf,qwen3next,Q3_K_M,46,2,8192,512,mapped,f16,,n/a,,"vLLM 3B+7B pair, 3b asleep L2",,,unrecorded,"cold (first request, 1 sample)",,2026-09-10,records/measurements/flexibility-2026-09-09/results-q16b-offdoor.json,q16b-80b-with-7b-awake-3b-asleep-2,compose.srv2-80b-offdoor-ncmoe46.yml
decode_tok_s,24.5583,tok/s,,,srv2,srv2@hosts.json-decl-2026-09-03,llamacpp,llamacpp:b10644-L3,Qwen3-Next-80B-A3B-Instruct-Q3_K_M.gguf,qwen3next,Q3_K_M,46,2,8192,512,mapped,f16,,n/a,,"vLLM 3B+7B pair, 3b asleep L2",,,unrecorded,warm (1 discarded + mean of 3),,2026-09-10,records/measurements/flexibility-2026-09-09/results-q16b-offdoor.json,q16b-80b-with-7b-awake-3b-asleep-2,"compose.srv2-80b-offdoor-ncmoe46.yml; samples=[24.65, 24.48, 24.55]"
vllm_unit_card_cold_mib,7544,MiB,,,srv2,srv2@hosts.json-decl-2026-09-03,vllm,vllm/vllm-openai@ffb2d59b1c05,Qwen2.5-Coder-7B-Instruct-AWQ,,AWQ,,8,4096,,n/a,auto,0.72,yes,,pair,,,unrecorded,,"per pid, cgroup-attributed",2026-09-10,records/measurements/flexibility-2026-09-09/results-q16b-offdoor.json,q16b-80b-with-7b-awake-3b-asleep-2/pair_up/7b,compose.srv2.sleepmode.yml
vllm_unit_card_cold_mib,3810,MiB,,,srv2,srv2@hosts.json-decl-2026-09-03,vllm,vllm/vllm-openai@ffb2d59b1c05,Qwen2.5-Coder-3B-Instruct-AWQ,,AWQ,,8,4096,,n/a,auto,0.26,yes,service_started,pair,,,unrecorded,,"per pid, cgroup-attributed",2026-09-10,records/measurements/flexibility-2026-09-09/results-q16b-offdoor.json,q16b-80b-with-7b-awake-3b-asleep-2/pair_up/3b,compose.srv2.sleepmode.yml
vllm_L2_residual_mib,228,MiB,,,srv2,srv2@hosts.json-decl-2026-09-03,vllm,vllm/vllm-openai@ffb2d59b1c05,Qwen2.5-Coder-3B-Instruct-AWQ,,AWQ,,8,4096,,n/a,auto,0.26,yes,service_started,pair,,,unrecorded,,,2026-09-10,records/measurements/flexibility-2026-09-09/results-q16b-offdoor.json,q16b-80b-with-7b-awake-3b-asleep-2/asleep/3b,compose.srv2.sleepmode.yml
decode_tok_s,68.7342,tok/s,,,srv2,srv2@hosts.json-decl-2026-09-03,vllm,vllm/vllm-openai@ffb2d59b1c05,Qwen2.5-Coder-7B-Instruct-AWQ,,AWQ,,8,4096,,n/a,auto,0.72,yes,,80B + sleeper on card,,,,"single sample, no discard (unit long-running)",,2026-09-10,records/measurements/flexibility-2026-09-09/results-q16b-offdoor.json,q16b-80b-with-7b-awake-3b-asleep-2/awake/7b,compose.srv2.sleepmode.yml
decode_tok_s,129.23,tok/s,,,srv2,srv2@hosts.json-decl-2026-09-03,vllm,vllm/vllm-openai@ffb2d59b1c05,Qwen2.5-Coder-3B-Instruct-AWQ,,AWQ,,8,4096,,n/a,auto,0.26,yes,service_started,pair,,,60 (METHOD.md:60),single sample (unit long-running),,2026-09-09,records/measurements/fleet-gaps-2026-09-09/m6-m7-sleep-matrix.json,baseline-both-serving/3b,compose.srv2.sleepmode.yml (README M6); pid attributed by which drops at 3B-asleep step
decode_tok_s,68.87,tok/s,,,srv2,srv2@hosts.json-decl-2026-09-03,vllm,vllm/vllm-openai@ffb2d59b1c05,Qwen2.5-Coder-7B-Instruct-AWQ,,AWQ,,8,4096,,n/a,auto,0.72,yes,,pair,,,60 (METHOD.md:60),single sample (unit long-running),,2026-09-09,records/measurements/fleet-gaps-2026-09-09/m6-m7-sleep-matrix.json,baseline-both-serving/7b,compose.srv2.sleepmode.yml (README M6); pid attributed by which drops at 3B-asleep step
sleep_s_vllm_L2,0.27,s,,,srv2,srv2@hosts.json-decl-2026-09-03,vllm,vllm/vllm-openai@ffb2d59b1c05,Qwen2.5-Coder-3B-Instruct-AWQ,,AWQ,,8,4096,,n/a,auto,0.26,yes,service_started,pair,,,60 (METHOD.md:60),,,2026-09-09,records/measurements/fleet-gaps-2026-09-09/m6-m7-sleep-matrix.json,L2-3b-alone-asleep/3b,compose.srv2.sleepmode.yml (README M6); pid attributed by which drops at 3B-asleep step
vllm_L2_residual_mib,228,MiB,,,srv2,srv2@hosts.json-decl-2026-09-03,vllm,vllm/vllm-openai@ffb2d59b1c05,Qwen2.5-Coder-3B-Instruct-AWQ,,AWQ,,8,4096,,n/a,auto,0.26,yes,service_started,pair,,,60 (METHOD.md:60),,,2026-09-09,records/measurements/fleet-gaps-2026-09-09/m6-m7-sleep-matrix.json,L2-3b-alone-asleep/3b,compose.srv2.sleepmode.yml (README M6); pid attributed by which drops at 3B-asleep step
vllm_L2_residual_mib,228,MiB,,,srv2,srv2@hosts.json-decl-2026-09-03,vllm,vllm/vllm-openai@ffb2d59b1c05,Qwen2.5-Coder-3B-Instruct-AWQ,,AWQ,,8,4096,,n/a,auto,0.26,yes,service_started,pair,,,60 (METHOD.md:60),,,2026-09-09,records/measurements/fleet-gaps-2026-09-09/m6-m7-sleep-matrix.json,L2-3b-asleep-7b-serving/3b,compose.srv2.sleepmode.yml (README M6); pid attributed by which drops at 3B-asleep step
wake_s_vllm_L2,0.25,s,,,srv2,srv2@hosts.json-decl-2026-09-03,vllm,vllm/vllm-openai@ffb2d59b1c05,Qwen2.5-Coder-3B-Instruct-AWQ,,AWQ,,8,4096,,n/a,auto,0.26,yes,service_started,pair,,,60 (METHOD.md:60),L2 wake,POST /wake_up round trip,2026-09-09,records/measurements/fleet-gaps-2026-09-09/m6-m7-sleep-matrix.json,L2-3b-alone-awake/3b,compose.srv2.sleepmode.yml (README M6); pid attributed by which drops at 3B-asleep step
decode_tok_s,127.99,tok/s,,,srv2,srv2@hosts.json-decl-2026-09-03,vllm,vllm/vllm-openai@ffb2d59b1c05,Qwen2.5-Coder-3B-Instruct-AWQ,,AWQ,,8,4096,,n/a,auto,0.26,yes,service_started,pair,,,60 (METHOD.md:60),single sample (unit long-running),,2026-09-09,records/measurements/fleet-gaps-2026-09-09/m6-m7-sleep-matrix.json,L2-3b-alone-awake/3b,compose.srv2.sleepmode.yml (README M6); pid attributed by which drops at 3B-asleep step
sleep_s_vllm_L2,0.32,s,,,srv2,srv2@hosts.json-decl-2026-09-03,vllm,vllm/vllm-openai@ffb2d59b1c05,Qwen2.5-Coder-7B-Instruct-AWQ,,AWQ,,8,4096,,n/a,auto,0.72,yes,,pair,,,60 (METHOD.md:60),,,2026-09-09,records/measurements/fleet-gaps-2026-09-09/m6-m7-sleep-matrix.json,L2-7b-alone-asleep/7b,compose.srv2.sleepmode.yml (README M6); pid attributed by which drops at 3B-asleep step
vllm_L2_residual_mib,234,MiB,,,srv2,srv2@hosts.json-decl-2026-09-03,vllm,vllm/vllm-openai@ffb2d59b1c05,Qwen2.5-Coder-7B-Instruct-AWQ,,AWQ,,8,4096,,n/a,auto,0.72,yes,,pair,,,60 (METHOD.md:60),,,2026-09-09,records/measurements/fleet-gaps-2026-09-09/m6-m7-sleep-matrix.json,L2-7b-alone-asleep/7b,compose.srv2.sleepmode.yml (README M6); pid attributed by which drops at 3B-asleep step
vllm_L2_residual_mib,234,MiB,,,srv2,srv2@hosts.json-decl-2026-09-03,vllm,vllm/vllm-openai@ffb2d59b1c05,Qwen2.5-Coder-7B-Instruct-AWQ,,AWQ,,8,4096,,n/a,auto,0.72,yes,,pair,,,60 (METHOD.md:60),,,2026-09-09,records/measurements/fleet-gaps-2026-09-09/m6-m7-sleep-matrix.json,L2-7b-asleep-3b-serving/7b,compose.srv2.sleepmode.yml (README M6); pid attributed by which drops at 3B-asleep step
wake_s_vllm_L2,0.32,s,,,srv2,srv2@hosts.json-decl-2026-09-03,vllm,vllm/vllm-openai@ffb2d59b1c05,Qwen2.5-Coder-7B-Instruct-AWQ,,AWQ,,8,4096,,n/a,auto,0.72,yes,,pair,,,60 (METHOD.md:60),L2 wake,POST /wake_up round trip,2026-09-09,records/measurements/fleet-gaps-2026-09-09/m6-m7-sleep-matrix.json,L2-7b-alone-awake/7b,compose.srv2.sleepmode.yml (README M6); pid attributed by which drops at 3B-asleep step
decode_tok_s,69.03,tok/s,,,srv2,srv2@hosts.json-decl-2026-09-03,vllm,vllm/vllm-openai@ffb2d59b1c05,Qwen2.5-Coder-7B-Instruct-AWQ,,AWQ,,8,4096,,n/a,auto,0.72,yes,,pair,,,60 (METHOD.md:60),single sample (unit long-running),,2026-09-09,records/measurements/fleet-gaps-2026-09-09/m6-m7-sleep-matrix.json,L2-7b-alone-awake/7b,compose.srv2.sleepmode.yml (README M6); pid attributed by which drops at 3B-asleep step
sleep_s_vllm_L2,0.24,s,,,srv2,srv2@hosts.json-decl-2026-09-03,vllm,vllm/vllm-openai@ffb2d59b1c05,Qwen2.5-Coder-3B-Instruct-AWQ,,AWQ,,8,4096,,n/a,auto,0.26,yes,service_started,pair,,,60 (METHOD.md:60),,,2026-09-09,records/measurements/fleet-gaps-2026-09-09/m6-m7-sleep-matrix.json,L2-both-asleep/3b,compose.srv2.sleepmode.yml (README M6); pid attributed by which drops at 3B-asleep step
vllm_L2_residual_mib,228,MiB,,,srv2,srv2@hosts.json-decl-2026-09-03,vllm,vllm/vllm-openai@ffb2d59b1c05,Qwen2.5-Coder-3B-Instruct-AWQ,,AWQ,,8,4096,,n/a,auto,0.26,yes,service_started,pair,,,60 (METHOD.md:60),,,2026-09-09,records/measurements/fleet-gaps-2026-09-09/m6-m7-sleep-matrix.json,L2-both-asleep/3b,compose.srv2.sleepmode.yml (README M6); pid attributed by which drops at 3B-asleep step
sleep_s_vllm_L2,0.29,s,,,srv2,srv2@hosts.json-decl-2026-09-03,vllm,vllm/vllm-openai@ffb2d59b1c05,Qwen2.5-Coder-7B-Instruct-AWQ,,AWQ,,8,4096,,n/a,auto,0.72,yes,,pair,,,60 (METHOD.md:60),,,2026-09-09,records/measurements/fleet-gaps-2026-09-09/m6-m7-sleep-matrix.json,L2-both-asleep/7b,compose.srv2.sleepmode.yml (README M6); pid attributed by which drops at 3B-asleep step
vllm_L2_residual_mib,234,MiB,,,srv2,srv2@hosts.json-decl-2026-09-03,vllm,vllm/vllm-openai@ffb2d59b1c05,Qwen2.5-Coder-7B-Instruct-AWQ,,AWQ,,8,4096,,n/a,auto,0.72,yes,,pair,,,60 (METHOD.md:60),,,2026-09-09,records/measurements/fleet-gaps-2026-09-09/m6-m7-sleep-matrix.json,L2-both-asleep/7b,compose.srv2.sleepmode.yml (README M6); pid attributed by which drops at 3B-asleep step
vllm_L2_residual_mib,228,MiB,,,srv2,srv2@hosts.json-decl-2026-09-03,vllm,vllm/vllm-openai@ffb2d59b1c05,Qwen2.5-Coder-3B-Instruct-AWQ,,AWQ,,8,4096,,n/a,auto,0.26,yes,service_started,pair,,,60 (METHOD.md:60),,,2026-09-09,records/measurements/fleet-gaps-2026-09-09/m6-m7-sleep-matrix.json,L2-both-asleep-probe-3b/3b,compose.srv2.sleepmode.yml (README M6); pid attributed by which drops at 3B-asleep step
vllm_L2_residual_mib,234,MiB,,,srv2,srv2@hosts.json-decl-2026-09-03,vllm,vllm/vllm-openai@ffb2d59b1c05,Qwen2.5-Coder-7B-Instruct-AWQ,,AWQ,,8,4096,,n/a,auto,0.72,yes,,pair,,,60 (METHOD.md:60),,,2026-09-09,records/measurements/fleet-gaps-2026-09-09/m6-m7-sleep-matrix.json,L2-both-asleep-probe-3b/7b,compose.srv2.sleepmode.yml (README M6); pid attributed by which drops at 3B-asleep step
vllm_L2_residual_mib,228,MiB,,,srv2,srv2@hosts.json-decl-2026-09-03,vllm,vllm/vllm-openai@ffb2d59b1c05,Qwen2.5-Coder-3B-Instruct-AWQ,,AWQ,,8,4096,,n/a,auto,0.26,yes,service_started,pair,,,60 (METHOD.md:60),,,2026-09-09,records/measurements/fleet-gaps-2026-09-09/m6-m7-sleep-matrix.json,L2-both-asleep-probe-7b/3b,compose.srv2.sleepmode.yml (README M6); pid attributed by which drops at 3B-asleep step
vllm_L2_residual_mib,234,MiB,,,srv2,srv2@hosts.json-decl-2026-09-03,vllm,vllm/vllm-openai@ffb2d59b1c05,Qwen2.5-Coder-7B-Instruct-AWQ,,AWQ,,8,4096,,n/a,auto,0.72,yes,,pair,,,60 (METHOD.md:60),,,2026-09-09,records/measurements/fleet-gaps-2026-09-09/m6-m7-sleep-matrix.json,L2-both-asleep-probe-7b/7b,compose.srv2.sleepmode.yml (README M6); pid attributed by which drops at 3B-asleep step
wake_s_vllm_L2,0.25,s,,,srv2,srv2@hosts.json-decl-2026-09-03,vllm,vllm/vllm-openai@ffb2d59b1c05,Qwen2.5-Coder-3B-Instruct-AWQ,,AWQ,,8,4096,,n/a,auto,0.26,yes,service_started,pair,,,60 (METHOD.md:60),L2 wake,POST /wake_up round trip,2026-09-09,records/measurements/fleet-gaps-2026-09-09/m6-m7-sleep-matrix.json,L2-both-awake/3b,compose.srv2.sleepmode.yml (README M6); pid attributed by which drops at 3B-asleep step
decode_tok_s,128.22,tok/s,,,srv2,srv2@hosts.json-decl-2026-09-03,vllm,vllm/vllm-openai@ffb2d59b1c05,Qwen2.5-Coder-3B-Instruct-AWQ,,AWQ,,8,4096,,n/a,auto,0.26,yes,service_started,pair,,,60 (METHOD.md:60),single sample (unit long-running),,2026-09-09,records/measurements/fleet-gaps-2026-09-09/m6-m7-sleep-matrix.json,L2-both-awake/3b,compose.srv2.sleepmode.yml (README M6); pid attributed by which drops at 3B-asleep step
wake_s_vllm_L2,0.31,s,,,srv2,srv2@hosts.json-decl-2026-09-03,vllm,vllm/vllm-openai@ffb2d59b1c05,Qwen2.5-Coder-7B-Instruct-AWQ,,AWQ,,8,4096,,n/a,auto,0.72,yes,,pair,,,60 (METHOD.md:60),L2 wake,POST /wake_up round trip,2026-09-09,records/measurements/fleet-gaps-2026-09-09/m6-m7-sleep-matrix.json,L2-both-awake/7b,compose.srv2.sleepmode.yml (README M6); pid attributed by which drops at 3B-asleep step
decode_tok_s,68.61,tok/s,,,srv2,srv2@hosts.json-decl-2026-09-03,vllm,vllm/vllm-openai@ffb2d59b1c05,Qwen2.5-Coder-7B-Instruct-AWQ,,AWQ,,8,4096,,n/a,auto,0.72,yes,,pair,,,60 (METHOD.md:60),single sample (unit long-running),,2026-09-09,records/measurements/fleet-gaps-2026-09-09/m6-m7-sleep-matrix.json,L2-both-awake/7b,compose.srv2.sleepmode.yml (README M6); pid attributed by which drops at 3B-asleep step
sleep_s_vllm_L1,1.37,s,,,srv2,srv2@hosts.json-decl-2026-09-03,vllm,vllm/vllm-openai@ffb2d59b1c05,Qwen2.5-Coder-3B-Instruct-AWQ,,AWQ,,8,4096,,n/a,auto,0.26,yes,service_started,pair,,,60 (METHOD.md:60),,,2026-09-09,records/measurements/fleet-gaps-2026-09-09/m6-m7-sleep-matrix.json,L1-3b-asleep/3b,compose.srv2.sleepmode.yml (README M6); pid attributed by which drops at 3B-asleep step
vllm_L1_residual_mib,228,MiB,,,srv2,srv2@hosts.json-decl-2026-09-03,vllm,vllm/vllm-openai@ffb2d59b1c05,Qwen2.5-Coder-3B-Instruct-AWQ,,AWQ,,8,4096,,n/a,auto,0.26,yes,service_started,pair,,,60 (METHOD.md:60),,,2026-09-09,records/measurements/fleet-gaps-2026-09-09/m6-m7-sleep-matrix.json,L1-3b-asleep/3b,compose.srv2.sleepmode.yml (README M6); pid attributed by which drops at 3B-asleep step
wake_s_vllm_L1,0.42,s,,,srv2,srv2@hosts.json-decl-2026-09-03,vllm,vllm/vllm-openai@ffb2d59b1c05,Qwen2.5-Coder-3B-Instruct-AWQ,,AWQ,,8,4096,,n/a,auto,0.26,yes,service_started,pair,,,60 (METHOD.md:60),L1 wake,POST /wake_up round trip,2026-09-09,records/measurements/fleet-gaps-2026-09-09/m6-m7-sleep-matrix.json,L1-3b-awake/3b,compose.srv2.sleepmode.yml (README M6); pid attributed by which drops at 3B-asleep step
decode_tok_s,128.47,tok/s,,,srv2,srv2@hosts.json-decl-2026-09-03,vllm,vllm/vllm-openai@ffb2d59b1c05,Qwen2.5-Coder-3B-Instruct-AWQ,,AWQ,,8,4096,,n/a,auto,0.26,yes,service_started,pair,,,60 (METHOD.md:60),single sample (unit long-running),,2026-09-09,records/measurements/fleet-gaps-2026-09-09/m6-m7-sleep-matrix.json,L1-3b-awake/3b,compose.srv2.sleepmode.yml (README M6); pid attributed by which drops at 3B-asleep step
sleep_s_vllm_L1,3.78,s,,,srv2,srv2@hosts.json-decl-2026-09-03,vllm,vllm/vllm-openai@ffb2d59b1c05,Qwen2.5-Coder-7B-Instruct-AWQ,,AWQ,,8,4096,,n/a,auto,0.72,yes,,pair,,,60 (METHOD.md:60),,,2026-09-09,records/measurements/fleet-gaps-2026-09-09/m6-m7-sleep-matrix.json,L1-7b-asleep/7b,compose.srv2.sleepmode.yml (README M6); pid attributed by which drops at 3B-asleep step
vllm_L1_residual_mib,234,MiB,,,srv2,srv2@hosts.json-decl-2026-09-03,vllm,vllm/vllm-openai@ffb2d59b1c05,Qwen2.5-Coder-7B-Instruct-AWQ,,AWQ,,8,4096,,n/a,auto,0.72,yes,,pair,,,60 (METHOD.md:60),,,2026-09-09,records/measurements/fleet-gaps-2026-09-09/m6-m7-sleep-matrix.json,L1-7b-asleep/7b,compose.srv2.sleepmode.yml (README M6); pid attributed by which drops at 3B-asleep step
wake_s_vllm_L1,0.79,s,,,srv2,srv2@hosts.json-decl-2026-09-03,vllm,vllm/vllm-openai@ffb2d59b1c05,Qwen2.5-Coder-7B-Instruct-AWQ,,AWQ,,8,4096,,n/a,auto,0.72,yes,,pair,,,60 (METHOD.md:60),L1 wake,POST /wake_up round trip,2026-09-09,records/measurements/fleet-gaps-2026-09-09/m6-m7-sleep-matrix.json,L1-7b-awake/7b,compose.srv2.sleepmode.yml (README M6); pid attributed by which drops at 3B-asleep step
decode_tok_s,69.03,tok/s,,,srv2,srv2@hosts.json-decl-2026-09-03,vllm,vllm/vllm-openai@ffb2d59b1c05,Qwen2.5-Coder-7B-Instruct-AWQ,,AWQ,,8,4096,,n/a,auto,0.72,yes,,pair,,,60 (METHOD.md:60),single sample (unit long-running),,2026-09-09,records/measurements/fleet-gaps-2026-09-09/m6-m7-sleep-matrix.json,L1-7b-awake/7b,compose.srv2.sleepmode.yml (README M6); pid attributed by which drops at 3B-asleep step
sleep_s_vllm_L2,0.33,s,,,srv2,srv2@hosts.json-decl-2026-09-03,vllm,vllm/vllm-openai@ffb2d59b1c05,Qwen2.5-Coder-3B-Instruct-AWQ,,AWQ,,8,4096,,n/a,auto,0.26,yes,service_started,pair,,,60 (METHOD.md:60),,,2026-09-09,records/measurements/fleet-gaps-2026-09-09/m6-m7-sleep-matrix.json,L1then2-3b-asleep-L2/3b,compose.srv2.sleepmode.yml (README M6); pid attributed by which drops at 3B-asleep step
vllm_L2_residual_mib,228,MiB,,,srv2,srv2@hosts.json-decl-2026-09-03,vllm,vllm/vllm-openai@ffb2d59b1c05,Qwen2.5-Coder-3B-Instruct-AWQ,,AWQ,,8,4096,,n/a,auto,0.26,yes,service_started,pair,,,60 (METHOD.md:60),,,2026-09-09,records/measurements/fleet-gaps-2026-09-09/m6-m7-sleep-matrix.json,L1then2-3b-asleep-L2/3b,compose.srv2.sleepmode.yml (README M6); pid attributed by which drops at 3B-asleep step
vllm_L2_residual_mib,228,MiB,,,srv2,srv2@hosts.json-decl-2026-09-03,vllm,vllm/vllm-openai@ffb2d59b1c05,Qwen2.5-Coder-3B-Instruct-AWQ,,AWQ,,8,4096,,n/a,auto,0.26,yes,service_started,pair,,,60 (METHOD.md:60),,,2026-09-09,records/measurements/fleet-gaps-2026-09-09/m6-m7-sleep-matrix.json,L1then2-7b-asleep-L2/3b,compose.srv2.sleepmode.yml (README M6); pid attributed by which drops at 3B-asleep step
sleep_s_vllm_L2,0.4,s,,,srv2,srv2@hosts.json-decl-2026-09-03,vllm,vllm/vllm-openai@ffb2d59b1c05,Qwen2.5-Coder-7B-Instruct-AWQ,,AWQ,,8,4096,,n/a,auto,0.72,yes,,pair,,,60 (METHOD.md:60),,,2026-09-09,records/measurements/fleet-gaps-2026-09-09/m6-m7-sleep-matrix.json,L1then2-7b-asleep-L2/7b,compose.srv2.sleepmode.yml (README M6); pid attributed by which drops at 3B-asleep step
vllm_L2_residual_mib,234,MiB,,,srv2,srv2@hosts.json-decl-2026-09-03,vllm,vllm/vllm-openai@ffb2d59b1c05,Qwen2.5-Coder-7B-Instruct-AWQ,,AWQ,,8,4096,,n/a,auto,0.72,yes,,pair,,,60 (METHOD.md:60),,,2026-09-09,records/measurements/fleet-gaps-2026-09-09/m6-m7-sleep-matrix.json,L1then2-7b-asleep-L2/7b,compose.srv2.sleepmode.yml (README M6); pid attributed by which drops at 3B-asleep step
vllm_L2_residual_mib,228,MiB,,,srv2,srv2@hosts.json-decl-2026-09-03,vllm,vllm/vllm-openai@ffb2d59b1c05,Qwen2.5-Coder-3B-Instruct-AWQ,,AWQ,,8,4096,,n/a,auto,0.26,yes,service_started,pair,,,60 (METHOD.md:60),,,2026-09-09,records/measurements/fleet-gaps-2026-09-09/m6-m7-sleep-matrix.json,L1then2-both-asleep-L2/3b,compose.srv2.sleepmode.yml (README M6); pid attributed by which drops at 3B-asleep step
vllm_L2_residual_mib,234,MiB,,,srv2,srv2@hosts.json-decl-2026-09-03,vllm,vllm/vllm-openai@ffb2d59b1c05,Qwen2.5-Coder-7B-Instruct-AWQ,,AWQ,,8,4096,,n/a,auto,0.72,yes,,pair,,,60 (METHOD.md:60),,,2026-09-09,records/measurements/fleet-gaps-2026-09-09/m6-m7-sleep-matrix.json,L1then2-both-asleep-L2/7b,compose.srv2.sleepmode.yml (README M6); pid attributed by which drops at 3B-asleep step
vllm_L2_residual_mib,228,MiB,,,srv2,srv2@hosts.json-decl-2026-09-03,vllm,vllm/vllm-openai@ffb2d59b1c05,Qwen2.5-Coder-3B-Instruct-AWQ,,AWQ,,8,4096,,n/a,auto,0.26,yes,service_started,pair,,,60 (METHOD.md:60),,,2026-09-09,records/measurements/fleet-gaps-2026-09-09/m6-m7-sleep-matrix.json,L1then2-both-asleep-L2-after-60s-idle/3b,compose.srv2.sleepmode.yml (README M6); pid attributed by which drops at 3B-asleep step
vllm_L2_residual_mib,234,MiB,,,srv2,srv2@hosts.json-decl-2026-09-03,vllm,vllm/vllm-openai@ffb2d59b1c05,Qwen2.5-Coder-7B-Instruct-AWQ,,AWQ,,8,4096,,n/a,auto,0.72,yes,,pair,,,60 (METHOD.md:60),,,2026-09-09,records/measurements/fleet-gaps-2026-09-09/m6-m7-sleep-matrix.json,L1then2-both-asleep-L2-after-60s-idle/7b,compose.srv2.sleepmode.yml (README M6); pid attributed by which drops at 3B-asleep step
decode_tok_s,127.82,tok/s,,,srv2,srv2@hosts.json-decl-2026-09-03,vllm,vllm/vllm-openai@ffb2d59b1c05,Qwen2.5-Coder-3B-Instruct-AWQ,,AWQ,,8,4096,,n/a,auto,0.26,yes,service_started,pair,,,60 (METHOD.md:60),single sample (unit long-running),,2026-09-09,records/measurements/fleet-gaps-2026-09-09/m6-m7-sleep-matrix.json,L1then2-both-awake/3b,compose.srv2.sleepmode.yml (README M6); pid attributed by which drops at 3B-asleep step
decode_tok_s,68.68,tok/s,,,srv2,srv2@hosts.json-decl-2026-09-03,vllm,vllm/vllm-openai@ffb2d59b1c05,Qwen2.5-Coder-7B-Instruct-AWQ,,AWQ,,8,4096,,n/a,auto,0.72,yes,,pair,,,60 (METHOD.md:60),single sample (unit long-running),,2026-09-09,records/measurements/fleet-gaps-2026-09-09/m6-m7-sleep-matrix.json,L1then2-both-awake/7b,compose.srv2.sleepmode.yml (README M6); pid attributed by which drops at 3B-asleep step
decode_tok_s,128.64,tok/s,,,srv2,srv2@hosts.json-decl-2026-09-03,vllm,vllm/vllm-openai@ffb2d59b1c05,Qwen2.5-Coder-3B-Instruct-AWQ,,AWQ,,8,4096,,n/a,auto,0.26,yes,service_started,pair,,,60 (METHOD.md:60),single sample (unit long-running),,2026-09-09,records/measurements/fleet-gaps-2026-09-09/m6-m7-sleep-matrix.json,L1-second-cycle-both-awake/3b,compose.srv2.sleepmode.yml (README M6); pid attributed by which drops at 3B-asleep step
decode_tok_s,67.74,tok/s,,,srv2,srv2@hosts.json-decl-2026-09-03,vllm,vllm/vllm-openai@ffb2d59b1c05,Qwen2.5-Coder-7B-Instruct-AWQ,,AWQ,,8,4096,,n/a,auto,0.72,yes,,pair,,,60 (METHOD.md:60),single sample (unit long-running),,2026-09-09,records/measurements/fleet-gaps-2026-09-09/m6-m7-sleep-matrix.json,L1-second-cycle-both-awake/7b,compose.srv2.sleepmode.yml (README M6); pid attributed by which drops at 3B-asleep step
sleep_s_vllm_L1,1.39,s,,,srv2,srv2@hosts.json-decl-2026-09-03,vllm,vllm/vllm-openai@ffb2d59b1c05,Qwen2.5-Coder-3B-Instruct-AWQ,,AWQ,,8,4096,,n/a,auto,0.26,yes,service_started,pair,,,unrecorded,,,2026-09-09,records/measurements/vllm-sleep-2026-09-09/vllm-sleep-results.json,L1-3B-asleep/3b,compose.srv2.sleepmode.yml (README M6); pid attributed by which drops at 3B-asleep step
vllm_L1_residual_mib,228,MiB,,,srv2,srv2@hosts.json-decl-2026-09-03,vllm,vllm/vllm-openai@ffb2d59b1c05,Qwen2.5-Coder-3B-Instruct-AWQ,,AWQ,,8,4096,,n/a,auto,0.26,yes,service_started,pair,,,unrecorded,,,2026-09-09,records/measurements/vllm-sleep-2026-09-09/vllm-sleep-results.json,L1-3B-asleep/3b,compose.srv2.sleepmode.yml (README M6); pid attributed by which drops at 3B-asleep step
wake_s_vllm_L1,0.41,s,,,srv2,srv2@hosts.json-decl-2026-09-03,vllm,vllm/vllm-openai@ffb2d59b1c05,Qwen2.5-Coder-3B-Instruct-AWQ,,AWQ,,8,4096,,n/a,auto,0.26,yes,service_started,pair,,,unrecorded,L1 wake,POST /wake_up round trip,2026-09-09,records/measurements/vllm-sleep-2026-09-09/vllm-sleep-results.json,L1-3B-awake/3b,compose.srv2.sleepmode.yml (README M6); pid attributed by which drops at 3B-asleep step
sleep_s_vllm_L1,3.99,s,,,srv2,srv2@hosts.json-decl-2026-09-03,vllm,vllm/vllm-openai@ffb2d59b1c05,Qwen2.5-Coder-7B-Instruct-AWQ,,AWQ,,8,4096,,n/a,auto,0.72,yes,,pair,,,unrecorded,,,2026-09-09,records/measurements/vllm-sleep-2026-09-09/vllm-sleep-results.json,L1-7B-asleep/7b,compose.srv2.sleepmode.yml (README M6); pid attributed by which drops at 3B-asleep step
vllm_L1_residual_mib,234,MiB,,,srv2,srv2@hosts.json-decl-2026-09-03,vllm,vllm/vllm-openai@ffb2d59b1c05,Qwen2.5-Coder-7B-Instruct-AWQ,,AWQ,,8,4096,,n/a,auto,0.72,yes,,pair,,,unrecorded,,,2026-09-09,records/measurements/vllm-sleep-2026-09-09/vllm-sleep-results.json,L1-7B-asleep/7b,compose.srv2.sleepmode.yml (README M6); pid attributed by which drops at 3B-asleep step
wake_s_vllm_L1,0.79,s,,,srv2,srv2@hosts.json-decl-2026-09-03,vllm,vllm/vllm-openai@ffb2d59b1c05,Qwen2.5-Coder-7B-Instruct-AWQ,,AWQ,,8,4096,,n/a,auto,0.72,yes,,pair,,,unrecorded,L1 wake,POST /wake_up round trip,2026-09-09,records/measurements/vllm-sleep-2026-09-09/vllm-sleep-results.json,L1-7B-awake/7b,compose.srv2.sleepmode.yml (README M6); pid attributed by which drops at 3B-asleep step
sleep_s_vllm_L2,0.25,s,,,srv2,srv2@hosts.json-decl-2026-09-03,vllm,vllm/vllm-openai@ffb2d59b1c05,Qwen2.5-Coder-3B-Instruct-AWQ,,AWQ,,8,4096,,n/a,auto,0.26,yes,service_started,pair,,,unrecorded,,,2026-09-09,records/measurements/vllm-sleep-2026-09-09/vllm-sleep-results.json,L2-3B-asleep/3b,compose.srv2.sleepmode.yml (README M6); pid attributed by which drops at 3B-asleep step
vllm_L2_residual_mib,228,MiB,,,srv2,srv2@hosts.json-decl-2026-09-03,vllm,vllm/vllm-openai@ffb2d59b1c05,Qwen2.5-Coder-3B-Instruct-AWQ,,AWQ,,8,4096,,n/a,auto,0.26,yes,service_started,pair,,,unrecorded,,,2026-09-09,records/measurements/vllm-sleep-2026-09-09/vllm-sleep-results.json,L2-3B-asleep/3b,compose.srv2.sleepmode.yml (README M6); pid attributed by which drops at 3B-asleep step
wake_s_vllm_L2,0.24,s,,,srv2,srv2@hosts.json-decl-2026-09-03,vllm,vllm/vllm-openai@ffb2d59b1c05,Qwen2.5-Coder-3B-Instruct-AWQ,,AWQ,,8,4096,,n/a,auto,0.26,yes,service_started,pair,,,unrecorded,L2 wake,POST /wake_up round trip,2026-09-09,records/measurements/vllm-sleep-2026-09-09/vllm-sleep-results.json,L2-3B-awake/3b,compose.srv2.sleepmode.yml (README M6); pid attributed by which drops at 3B-asleep step
sleep_s_vllm_L2,0.3,s,,,srv2,srv2@hosts.json-decl-2026-09-03,vllm,vllm/vllm-openai@ffb2d59b1c05,Qwen2.5-Coder-7B-Instruct-AWQ,,AWQ,,8,4096,,n/a,auto,0.72,yes,,pair,,,unrecorded,,,2026-09-09,records/measurements/vllm-sleep-2026-09-09/vllm-sleep-results.json,L2-7B-asleep/7b,compose.srv2.sleepmode.yml (README M6); pid attributed by which drops at 3B-asleep step
vllm_L2_residual_mib,234,MiB,,,srv2,srv2@hosts.json-decl-2026-09-03,vllm,vllm/vllm-openai@ffb2d59b1c05,Qwen2.5-Coder-7B-Instruct-AWQ,,AWQ,,8,4096,,n/a,auto,0.72,yes,,pair,,,unrecorded,,,2026-09-09,records/measurements/vllm-sleep-2026-09-09/vllm-sleep-results.json,L2-7B-asleep/7b,compose.srv2.sleepmode.yml (README M6); pid attributed by which drops at 3B-asleep step
wake_s_vllm_L2,0.31,s,,,srv2,srv2@hosts.json-decl-2026-09-03,vllm,vllm/vllm-openai@ffb2d59b1c05,Qwen2.5-Coder-7B-Instruct-AWQ,,AWQ,,8,4096,,n/a,auto,0.72,yes,,pair,,,unrecorded,L2 wake,POST /wake_up round trip,2026-09-09,records/measurements/vllm-sleep-2026-09-09/vllm-sleep-results.json,L2-7B-awake/7b,compose.srv2.sleepmode.yml (README M6); pid attributed by which drops at 3B-asleep step
sleep_s_vllm_L2,0.24,s,,,srv2,srv2@hosts.json-decl-2026-09-03,vllm,vllm/vllm-openai@ffb2d59b1c05,Qwen2.5-Coder-3B-Instruct-AWQ,,AWQ,,8,4096,,n/a,auto,0.26,yes,service_started,pair,,,unrecorded,,,2026-09-09,records/measurements/vllm-sleep-2026-09-09/vllm-sleep-results.json,L2-both-asleep/3b,compose.srv2.sleepmode.yml (README M6); pid attributed by which drops at 3B-asleep step
vllm_L2_residual_mib,228,MiB,,,srv2,srv2@hosts.json-decl-2026-09-03,vllm,vllm/vllm-openai@ffb2d59b1c05,Qwen2.5-Coder-3B-Instruct-AWQ,,AWQ,,8,4096,,n/a,auto,0.26,yes,service_started,pair,,,unrecorded,,,2026-09-09,records/measurements/vllm-sleep-2026-09-09/vllm-sleep-results.json,L2-both-asleep/3b,compose.srv2.sleepmode.yml (README M6); pid attributed by which drops at 3B-asleep step
sleep_s_vllm_L2,0.3,s,,,srv2,srv2@hosts.json-decl-2026-09-03,vllm,vllm/vllm-openai@ffb2d59b1c05,Qwen2.5-Coder-7B-Instruct-AWQ,,AWQ,,8,4096,,n/a,auto,0.72,yes,,pair,,,unrecorded,,,2026-09-09,records/measurements/vllm-sleep-2026-09-09/vllm-sleep-results.json,L2-both-asleep/7b,compose.srv2.sleepmode.yml (README M6); pid attributed by which drops at 3B-asleep step
vllm_L2_residual_mib,234,MiB,,,srv2,srv2@hosts.json-decl-2026-09-03,vllm,vllm/vllm-openai@ffb2d59b1c05,Qwen2.5-Coder-7B-Instruct-AWQ,,AWQ,,8,4096,,n/a,auto,0.72,yes,,pair,,,unrecorded,,,2026-09-09,records/measurements/vllm-sleep-2026-09-09/vllm-sleep-results.json,L2-both-asleep/7b,compose.srv2.sleepmode.yml (README M6); pid attributed by which drops at 3B-asleep step
wake_s_vllm_L2,0.24,s,,,srv2,srv2@hosts.json-decl-2026-09-03,vllm,vllm/vllm-openai@ffb2d59b1c05,Qwen2.5-Coder-3B-Instruct-AWQ,,AWQ,,8,4096,,n/a,auto,0.26,yes,service_started,pair,,,unrecorded,L2 wake,POST /wake_up round trip,2026-09-09,records/measurements/vllm-sleep-2026-09-09/vllm-sleep-results.json,L2-both-awake/3b,compose.srv2.sleepmode.yml (README M6); pid attributed by which drops at 3B-asleep step
wake_s_vllm_L2,0.3,s,,,srv2,srv2@hosts.json-decl-2026-09-03,vllm,vllm/vllm-openai@ffb2d59b1c05,Qwen2.5-Coder-7B-Instruct-AWQ,,AWQ,,8,4096,,n/a,auto,0.72,yes,,pair,,,unrecorded,L2 wake,POST /wake_up round trip,2026-09-09,records/measurements/vllm-sleep-2026-09-09/vllm-sleep-results.json,L2-both-awake/7b,compose.srv2.sleepmode.yml (README M6); pid attributed by which drops at 3B-asleep step
wake_s,140.18,s,,,srv1,srv1@hosts.json-decl-2026-09-03,llamacpp,llamacpp:b10644-L3,Qwen3.6-35B-A3B-UD-IQ3_XXS.gguf,qwen35moe,UD-IQ3_XXS,30,2,16384,512,mapped,f16,,n/a,,,,,unrecorded,cold start,clock1 StartedAt->answering,2026-09-10,records/measurements/flexibility-2026-09-09/results-q8-clocks.json,q8c-clock-1,knobs from envelope records/evidence/2026-09-05-live-srv1/serve-up.json
wake_s_door,133.9,s,,,srv1,srv1@hosts.json-decl-2026-09-03,llamacpp,llamacpp:b10644-L3,Qwen3.6-35B-A3B-UD-IQ3_XXS.gguf,qwen35moe,UD-IQ3_XXS,30,2,16384,512,mapped,f16,,n/a,,,,,unrecorded,cold start,clock2 door up-after,2026-09-10,records/measurements/flexibility-2026-09-09/results-q8-clocks.json,q8c-clock-1,knobs from envelope records/evidence/2026-09-05-live-srv1/serve-up.json
wake_s_mcgyvr,153.1,s,,,srv1,srv1@hosts.json-decl-2026-09-03,llamacpp,llamacpp:b10644-L3,Qwen3.6-35B-A3B-UD-IQ3_XXS.gguf,qwen35moe,UD-IQ3_XXS,30,2,16384,512,mapped,f16,,n/a,,,,,unrecorded,cold start,clock3 Wake.seconds,2026-09-10,records/measurements/flexibility-2026-09-09/results-q8-clocks.json,q8c-clock-1,knobs from envelope records/evidence/2026-09-05-live-srv1/serve-up.json
door_overhead_s,19.2,s,,,srv1,srv1@hosts.json-decl-2026-09-03,llamacpp,llamacpp:b10644-L3,Qwen3.6-35B-A3B-UD-IQ3_XXS.gguf,qwen35moe,UD-IQ3_XXS,30,2,16384,512,mapped,f16,,n/a,,,,,unrecorded,,,2026-09-10,records/measurements/flexibility-2026-09-09/results-q8-clocks.json,q8c-clock-1,knobs from envelope records/evidence/2026-09-05-live-srv1/serve-up.json
restarts,0,count,,,srv1,srv1@hosts.json-decl-2026-09-03,llamacpp,llamacpp:b10644-L3,Qwen3.6-35B-A3B-UD-IQ3_XXS.gguf,qwen35moe,UD-IQ3_XXS,30,2,16384,512,mapped,f16,,n/a,,,,,unrecorded,,,2026-09-10,records/measurements/flexibility-2026-09-09/results-q8-clocks.json,q8c-clock-1,knobs from envelope records/evidence/2026-09-05-live-srv1/serve-up.json
card_steady_mib,5110,MiB,,,srv1,srv1@hosts.json-decl-2026-09-03,llamacpp,llamacpp:b10644-L3,Qwen3.6-35B-A3B-UD-IQ3_XXS.gguf,qwen35moe,UD-IQ3_XXS,30,2,16384,512,mapped,f16,,n/a,,,,,unrecorded,,envelope card_after,2026-09-10,records/measurements/flexibility-2026-09-09/results-q8-clocks.json,q8c-clock-1,knobs from envelope records/evidence/2026-09-05-live-srv1/serve-up.json
wake_s,140.1936,s,,,srv1,srv1@hosts.json-decl-2026-09-03,llamacpp,llamacpp:b10644-L3,Qwen3.6-35B-A3B-UD-IQ3_XXS.gguf,qwen35moe,UD-IQ3_XXS,30,2,16384,512,mapped,f16,,n/a,,,,,unrecorded,cold start,clock1 StartedAt->answering,2026-09-10,records/measurements/flexibility-2026-09-09/results-q8-clocks.json,q8c-clock-2,knobs from envelope records/evidence/2026-09-05-live-srv1/serve-up.json
wake_s_door,133.5,s,,,srv1,srv1@hosts.json-decl-2026-09-03,llamacpp,llamacpp:b10644-L3,Qwen3.6-35B-A3B-UD-IQ3_XXS.gguf,qwen35moe,UD-IQ3_XXS,30,2,16384,512,mapped,f16,,n/a,,,,,unrecorded,cold start,clock2 door up-after,2026-09-10,records/measurements/flexibility-2026-09-09/results-q8-clocks.json,q8c-clock-2,knobs from envelope records/evidence/2026-09-05-live-srv1/serve-up.json
wake_s_mcgyvr,152.3,s,,,srv1,srv1@hosts.json-decl-2026-09-03,llamacpp,llamacpp:b10644-L3,Qwen3.6-35B-A3B-UD-IQ3_XXS.gguf,qwen35moe,UD-IQ3_XXS,30,2,16384,512,mapped,f16,,n/a,,,,,unrecorded,cold start,clock3 Wake.seconds,2026-09-10,records/measurements/flexibility-2026-09-09/results-q8-clocks.json,q8c-clock-2,knobs from envelope records/evidence/2026-09-05-live-srv1/serve-up.json
door_overhead_s,18.8,s,,,srv1,srv1@hosts.json-decl-2026-09-03,llamacpp,llamacpp:b10644-L3,Qwen3.6-35B-A3B-UD-IQ3_XXS.gguf,qwen35moe,UD-IQ3_XXS,30,2,16384,512,mapped,f16,,n/a,,,,,unrecorded,,,2026-09-10,records/measurements/flexibility-2026-09-09/results-q8-clocks.json,q8c-clock-2,knobs from envelope records/evidence/2026-09-05-live-srv1/serve-up.json
restarts,0,count,,,srv1,srv1@hosts.json-decl-2026-09-03,llamacpp,llamacpp:b10644-L3,Qwen3.6-35B-A3B-UD-IQ3_XXS.gguf,qwen35moe,UD-IQ3_XXS,30,2,16384,512,mapped,f16,,n/a,,,,,unrecorded,,,2026-09-10,records/measurements/flexibility-2026-09-09/results-q8-clocks.json,q8c-clock-2,knobs from envelope records/evidence/2026-09-05-live-srv1/serve-up.json
card_steady_mib,5110,MiB,,,srv1,srv1@hosts.json-decl-2026-09-03,llamacpp,llamacpp:b10644-L3,Qwen3.6-35B-A3B-UD-IQ3_XXS.gguf,qwen35moe,UD-IQ3_XXS,30,2,16384,512,mapped,f16,,n/a,,,,,unrecorded,,envelope card_after,2026-09-10,records/measurements/flexibility-2026-09-09/results-q8-clocks.json,q8c-clock-2,knobs from envelope records/evidence/2026-09-05-live-srv1/serve-up.json
wake_s_door,41.2,s,,,srv1,srv1@hosts.json-decl-2026-09-03,llamacpp,llamacpp:b10644-L3,Qwen3.6-35B-A3B-UD-IQ3_XXS.gguf,qwen35moe,UD-IQ3_XXS,32,8,32768,512,mapped,f16,,n/a,,,,,,cold start,envelope units[].seconds (door up-after),2026-09-05,records/evidence/2026-09-05-live-srv1/serve-up.json,2026-09-05-live-srv1-serve-up/8080,door clock; for multi-unit envelopes only the largest figure is a wake (O8: the rest are 'after the previous')
card_after_door_mib,5280,MiB,,,srv1,srv1@hosts.json-decl-2026-09-03,llamacpp,llamacpp:b10644-L3,Qwen3.6-35B-A3B-UD-IQ3_XXS.gguf,qwen35moe,UD-IQ3_XXS,32,8,32768,512,mapped,f16,,n/a,,,,,,,envelope card_after.used_mib (read at door return),2026-09-05,records/evidence/2026-09-05-live-srv1/serve-up.json,2026-09-05-live-srv1-serve-up,
wake_s_door,270.7,s,,,srv2,srv2@hosts.json-decl-2026-09-03,vllm,vllm/vllm-openai@ffb2d59b1c05,Qwen2.5-Coder-3B-Instruct-AWQ,,AWQ,,8,8192,,n/a,auto,0.33,no,,Qwen2.5-Coder-3B-Instruct-AWQ+Qwen2.5-Coder-7B-Instruct-AWQ,,,,cold start,envelope units[].seconds (door up-after),2026-09-05,records/evidence/2026-09-05-live-srv2/serve-up.json,2026-09-05-live-srv2-serve-up/8001,door clock; for multi-unit envelopes only the largest figure is a wake (O8: the rest are 'after the previous')
wake_s_door_increment,1.3,s,,,srv2,srv2@hosts.json-decl-2026-09-03,vllm,vllm/vllm-openai@ffb2d59b1c05,Qwen2.5-Coder-7B-Instruct-AWQ,,AWQ,,8,8192,,n/a,auto,0.68,no,,Qwen2.5-Coder-3B-Instruct-AWQ+Qwen2.5-Coder-7B-Instruct-AWQ,,,,,envelope units[].seconds (O8 increment),2026-09-05,records/evidence/2026-09-05-live-srv2/serve-up.json,2026-09-05-live-srv2-serve-up/8002,door clock; for multi-unit envelopes only the largest figure is a wake (O8: the rest are 'after the previous')
card_after_door_mib,10685,MiB,,,srv2,srv2@hosts.json-decl-2026-09-03,vllm,vllm/vllm-openai@ffb2d59b1c05,Qwen2.5-Coder-3B-Instruct-AWQ+Qwen2.5-Coder-7B-Instruct-AWQ,,AWQ,,8,8192,,n/a,auto,0.33+0.68,no,,pair,,,,,envelope card_after.used_mib (read at door return),2026-09-05,records/evidence/2026-09-05-live-srv2/serve-up.json,2026-09-05-live-srv2-serve-up,
wake_s_door,160.2,s,,,srv2,srv2@hosts.json-decl-2026-09-03,vllm,vllm/vllm-openai@ffb2d59b1c05,Qwen2.5-Coder-3B-Instruct-AWQ,,AWQ,,8,4096,,n/a,auto,0.26,no,,Qwen2.5-Coder-3B-Instruct-AWQ+Qwen2.5-Coder-7B-Instruct-AWQ,,,,cold start,envelope units[].seconds (door up-after),2026-09-07,records/evidence/2026-09-07-live-srv2/serve-up.json,2026-09-07-live-srv2-serve-up/8001,door clock; for multi-unit envelopes only the largest figure is a wake (O8: the rest are 'after the previous')
wake_s_door_increment,1.0,s,,,srv2,srv2@hosts.json-decl-2026-09-03,vllm,vllm/vllm-openai@ffb2d59b1c05,Qwen2.5-Coder-7B-Instruct-AWQ,,AWQ,,8,4096,,n/a,auto,0.72,no,,Qwen2.5-Coder-3B-Instruct-AWQ+Qwen2.5-Coder-7B-Instruct-AWQ,,,,,envelope units[].seconds (O8 increment),2026-09-07,records/evidence/2026-09-07-live-srv2/serve-up.json,2026-09-07-live-srv2-serve-up/8002,door clock; for multi-unit envelopes only the largest figure is a wake (O8: the rest are 'after the previous')
card_after_door_mib,9445,MiB,,,srv2,srv2@hosts.json-decl-2026-09-03,vllm,vllm/vllm-openai@ffb2d59b1c05,Qwen2.5-Coder-3B-Instruct-AWQ+Qwen2.5-Coder-7B-Instruct-AWQ,,AWQ,,8,4096,,n/a,auto,0.26+0.72,no,,pair,,,,,envelope card_after.used_mib (read at door return),2026-09-07,records/evidence/2026-09-07-live-srv2/serve-up.json,2026-09-07-live-srv2-serve-up,
wake_s_door,116.9,s,,,srv1,srv1@hosts.json-decl-2026-09-03,llamacpp,llamacpp:b10644-L3,Qwen3.6-35B-A3B-UD-IQ3_XXS.gguf,qwen35moe,UD-IQ3_XXS,30,2,16384,512,none,f16,,n/a,,,,,,cold start,envelope units[].seconds (door up-after),2026-09-08,records/evidence/2026-09-08-live-srv1/serve-up-loadmode.json,2026-09-08-live-srv1-serve-up-loadmode-up/8080,door clock; for multi-unit envelopes only the largest figure is a wake (O8: the rest are 'after the previous')
card_after_door_mib,5126,MiB,,,srv1,srv1@hosts.json-decl-2026-09-03,llamacpp,llamacpp:b10644-L3,Qwen3.6-35B-A3B-UD-IQ3_XXS.gguf,qwen35moe,UD-IQ3_XXS,30,2,16384,512,none,f16,,n/a,,,,,,,envelope card_after.used_mib (read at door return),2026-09-08,records/evidence/2026-09-08-live-srv1/serve-up-loadmode.json,2026-09-08-live-srv1-serve-up-loadmode-up,
wake_s_door,128.6,s,,,srv1,srv1@hosts.json-decl-2026-09-03,llamacpp,llamacpp:b10644-L3,Qwen3.6-35B-A3B-UD-IQ3_XXS.gguf,qwen35moe,UD-IQ3_XXS,30,2,16384,512,mapped,f16,,n/a,,,,,,cold start,envelope units[].seconds (door up-after),2026-09-08,records/evidence/2026-09-08-live-srv1/serve-up-mmap.json,2026-09-08-live-srv1-serve-up-mmap-up/8080,door clock; for multi-unit envelopes only the largest figure is a wake (O8: the rest are 'after the previous')
card_after_door_mib,5110,MiB,,,srv1,srv1@hosts.json-decl-2026-09-03,llamacpp,llamacpp:b10644-L3,Qwen3.6-35B-A3B-UD-IQ3_XXS.gguf,qwen35moe,UD-IQ3_XXS,30,2,16384,512,mapped,f16,,n/a,,,,,,,envelope card_after.used_mib (read at door return),2026-09-08,records/evidence/2026-09-08-live-srv1/serve-up-mmap.json,2026-09-08-live-srv1-serve-up-mmap-up,
wake_s_door,115.7,s,,,srv1,srv1@hosts.json-decl-2026-09-03,llamacpp,llamacpp:b10644-L3,Qwen3.6-35B-A3B-UD-IQ3_XXS.gguf,qwen35moe,UD-IQ3_XXS,30,2,16384,512,mapped,f16,,n/a,,,,,,cold start,envelope units[].seconds (door up-after),2026-09-08,records/evidence/2026-09-08-live-srv1/serve-up-mmap2.json,2026-09-08-live-srv1-serve-up-mmap2-up/8080,door clock; for multi-unit envelopes only the largest figure is a wake (O8: the rest are 'after the previous')
card_after_door_mib,5102,MiB,,,srv1,srv1@hosts.json-decl-2026-09-03,llamacpp,llamacpp:b10644-L3,Qwen3.6-35B-A3B-UD-IQ3_XXS.gguf,qwen35moe,UD-IQ3_XXS,30,2,16384,512,mapped,f16,,n/a,,,,,,,envelope card_after.used_mib (read at door return),2026-09-08,records/evidence/2026-09-08-live-srv1/serve-up-mmap2.json,2026-09-08-live-srv1-serve-up-mmap2-up,
wake_s_door,119.7,s,,,srv1,srv1@hosts.json-decl-2026-09-03,llamacpp,llamacpp:b10644-L3,Qwen3.6-35B-A3B-UD-IQ3_XXS.gguf,qwen35moe,UD-IQ3_XXS,30,2,16384,512,none,f16,,n/a,,,,,,cold start,envelope units[].seconds (door up-after),2026-09-08,records/evidence/2026-09-08-live-srv1/serve-up-none.json,2026-09-08-live-srv1-serve-up-none-up/8080,door clock; for multi-unit envelopes only the largest figure is a wake (O8: the rest are 'after the previous')
card_after_door_mib,5126,MiB,,,srv1,srv1@hosts.json-decl-2026-09-03,llamacpp,llamacpp:b10644-L3,Qwen3.6-35B-A3B-UD-IQ3_XXS.gguf,qwen35moe,UD-IQ3_XXS,30,2,16384,512,none,f16,,n/a,,,,,,,envelope card_after.used_mib (read at door return),2026-09-08,records/evidence/2026-09-08-live-srv1/serve-up-none.json,2026-09-08-live-srv1-serve-up-none-up,
wake_s_door,128.3,s,,,srv1,srv1@hosts.json-decl-2026-09-03,llamacpp,llamacpp:b10644-L3,Qwen3.6-35B-A3B-UD-IQ3_XXS.gguf,qwen35moe,UD-IQ3_XXS,30,2,16384,512,none,f16,,n/a,,,,,,cold start,envelope units[].seconds (door up-after),2026-09-09,records/evidence/2026-09-09-live-srv1/serve-up-A-mapped-1-up.json,2026-09-09-live-srv1-serve-up-A-unmapped-1-up/8080,door clock; for multi-unit envelopes only the largest figure is a wake (O8: the rest are 'after the previous')
card_after_door_mib,5126,MiB,,,srv1,srv1@hosts.json-decl-2026-09-03,llamacpp,llamacpp:b10644-L3,Qwen3.6-35B-A3B-UD-IQ3_XXS.gguf,qwen35moe,UD-IQ3_XXS,30,2,16384,512,none,f16,,n/a,,,,,,,envelope card_after.used_mib (read at door return),2026-09-09,records/evidence/2026-09-09-live-srv1/serve-up-A-mapped-1-up.json,2026-09-09-live-srv1-serve-up-A-unmapped-1-up,
wake_s_door,124.8,s,,,srv1,srv1@hosts.json-decl-2026-09-03,llamacpp,llamacpp:b10644-L3,Qwen3.6-35B-A3B-UD-IQ3_XXS.gguf,qwen35moe,UD-IQ3_XXS,30,2,16384,512,none,f16,,n/a,,,,,,cold start,envelope units[].seconds (door up-after),2026-09-09,records/evidence/2026-09-09-live-srv1/serve-up-A-mapped-2-up.json,2026-09-09-live-srv1-serve-up-A-unmapped-2-up/8080,door clock; for multi-unit envelopes only the largest figure is a wake (O8: the rest are 'after the previous')
card_after_door_mib,5126,MiB,,,srv1,srv1@hosts.json-decl-2026-09-03,llamacpp,llamacpp:b10644-L3,Qwen3.6-35B-A3B-UD-IQ3_XXS.gguf,qwen35moe,UD-IQ3_XXS,30,2,16384,512,none,f16,,n/a,,,,,,,envelope card_after.used_mib (read at door return),2026-09-09,records/evidence/2026-09-09-live-srv1/serve-up-A-mapped-2-up.json,2026-09-09-live-srv1-serve-up-A-unmapped-2-up,
wake_s_door,124.8,s,,,srv1,srv1@hosts.json-decl-2026-09-03,llamacpp,llamacpp:b10644-L3,Qwen3.6-35B-A3B-UD-IQ3_XXS.gguf,qwen35moe,UD-IQ3_XXS,30,2,16384,512,none,f16,,n/a,,,,,,cold start,envelope units[].seconds (door up-after),2026-09-09,records/evidence/2026-09-09-live-srv1/serve-up-A-mapped-3-up.json,2026-09-09-live-srv1-serve-up-A-unmapped-3-up/8080,door clock; for multi-unit envelopes only the largest figure is a wake (O8: the rest are 'after the previous')
card_after_door_mib,5126,MiB,,,srv1,srv1@hosts.json-decl-2026-09-03,llamacpp,llamacpp:b10644-L3,Qwen3.6-35B-A3B-UD-IQ3_XXS.gguf,qwen35moe,UD-IQ3_XXS,30,2,16384,512,none,f16,,n/a,,,,,,,envelope card_after.used_mib (read at door return),2026-09-09,records/evidence/2026-09-09-live-srv1/serve-up-A-mapped-3-up.json,2026-09-09-live-srv1-serve-up-A-unmapped-3-up,
wake_s_door,116.4,s,,,srv1,srv1@hosts.json-decl-2026-09-03,llamacpp,llamacpp:b10644-L3,Qwen3.6-35B-A3B-UD-IQ3_XXS.gguf,qwen35moe,UD-IQ3_XXS,30,2,16384,512,none,f16,,n/a,,,,,,cold start,envelope units[].seconds (door up-after),2026-09-09,records/evidence/2026-09-09-live-srv1/serve-up-A-unmapped-1-up.json,2026-09-09-live-srv1-serve-up-restore1/8080,door clock; for multi-unit envelopes only the largest figure is a wake (O8: the rest are 'after the previous')
card_after_door_mib,5126,MiB,,,srv1,srv1@hosts.json-decl-2026-09-03,llamacpp,llamacpp:b10644-L3,Qwen3.6-35B-A3B-UD-IQ3_XXS.gguf,qwen35moe,UD-IQ3_XXS,30,2,16384,512,none,f16,,n/a,,,,,,,envelope card_after.used_mib (read at door return),2026-09-09,records/evidence/2026-09-09-live-srv1/serve-up-A-unmapped-1-up.json,2026-09-09-live-srv1-serve-up-restore1,
wake_s_door,132.8,s,,,srv1,srv1@hosts.json-decl-2026-09-03,llamacpp,llamacpp:b10644-L3,Qwen3.6-35B-A3B-UD-IQ3_XXS.gguf,qwen35moe,UD-IQ3_XXS,30,2,16384,512,mapped,f16,,n/a,,,,,,cold start,envelope units[].seconds (door up-after),2026-09-09,records/evidence/2026-09-09-live-srv1/serve-up-A-unmapped-2-up.json,2026-09-09-live-srv1-serve-up-A-mapped-1-up/8080,door clock; for multi-unit envelopes only the largest figure is a wake (O8: the rest are 'after the previous')
card_after_door_mib,5110,MiB,,,srv1,srv1@hosts.json-decl-2026-09-03,llamacpp,llamacpp:b10644-L3,Qwen3.6-35B-A3B-UD-IQ3_XXS.gguf,qwen35moe,UD-IQ3_XXS,30,2,16384,512,mapped,f16,,n/a,,,,,,,envelope card_after.used_mib (read at door return),2026-09-09,records/evidence/2026-09-09-live-srv1/serve-up-A-unmapped-2-up.json,2026-09-09-live-srv1-serve-up-A-mapped-1-up,
wake_s_door,132.5,s,,,srv1,srv1@hosts.json-decl-2026-09-03,llamacpp,llamacpp:b10644-L3,Qwen3.6-35B-A3B-UD-IQ3_XXS.gguf,qwen35moe,UD-IQ3_XXS,30,2,16384,512,mapped,f16,,n/a,,,,,,cold start,envelope units[].seconds (door up-after),2026-09-09,records/evidence/2026-09-09-live-srv1/serve-up-A-unmapped-3-up.json,2026-09-09-live-srv1-serve-up-A-mapped-2-up/8080,door clock; for multi-unit envelopes only the largest figure is a wake (O8: the rest are 'after the previous')
card_after_door_mib,5110,MiB,,,srv1,srv1@hosts.json-decl-2026-09-03,llamacpp,llamacpp:b10644-L3,Qwen3.6-35B-A3B-UD-IQ3_XXS.gguf,qwen35moe,UD-IQ3_XXS,30,2,16384,512,mapped,f16,,n/a,,,,,,,envelope card_after.used_mib (read at door return),2026-09-09,records/evidence/2026-09-09-live-srv1/serve-up-A-unmapped-3-up.json,2026-09-09-live-srv1-serve-up-A-mapped-2-up,
wake_s_door,132.8,s,,,srv1,srv1@hosts.json-decl-2026-09-03,llamacpp,llamacpp:b10644-L3,Qwen3.6-35B-A3B-UD-IQ3_XXS.gguf,qwen35moe,UD-IQ3_XXS,30,2,16384,512,mapped,f16,,n/a,,,,,,cold start,envelope units[].seconds (door up-after),2026-09-09,records/evidence/2026-09-09-live-srv1/serve-up-B-refusal--10-up.json,2026-09-09-live-srv1-serve-up-A-mapped-3-up/8080,door clock; for multi-unit envelopes only the largest figure is a wake (O8: the rest are 'after the previous')
card_after_door_mib,5110,MiB,,,srv1,srv1@hosts.json-decl-2026-09-03,llamacpp,llamacpp:b10644-L3,Qwen3.6-35B-A3B-UD-IQ3_XXS.gguf,qwen35moe,UD-IQ3_XXS,30,2,16384,512,mapped,f16,,n/a,,,,,,,envelope card_after.used_mib (read at door return),2026-09-09,records/evidence/2026-09-09-live-srv1/serve-up-B-refusal--10-up.json,2026-09-09-live-srv1-serve-up-A-mapped-3-up,
wake_s_door,121.1,s,,,srv1,srv1@hosts.json-decl-2026-09-03,llamacpp,llamacpp:b10644-L3,Qwen3.6-35B-A3B-UD-IQ3_XXS.gguf,qwen35moe,UD-IQ3_XXS,30,2,16384,512,none,f16,,n/a,,,,,,cold start,envelope units[].seconds (door up-after),2026-09-09,records/evidence/2026-09-09-live-srv1/serve-up-B-refusal-p05-up.json,2026-09-09-live-srv1-serve-up-B-refusal-p20-up/8080,door clock; for multi-unit envelopes only the largest figure is a wake (O8: the rest are 'after the previous')
card_after_door_mib,5126,MiB,,,srv1,srv1@hosts.json-decl-2026-09-03,llamacpp,llamacpp:b10644-L3,Qwen3.6-35B-A3B-UD-IQ3_XXS.gguf,qwen35moe,UD-IQ3_XXS,30,2,16384,512,none,f16,,n/a,,,,,,,envelope card_after.used_mib (read at door return),2026-09-09,records/evidence/2026-09-09-live-srv1/serve-up-B-refusal-p05-up.json,2026-09-09-live-srv1-serve-up-B-refusal-p20-up,
wake_s_door,367.2,s,,,srv1,srv1@hosts.json-decl-2026-09-03,llamacpp,llamacpp:b10644-L3,Qwen3.6-35B-A3B-UD-IQ3_XXS.gguf,qwen35moe,UD-IQ3_XXS,30,2,16384,512,none,f16,,n/a,,,,,,cold start,envelope units[].seconds (door up-after),2026-09-09,records/evidence/2026-09-09-live-srv1/serve-up-B-refusal-p20-up.json,2026-09-09-live-srv1-serve-up-B-refusal--10-up/8080,door clock; for multi-unit envelopes only the largest figure is a wake (O8: the rest are 'after the previous')
card_after_door_mib,5126,MiB,,,srv1,srv1@hosts.json-decl-2026-09-03,llamacpp,llamacpp:b10644-L3,Qwen3.6-35B-A3B-UD-IQ3_XXS.gguf,qwen35moe,UD-IQ3_XXS,30,2,16384,512,none,f16,,n/a,,,,,,,envelope card_after.used_mib (read at door return),2026-09-09,records/evidence/2026-09-09-live-srv1/serve-up-B-refusal-p20-up.json,2026-09-09-live-srv1-serve-up-B-refusal--10-up,
wake_s_door,124.6,s,,,srv1,srv1@hosts.json-decl-2026-09-03,llamacpp,llamacpp:b10644-L3,Qwen3.6-35B-A3B-UD-IQ3_XXS.gguf,qwen35moe,UD-IQ3_XXS,30,2,16384,512,none,f16,,n/a,,,,,,cold start,envelope units[].seconds (door up-after),2026-09-09,records/evidence/2026-09-09-live-srv1/serve-up-gate2-092500.json,2026-09-09-live-srv1-serve-up-B-refusal-p05-up/8080,door clock; for multi-unit envelopes only the largest figure is a wake (O8: the rest are 'after the previous')
card_after_door_mib,5126,MiB,,,srv1,srv1@hosts.json-decl-2026-09-03,llamacpp,llamacpp:b10644-L3,Qwen3.6-35B-A3B-UD-IQ3_XXS.gguf,qwen35moe,UD-IQ3_XXS,30,2,16384,512,none,f16,,n/a,,,,,,,envelope card_after.used_mib (read at door return),2026-09-09,records/evidence/2026-09-09-live-srv1/serve-up-gate2-092500.json,2026-09-09-live-srv1-serve-up-B-refusal-p05-up,
wake_s_door,134.2,s,,,srv1,srv1@hosts.json-decl-2026-09-03,llamacpp,llamacpp:b10644-L3,Qwen3.6-35B-A3B-UD-IQ3_XXS.gguf,qwen35moe,UD-IQ3_XXS,30,2,16384,512,mapped,f16,,n/a,,,,,,cold start,envelope units[].seconds (door up-after),2026-09-09,records/evidence/2026-09-09-live-srv1/serve-up-m1-qwen-unmapped-1-up.json,2026-09-09-live-srv1-serve-up-r-srv1-qwen-mapped-2-up/8080,door clock; for multi-unit envelopes only the largest figure is a wake (O8: the rest are 'after the previous')
card_after_door_mib,5110,MiB,,,srv1,srv1@hosts.json-decl-2026-09-03,llamacpp,llamacpp:b10644-L3,Qwen3.6-35B-A3B-UD-IQ3_XXS.gguf,qwen35moe,UD-IQ3_XXS,30,2,16384,512,mapped,f16,,n/a,,,,,,,envelope card_after.used_mib (read at door return),2026-09-09,records/evidence/2026-09-09-live-srv1/serve-up-m1-qwen-unmapped-1-up.json,2026-09-09-live-srv1-serve-up-r-srv1-qwen-mapped-2-up,
wake_s_door,125.5,s,,,srv1,srv1@hosts.json-decl-2026-09-03,llamacpp,llamacpp:b10644-L3,Qwen3.6-35B-A3B-UD-IQ3_XXS.gguf,qwen35moe,UD-IQ3_XXS,30,2,16384,512,none,f16,,n/a,,,,,,cold start,envelope units[].seconds (door up-after),2026-09-09,records/evidence/2026-09-09-live-srv1/serve-up-m1-qwen-unmapped-2-up.json,2026-09-09-live-srv1-serve-up-m1-qwen-unmapped-1-up/8080,door clock; for multi-unit envelopes only the largest figure is a wake (O8: the rest are 'after the previous')
card_after_door_mib,5126,MiB,,,srv1,srv1@hosts.json-decl-2026-09-03,llamacpp,llamacpp:b10644-L3,Qwen3.6-35B-A3B-UD-IQ3_XXS.gguf,qwen35moe,UD-IQ3_XXS,30,2,16384,512,none,f16,,n/a,,,,,,,envelope card_after.used_mib (read at door return),2026-09-09,records/evidence/2026-09-09-live-srv1/serve-up-m1-qwen-unmapped-2-up.json,2026-09-09-live-srv1-serve-up-m1-qwen-unmapped-1-up,
wake_s_door,123.7,s,,,srv1,srv1@hosts.json-decl-2026-09-03,llamacpp,llamacpp:b10644-L3,Qwen3.6-35B-A3B-UD-IQ3_XXS.gguf,qwen35moe,UD-IQ3_XXS,30,2,16384,512,none,f16,,n/a,,,,,,cold start,envelope units[].seconds (door up-after),2026-09-09,records/evidence/2026-09-09-live-srv1/serve-up-m1-srv1-mapped-1-up.json,2026-09-09-live-srv1-serve-up-restore3/8080,door clock; for multi-unit envelopes only the largest figure is a wake (O8: the rest are 'after the previous')
card_after_door_mib,5126,MiB,,,srv1,srv1@hosts.json-decl-2026-09-03,llamacpp,llamacpp:b10644-L3,Qwen3.6-35B-A3B-UD-IQ3_XXS.gguf,qwen35moe,UD-IQ3_XXS,30,2,16384,512,none,f16,,n/a,,,,,,,envelope card_after.used_mib (read at door return),2026-09-09,records/evidence/2026-09-09-live-srv1/serve-up-m1-srv1-mapped-1-up.json,2026-09-09-live-srv1-serve-up-restore3,
wake_s_door,126.5,s,,,srv1,srv1@hosts.json-decl-2026-09-03,llamacpp,llamacpp:b10644-L3,Qwen3.6-35B-A3B-UD-IQ3_XXS.gguf,qwen35moe,UD-IQ3_XXS,30,2,16384,512,none,f16,,n/a,,,,,,cold start,envelope units[].seconds (door up-after),2026-09-09,records/evidence/2026-09-09-live-srv1/serve-up-m3-qwen-mapped-neg2.0-1-up.json,2026-09-09-live-srv1-serve-up-m1-qwen-unmapped-2-up/8080,door clock; for multi-unit envelopes only the largest figure is a wake (O8: the rest are 'after the previous')
card_after_door_mib,5126,MiB,,,srv1,srv1@hosts.json-decl-2026-09-03,llamacpp,llamacpp:b10644-L3,Qwen3.6-35B-A3B-UD-IQ3_XXS.gguf,qwen35moe,UD-IQ3_XXS,30,2,16384,512,none,f16,,n/a,,,,,,,envelope card_after.used_mib (read at door return),2026-09-09,records/evidence/2026-09-09-live-srv1/serve-up-m3-qwen-mapped-neg2.0-1-up.json,2026-09-09-live-srv1-serve-up-m1-qwen-unmapped-2-up,
wake_s_door,162.5,s,,,srv1,srv1@hosts.json-decl-2026-09-03,llamacpp,llamacpp:b10644-L3,Qwen3.6-35B-A3B-UD-IQ3_XXS.gguf,qwen35moe,UD-IQ3_XXS,30,2,16384,512,mapped,f16,,n/a,,,,,,cold start,envelope units[].seconds (door up-after),2026-09-09,records/evidence/2026-09-09-live-srv1/serve-up-m3-qwen-mapped-neg2.0-2-up.json,2026-09-09-live-srv1-serve-up-m3-qwen-mapped-neg2.0-1-up/8080,door clock; for multi-unit envelopes only the largest figure is a wake (O8: the rest are 'after the previous')
card_after_door_mib,5102,MiB,,,srv1,srv1@hosts.json-decl-2026-09-03,llamacpp,llamacpp:b10644-L3,Qwen3.6-35B-A3B-UD-IQ3_XXS.gguf,qwen35moe,UD-IQ3_XXS,30,2,16384,512,mapped,f16,,n/a,,,,,,,envelope card_after.used_mib (read at door return),2026-09-09,records/evidence/2026-09-09-live-srv1/serve-up-m3-qwen-mapped-neg2.0-2-up.json,2026-09-09-live-srv1-serve-up-m3-qwen-mapped-neg2.0-1-up,
wake_s_door,164.0,s,,,srv1,srv1@hosts.json-decl-2026-09-03,llamacpp,llamacpp:b10644-L3,Qwen3.6-35B-A3B-UD-IQ3_XXS.gguf,qwen35moe,UD-IQ3_XXS,30,2,16384,512,mapped,f16,,n/a,,,,,,cold start,envelope units[].seconds (door up-after),2026-09-09,records/evidence/2026-09-09-live-srv1/serve-up-m3-qwen-mapped-neg3.0-1-up.json,2026-09-09-live-srv1-serve-up-m3-qwen-mapped-neg2.0-2-up/8080,door clock; for multi-unit envelopes only the largest figure is a wake (O8: the rest are 'after the previous')
card_after_door_mib,5102,MiB,,,srv1,srv1@hosts.json-decl-2026-09-03,llamacpp,llamacpp:b10644-L3,Qwen3.6-35B-A3B-UD-IQ3_XXS.gguf,qwen35moe,UD-IQ3_XXS,30,2,16384,512,mapped,f16,,n/a,,,,,,,envelope card_after.used_mib (read at door return),2026-09-09,records/evidence/2026-09-09-live-srv1/serve-up-m3-qwen-mapped-neg3.0-1-up.json,2026-09-09-live-srv1-serve-up-m3-qwen-mapped-neg2.0-2-up,
wake_s_door,162.8,s,,,srv1,srv1@hosts.json-decl-2026-09-03,llamacpp,llamacpp:b10644-L3,Qwen3.6-35B-A3B-UD-IQ3_XXS.gguf,qwen35moe,UD-IQ3_XXS,30,2,16384,512,mapped,f16,,n/a,,,,,,cold start,envelope units[].seconds (door up-after),2026-09-09,records/evidence/2026-09-09-live-srv1/serve-up-m3-qwen-mapped-restore-1-up.json,2026-09-09-live-srv1-serve-up-m3-qwen-mapped-neg3.0-1-up/8080,door clock; for multi-unit envelopes only the largest figure is a wake (O8: the rest are 'after the previous')
card_after_door_mib,5102,MiB,,,srv1,srv1@hosts.json-decl-2026-09-03,llamacpp,llamacpp:b10644-L3,Qwen3.6-35B-A3B-UD-IQ3_XXS.gguf,qwen35moe,UD-IQ3_XXS,30,2,16384,512,mapped,f16,,n/a,,,,,,,envelope card_after.used_mib (read at door return),2026-09-09,records/evidence/2026-09-09-live-srv1/serve-up-m3-qwen-mapped-restore-1-up.json,2026-09-09-live-srv1-serve-up-m3-qwen-mapped-neg3.0-1-up,
wake_s_door,126.9,s,,,srv1,srv1@hosts.json-decl-2026-09-03,llamacpp,llamacpp:b10644-L3,Qwen3.6-35B-A3B-UD-IQ3_XXS.gguf,qwen35moe,UD-IQ3_XXS,30,2,16384,512,none,f16,,n/a,,,,,,cold start,envelope units[].seconds (door up-after),2026-09-09,records/evidence/2026-09-09-live-srv1/serve-up-m3x-experts-n0.30-1-up.json,2026-09-09-live-srv1-serve-up-m3x-experts-p0.20-1-up/8080,door clock; for multi-unit envelopes only the largest figure is a wake (O8: the rest are 'after the previous')
card_after_door_mib,5126,MiB,,,srv1,srv1@hosts.json-decl-2026-09-03,llamacpp,llamacpp:b10644-L3,Qwen3.6-35B-A3B-UD-IQ3_XXS.gguf,qwen35moe,UD-IQ3_XXS,30,2,16384,512,none,f16,,n/a,,,,,,,envelope card_after.used_mib (read at door return),2026-09-09,records/evidence/2026-09-09-live-srv1/serve-up-m3x-experts-n0.30-1-up.json,2026-09-09-live-srv1-serve-up-m3x-experts-p0.20-1-up,
wake_s_door,135.1,s,,,srv1,srv1@hosts.json-decl-2026-09-03,llamacpp,llamacpp:b10644-L3,Qwen3.6-35B-A3B-UD-IQ3_XXS.gguf,qwen35moe,UD-IQ3_XXS,30,2,16384,512,mapped,f16,,n/a,,,,,,cold start,envelope units[].seconds (door up-after),2026-09-09,records/evidence/2026-09-09-live-srv1/serve-up-m3x-experts-p0.20-1-up.json,2026-09-09-live-srv1-serve-up-m3-qwen-mapped-restore-1-up/8080,door clock; for multi-unit envelopes only the largest figure is a wake (O8: the rest are 'after the previous')
card_after_door_mib,5110,MiB,,,srv1,srv1@hosts.json-decl-2026-09-03,llamacpp,llamacpp:b10644-L3,Qwen3.6-35B-A3B-UD-IQ3_XXS.gguf,qwen35moe,UD-IQ3_XXS,30,2,16384,512,mapped,f16,,n/a,,,,,,,envelope card_after.used_mib (read at door return),2026-09-09,records/evidence/2026-09-09-live-srv1/serve-up-m3x-experts-p0.20-1-up.json,2026-09-09-live-srv1-serve-up-m3-qwen-mapped-restore-1-up,
wake_s_door,128.3,s,,,srv1,srv1@hosts.json-decl-2026-09-03,llamacpp,llamacpp:b10644-L3,Qwen3.6-35B-A3B-UD-IQ3_XXS.gguf,qwen35moe,UD-IQ3_XXS,30,2,16384,512,none,f16,,n/a,,,,,,cold start,envelope units[].seconds (door up-after),2026-09-09,records/evidence/2026-09-09-live-srv1/serve-up-m3x-restore-mapped-1-up.json,2026-09-09-live-srv1-serve-up-m3x-experts-n0.30-1-up/8080,door clock; for multi-unit envelopes only the largest figure is a wake (O8: the rest are 'after the previous')
card_after_door_mib,5126,MiB,,,srv1,srv1@hosts.json-decl-2026-09-03,llamacpp,llamacpp:b10644-L3,Qwen3.6-35B-A3B-UD-IQ3_XXS.gguf,qwen35moe,UD-IQ3_XXS,30,2,16384,512,none,f16,,n/a,,,,,,,envelope card_after.used_mib (read at door return),2026-09-09,records/evidence/2026-09-09-live-srv1/serve-up-m3x-restore-mapped-1-up.json,2026-09-09-live-srv1-serve-up-m3x-experts-n0.30-1-up,
wake_s_door,85.6,s,,,srv1,srv1@hosts.json-decl-2026-09-03,llamacpp,llamacpp:b10644-L3,Ling-3.0-tiny-Q8_0.gguf,bailingmoe3,Q8_0,10,2,8192,512,mapped,f16,,n/a,,,,,,cold start,envelope units[].seconds (door up-after),2026-09-09,records/evidence/2026-09-09-live-srv1/serve-up-q1-deepseek-1-up.json,2026-09-09-live-srv1-serve-up-q2-ling-Q8_0-2-up/8080,door clock; for multi-unit envelopes only the largest figure is a wake (O8: the rest are 'after the previous')
card_after_door_mib,5440,MiB,,,srv1,srv1@hosts.json-decl-2026-09-03,llamacpp,llamacpp:b10644-L3,Ling-3.0-tiny-Q8_0.gguf,bailingmoe3,Q8_0,10,2,8192,512,mapped,f16,,n/a,,,,,,,envelope card_after.used_mib (read at door return),2026-09-09,records/evidence/2026-09-09-live-srv1/serve-up-q1-deepseek-1-up.json,2026-09-09-live-srv1-serve-up-q2-ling-Q8_0-2-up,
wake_s_door,78.5,s,,,srv1,srv1@hosts.json-decl-2026-09-03,llamacpp,llamacpp:b10644-L3,deepseek-coder-v2-16b.gguf,deepseek2,,19,2,8192,512,mapped,f16,,n/a,,,,,,cold start,envelope units[].seconds (door up-after),2026-09-09,records/evidence/2026-09-09-live-srv1/serve-up-q1-deepseek-2-up.json,2026-09-09-live-srv1-serve-up-q1-deepseek-1-up/8080,door clock; for multi-unit envelopes only the largest figure is a wake (O8: the rest are 'after the previous')
card_after_door_mib,5446,MiB,,,srv1,srv1@hosts.json-decl-2026-09-03,llamacpp,llamacpp:b10644-L3,deepseek-coder-v2-16b.gguf,deepseek2,,19,2,8192,512,mapped,f16,,n/a,,,,,,,envelope card_after.used_mib (read at door return),2026-09-09,records/evidence/2026-09-09-live-srv1/serve-up-q1-deepseek-2-up.json,2026-09-09-live-srv1-serve-up-q1-deepseek-1-up,
wake_s_door,78.8,s,,,srv1,srv1@hosts.json-decl-2026-09-03,llamacpp,llamacpp:b10644-L3,deepseek-coder-v2-16b.gguf,deepseek2,,19,2,8192,512,mapped,f16,,n/a,,,,,,cold start,envelope units[].seconds (door up-after),2026-09-09,records/evidence/2026-09-09-live-srv1/serve-up-q1-gemma-1-up.json,2026-09-09-live-srv1-serve-up-q1-deepseek-2-up/8080,door clock; for multi-unit envelopes only the largest figure is a wake (O8: the rest are 'after the previous')
card_after_door_mib,5446,MiB,,,srv1,srv1@hosts.json-decl-2026-09-03,llamacpp,llamacpp:b10644-L3,deepseek-coder-v2-16b.gguf,deepseek2,,19,2,8192,512,mapped,f16,,n/a,,,,,,,envelope card_after.used_mib (read at door return),2026-09-09,records/evidence/2026-09-09-live-srv1/serve-up-q1-gemma-1-up.json,2026-09-09-live-srv1-serve-up-q1-deepseek-2-up,
wake_s_door,120.3,s,,,srv1,srv1@hosts.json-decl-2026-09-03,llamacpp,llamacpp:b10644-L3,gemma-4-26B-A4B-it-UD-IQ3_XXS.gguf,gemma4,UD-IQ3_XXS,22,2,8192,512,mapped,f16,,n/a,,,,,,cold start,envelope units[].seconds (door up-after),2026-09-09,records/evidence/2026-09-09-live-srv1/serve-up-q1-gemma-2-up.json,2026-09-09-live-srv1-serve-up-q1-gemma-1-up/8080,door clock; for multi-unit envelopes only the largest figure is a wake (O8: the rest are 'after the previous')
card_after_door_mib,5546,MiB,,,srv1,srv1@hosts.json-decl-2026-09-03,llamacpp,llamacpp:b10644-L3,gemma-4-26B-A4B-it-UD-IQ3_XXS.gguf,gemma4,UD-IQ3_XXS,22,2,8192,512,mapped,f16,,n/a,,,,,,,envelope card_after.used_mib (read at door return),2026-09-09,records/evidence/2026-09-09-live-srv1/serve-up-q1-gemma-2-up.json,2026-09-09-live-srv1-serve-up-q1-gemma-1-up,
wake_s_door,135.0,s,,,srv1,srv1@hosts.json-decl-2026-09-03,llamacpp,llamacpp:b10644-L3,Qwen3.6-35B-A3B-UD-IQ3_XXS.gguf,qwen35moe,UD-IQ3_XXS,29,2,8192,512,mapped,f16,,n/a,,,,,,cold start,envelope units[].seconds (door up-after),2026-09-09,records/evidence/2026-09-09-live-srv1/serve-up-q1-kat-1-up.json,2026-09-09-live-srv1-serve-up-q1-qwen36-w8192-2-up/8080,door clock; for multi-unit envelopes only the largest figure is a wake (O8: the rest are 'after the previous')
card_after_door_mib,5208,MiB,,,srv1,srv1@hosts.json-decl-2026-09-03,llamacpp,llamacpp:b10644-L3,Qwen3.6-35B-A3B-UD-IQ3_XXS.gguf,qwen35moe,UD-IQ3_XXS,29,2,8192,512,mapped,f16,,n/a,,,,,,,envelope card_after.used_mib (read at door return),2026-09-09,records/evidence/2026-09-09-live-srv1/serve-up-q1-kat-1-up.json,2026-09-09-live-srv1-serve-up-q1-qwen36-w8192-2-up,
wake_s_door,208.3,s,,,srv1,srv1@hosts.json-decl-2026-09-03,llamacpp,llamacpp:b10644-L3,KAT-Coder-V2.5-Dev_Q3_K_M_imatrix_MTP.gguf,qwen35moe,Q3_K_M,32,2,8192,512,mapped,f16,,n/a,,,,,,cold start,envelope units[].seconds (door up-after),2026-09-09,records/evidence/2026-09-09-live-srv1/serve-up-q1-kat-2-up.json,2026-09-09-live-srv1-serve-up-q1-kat-1-up/8080,door clock; for multi-unit envelopes only the largest figure is a wake (O8: the rest are 'after the previous')
card_after_door_mib,5014,MiB,,,srv1,srv1@hosts.json-decl-2026-09-03,llamacpp,llamacpp:b10644-L3,KAT-Coder-V2.5-Dev_Q3_K_M_imatrix_MTP.gguf,qwen35moe,Q3_K_M,32,2,8192,512,mapped,f16,,n/a,,,,,,,envelope card_after.used_mib (read at door return),2026-09-09,records/evidence/2026-09-09-live-srv1/serve-up-q1-kat-2-up.json,2026-09-09-live-srv1-serve-up-q1-kat-1-up,
wake_s_door,208.4,s,,,srv1,srv1@hosts.json-decl-2026-09-03,llamacpp,llamacpp:b10644-L3,KAT-Coder-V2.5-Dev_Q3_K_M_imatrix_MTP.gguf,qwen35moe,Q3_K_M,32,2,8192,512,mapped,f16,,n/a,,,,,,cold start,envelope units[].seconds (door up-after),2026-09-09,records/evidence/2026-09-09-live-srv1/serve-up-q1-kat-3-up.json,2026-09-09-live-srv1-serve-up-q1-kat-2-up/8080,door clock; for multi-unit envelopes only the largest figure is a wake (O8: the rest are 'after the previous')
card_after_door_mib,5014,MiB,,,srv1,srv1@hosts.json-decl-2026-09-03,llamacpp,llamacpp:b10644-L3,KAT-Coder-V2.5-Dev_Q3_K_M_imatrix_MTP.gguf,qwen35moe,Q3_K_M,32,2,8192,512,mapped,f16,,n/a,,,,,,,envelope card_after.used_mib (read at door return),2026-09-09,records/evidence/2026-09-09-live-srv1/serve-up-q1-kat-3-up.json,2026-09-09-live-srv1-serve-up-q1-kat-2-up,
wake_s_door,117.2,s,,,srv1,srv1@hosts.json-decl-2026-09-03,llamacpp,llamacpp:b10644-L3,gemma-4-26B-A4B-it-UD-IQ3_XXS.gguf,gemma4,UD-IQ3_XXS,22,2,8192,512,mapped,f16,,n/a,,,,,,cold start,envelope units[].seconds (door up-after),2026-09-09,records/evidence/2026-09-09-live-srv1/serve-up-q1-qwen36-w8192-1-up.json,2026-09-09-live-srv1-serve-up-q1-gemma-2-up/8080,door clock; for multi-unit envelopes only the largest figure is a wake (O8: the rest are 'after the previous')
card_after_door_mib,5546,MiB,,,srv1,srv1@hosts.json-decl-2026-09-03,llamacpp,llamacpp:b10644-L3,gemma-4-26B-A4B-it-UD-IQ3_XXS.gguf,gemma4,UD-IQ3_XXS,22,2,8192,512,mapped,f16,,n/a,,,,,,,envelope card_after.used_mib (read at door return),2026-09-09,records/evidence/2026-09-09-live-srv1/serve-up-q1-qwen36-w8192-1-up.json,2026-09-09-live-srv1-serve-up-q1-gemma-2-up,
wake_s_door,132.1,s,,,srv1,srv1@hosts.json-decl-2026-09-03,llamacpp,llamacpp:b10644-L3,Qwen3.6-35B-A3B-UD-IQ3_XXS.gguf,qwen35moe,UD-IQ3_XXS,29,2,8192,512,mapped,f16,,n/a,,,,,,cold start,envelope units[].seconds (door up-after),2026-09-09,records/evidence/2026-09-09-live-srv1/serve-up-q1-qwen36-w8192-2-up.json,2026-09-09-live-srv1-serve-up-q1-qwen36-w8192-1-up/8080,door clock; for multi-unit envelopes only the largest figure is a wake (O8: the rest are 'after the previous')
card_after_door_mib,5208,MiB,,,srv1,srv1@hosts.json-decl-2026-09-03,llamacpp,llamacpp:b10644-L3,Qwen3.6-35B-A3B-UD-IQ3_XXS.gguf,qwen35moe,UD-IQ3_XXS,29,2,8192,512,mapped,f16,,n/a,,,,,,,envelope card_after.used_mib (read at door return),2026-09-09,records/evidence/2026-09-09-live-srv1/serve-up-q1-qwen36-w8192-2-up.json,2026-09-09-live-srv1-serve-up-q1-qwen36-w8192-1-up,
wake_s_door,133.9,s,,,srv1,srv1@hosts.json-decl-2026-09-03,llamacpp,llamacpp:b10644-L3,Qwen3.6-35B-A3B-UD-IQ3_XXS.gguf,qwen35moe,UD-IQ3_XXS,30,2,16384,512,mapped,f16,,n/a,,,,,,cold start,envelope units[].seconds (door up-after),2026-09-09,records/evidence/2026-09-09-live-srv1/serve-up-q2-ling-IQ2_M-1-up.json,2026-09-09-live-srv1-serve-up-m3x-restore-mapped-1-up/8080,door clock; for multi-unit envelopes only the largest figure is a wake (O8: the rest are 'after the previous')
card_after_door_mib,5110,MiB,,,srv1,srv1@hosts.json-decl-2026-09-03,llamacpp,llamacpp:b10644-L3,Qwen3.6-35B-A3B-UD-IQ3_XXS.gguf,qwen35moe,UD-IQ3_XXS,30,2,16384,512,mapped,f16,,n/a,,,,,,,envelope card_after.used_mib (read at door return),2026-09-09,records/evidence/2026-09-09-live-srv1/serve-up-q2-ling-IQ2_M-1-up.json,2026-09-09-live-srv1-serve-up-m3x-restore-mapped-1-up,
wake_s_door,52.7,s,,,srv1,srv1@hosts.json-decl-2026-09-03,llamacpp,llamacpp:b10644-L3,Ling-3.0-tiny-IQ2_M.gguf,bailingmoe3,IQ2_M,0,2,8192,512,mapped,f16,,n/a,,,,,,cold start,envelope units[].seconds (door up-after),2026-09-09,records/evidence/2026-09-09-live-srv1/serve-up-q2-ling-IQ2_M-2-up.json,2026-09-09-live-srv1-serve-up-q2-ling-IQ2_M-1-up/8080,door clock; for multi-unit envelopes only the largest figure is a wake (O8: the rest are 'after the previous')
card_after_door_mib,2846,MiB,,,srv1,srv1@hosts.json-decl-2026-09-03,llamacpp,llamacpp:b10644-L3,Ling-3.0-tiny-IQ2_M.gguf,bailingmoe3,IQ2_M,0,2,8192,512,mapped,f16,,n/a,,,,,,,envelope card_after.used_mib (read at door return),2026-09-09,records/evidence/2026-09-09-live-srv1/serve-up-q2-ling-IQ2_M-2-up.json,2026-09-09-live-srv1-serve-up-q2-ling-IQ2_M-1-up,
wake_s_door,53.9,s,,,srv1,srv1@hosts.json-decl-2026-09-03,llamacpp,llamacpp:b10644-L3,Ling-3.0-tiny-IQ2_M.gguf,bailingmoe3,IQ2_M,0,2,8192,512,mapped,f16,,n/a,,,,,,cold start,envelope units[].seconds (door up-after),2026-09-09,records/evidence/2026-09-09-live-srv1/serve-up-q2-ling-Q3_K_M-1-up.json,2026-09-09-live-srv1-serve-up-q2-ling-IQ2_M-2-up/8080,door clock; for multi-unit envelopes only the largest figure is a wake (O8: the rest are 'after the previous')
card_after_door_mib,2846,MiB,,,srv1,srv1@hosts.json-decl-2026-09-03,llamacpp,llamacpp:b10644-L3,Ling-3.0-tiny-IQ2_M.gguf,bailingmoe3,IQ2_M,0,2,8192,512,mapped,f16,,n/a,,,,,,,envelope card_after.used_mib (read at door return),2026-09-09,records/evidence/2026-09-09-live-srv1/serve-up-q2-ling-Q3_K_M-1-up.json,2026-09-09-live-srv1-serve-up-q2-ling-IQ2_M-2-up,
wake_s_door,61.5,s,,,srv1,srv1@hosts.json-decl-2026-09-03,llamacpp,llamacpp:b10644-L3,Ling-3.0-tiny-Q3_K_M.gguf,bailingmoe3,Q3_K_M,0,2,8192,512,mapped,f16,,n/a,,,,,,cold start,envelope units[].seconds (door up-after),2026-09-09,records/evidence/2026-09-09-live-srv1/serve-up-q2-ling-Q3_K_M-2-up.json,2026-09-09-live-srv1-serve-up-q2-ling-Q3_K_M-1-up/8080,door clock; for multi-unit envelopes only the largest figure is a wake (O8: the rest are 'after the previous')
card_after_door_mib,3760,MiB,,,srv1,srv1@hosts.json-decl-2026-09-03,llamacpp,llamacpp:b10644-L3,Ling-3.0-tiny-Q3_K_M.gguf,bailingmoe3,Q3_K_M,0,2,8192,512,mapped,f16,,n/a,,,,,,,envelope card_after.used_mib (read at door return),2026-09-09,records/evidence/2026-09-09-live-srv1/serve-up-q2-ling-Q3_K_M-2-up.json,2026-09-09-live-srv1-serve-up-q2-ling-Q3_K_M-1-up,
wake_s_door,60.7,s,,,srv1,srv1@hosts.json-decl-2026-09-03,llamacpp,llamacpp:b10644-L3,Ling-3.0-tiny-Q3_K_M.gguf,bailingmoe3,Q3_K_M,0,2,8192,512,mapped,f16,,n/a,,,,,,cold start,envelope units[].seconds (door up-after),2026-09-09,records/evidence/2026-09-09-live-srv1/serve-up-q2-ling-Q4_K_M-1-up.json,2026-09-09-live-srv1-serve-up-q2-ling-Q3_K_M-2-up/8080,door clock; for multi-unit envelopes only the largest figure is a wake (O8: the rest are 'after the previous')
card_after_door_mib,3760,MiB,,,srv1,srv1@hosts.json-decl-2026-09-03,llamacpp,llamacpp:b10644-L3,Ling-3.0-tiny-Q3_K_M.gguf,bailingmoe3,Q3_K_M,0,2,8192,512,mapped,f16,,n/a,,,,,,,envelope card_after.used_mib (read at door return),2026-09-09,records/evidence/2026-09-09-live-srv1/serve-up-q2-ling-Q4_K_M-1-up.json,2026-09-09-live-srv1-serve-up-q2-ling-Q3_K_M-2-up,
wake_s_door,64.2,s,,,srv1,srv1@hosts.json-decl-2026-09-03,llamacpp,llamacpp:b10644-L3,Ling-3.0-tiny-Q4_K_M.gguf,bailingmoe3,Q4_K_M,0,2,8192,512,mapped,f16,,n/a,,,,,,cold start,envelope units[].seconds (door up-after),2026-09-09,records/evidence/2026-09-09-live-srv1/serve-up-q2-ling-Q4_K_M-2-up.json,2026-09-09-live-srv1-serve-up-q2-ling-Q4_K_M-1-up/8080,door clock; for multi-unit envelopes only the largest figure is a wake (O8: the rest are 'after the previous')
card_after_door_mib,4808,MiB,,,srv1,srv1@hosts.json-decl-2026-09-03,llamacpp,llamacpp:b10644-L3,Ling-3.0-tiny-Q4_K_M.gguf,bailingmoe3,Q4_K_M,0,2,8192,512,mapped,f16,,n/a,,,,,,,envelope card_after.used_mib (read at door return),2026-09-09,records/evidence/2026-09-09-live-srv1/serve-up-q2-ling-Q4_K_M-2-up.json,2026-09-09-live-srv1-serve-up-q2-ling-Q4_K_M-1-up,
wake_s_door,64.4,s,,,srv1,srv1@hosts.json-decl-2026-09-03,llamacpp,llamacpp:b10644-L3,Ling-3.0-tiny-Q4_K_M.gguf,bailingmoe3,Q4_K_M,0,2,8192,512,mapped,f16,,n/a,,,,,,cold start,envelope units[].seconds (door up-after),2026-09-09,records/evidence/2026-09-09-live-srv1/serve-up-q2-ling-Q6_K-1-up.json,2026-09-09-live-srv1-serve-up-q2-ling-Q4_K_M-2-up/8080,door clock; for multi-unit envelopes only the largest figure is a wake (O8: the rest are 'after the previous')
card_after_door_mib,4808,MiB,,,srv1,srv1@hosts.json-decl-2026-09-03,llamacpp,llamacpp:b10644-L3,Ling-3.0-tiny-Q4_K_M.gguf,bailingmoe3,Q4_K_M,0,2,8192,512,mapped,f16,,n/a,,,,,,,envelope card_after.used_mib (read at door return),2026-09-09,records/evidence/2026-09-09-live-srv1/serve-up-q2-ling-Q6_K-1-up.json,2026-09-09-live-srv1-serve-up-q2-ling-Q4_K_M-2-up,
wake_s_door,77.0,s,,,srv1,srv1@hosts.json-decl-2026-09-03,llamacpp,llamacpp:b10644-L3,Ling-3.0-tiny-Q6_K.gguf,bailingmoe3,Q6_K,6,2,8192,512,mapped,f16,,n/a,,,,,,cold start,envelope units[].seconds (door up-after),2026-09-09,records/evidence/2026-09-09-live-srv1/serve-up-q2-ling-Q6_K-2-up.json,2026-09-09-live-srv1-serve-up-q2-ling-Q6_K-1-up/8080,door clock; for multi-unit envelopes only the largest figure is a wake (O8: the rest are 'after the previous')
card_after_door_mib,5502,MiB,,,srv1,srv1@hosts.json-decl-2026-09-03,llamacpp,llamacpp:b10644-L3,Ling-3.0-tiny-Q6_K.gguf,bailingmoe3,Q6_K,6,2,8192,512,mapped,f16,,n/a,,,,,,,envelope card_after.used_mib (read at door return),2026-09-09,records/evidence/2026-09-09-live-srv1/serve-up-q2-ling-Q6_K-2-up.json,2026-09-09-live-srv1-serve-up-q2-ling-Q6_K-1-up,
wake_s_door,77.5,s,,,srv1,srv1@hosts.json-decl-2026-09-03,llamacpp,llamacpp:b10644-L3,Ling-3.0-tiny-Q6_K.gguf,bailingmoe3,Q6_K,6,2,8192,512,mapped,f16,,n/a,,,,,,cold start,envelope units[].seconds (door up-after),2026-09-09,records/evidence/2026-09-09-live-srv1/serve-up-q2-ling-Q8_0-1-up.json,2026-09-09-live-srv1-serve-up-q2-ling-Q6_K-2-up/8080,door clock; for multi-unit envelopes only the largest figure is a wake (O8: the rest are 'after the previous')
card_after_door_mib,5502,MiB,,,srv1,srv1@hosts.json-decl-2026-09-03,llamacpp,llamacpp:b10644-L3,Ling-3.0-tiny-Q6_K.gguf,bailingmoe3,Q6_K,6,2,8192,512,mapped,f16,,n/a,,,,,,,envelope card_after.used_mib (read at door return),2026-09-09,records/evidence/2026-09-09-live-srv1/serve-up-q2-ling-Q8_0-1-up.json,2026-09-09-live-srv1-serve-up-q2-ling-Q6_K-2-up,
wake_s_door,84.7,s,,,srv1,srv1@hosts.json-decl-2026-09-03,llamacpp,llamacpp:b10644-L3,Ling-3.0-tiny-Q8_0.gguf,bailingmoe3,Q8_0,10,2,8192,512,mapped,f16,,n/a,,,,,,cold start,envelope units[].seconds (door up-after),2026-09-09,records/evidence/2026-09-09-live-srv1/serve-up-q2-ling-Q8_0-2-up.json,2026-09-09-live-srv1-serve-up-q2-ling-Q8_0-1-up/8080,door clock; for multi-unit envelopes only the largest figure is a wake (O8: the rest are 'after the previous')
card_after_door_mib,5440,MiB,,,srv1,srv1@hosts.json-decl-2026-09-03,llamacpp,llamacpp:b10644-L3,Ling-3.0-tiny-Q8_0.gguf,bailingmoe3,Q8_0,10,2,8192,512,mapped,f16,,n/a,,,,,,,envelope card_after.used_mib (read at door return),2026-09-09,records/evidence/2026-09-09-live-srv1/serve-up-q2-ling-Q8_0-2-up.json,2026-09-09-live-srv1-serve-up-q2-ling-Q8_0-1-up,
wake_s_door,208.4,s,,,srv1,srv1@hosts.json-decl-2026-09-03,llamacpp,llamacpp:b10644-L3,KAT-Coder-V2.5-Dev_Q3_K_M_imatrix_MTP.gguf,qwen35moe,Q3_K_M,32,2,8192,512,mapped,f16,,n/a,,,,,,cold start,envelope units[].seconds (door up-after),2026-09-09,records/evidence/2026-09-09-live-srv1/serve-up-q4-qwen-n28-1-up.json,2026-09-09-live-srv1-serve-up-q1-kat-3-up/8080,door clock; for multi-unit envelopes only the largest figure is a wake (O8: the rest are 'after the previous')
card_after_door_mib,5014,MiB,,,srv1,srv1@hosts.json-decl-2026-09-03,llamacpp,llamacpp:b10644-L3,KAT-Coder-V2.5-Dev_Q3_K_M_imatrix_MTP.gguf,qwen35moe,Q3_K_M,32,2,8192,512,mapped,f16,,n/a,,,,,,,envelope card_after.used_mib (read at door return),2026-09-09,records/evidence/2026-09-09-live-srv1/serve-up-q4-qwen-n28-1-up.json,2026-09-09-live-srv1-serve-up-q1-kat-3-up,
wake_s_door,131.5,s,,,srv1,srv1@hosts.json-decl-2026-09-03,llamacpp,llamacpp:b10644-L3,Qwen3.6-35B-A3B-UD-IQ3_XXS.gguf,qwen35moe,UD-IQ3_XXS,28,2,8192,512,mapped,f16,,n/a,,,,,,cold start,envelope units[].seconds (door up-after),2026-09-09,records/evidence/2026-09-09-live-srv1/serve-up-q4-qwen-n28-2-up.json,2026-09-09-live-srv1-serve-up-q4-qwen-n28-1-up/8080,door clock; for multi-unit envelopes only the largest figure is a wake (O8: the rest are 'after the previous')
card_after_door_mib,5470,MiB,,,srv1,srv1@hosts.json-decl-2026-09-03,llamacpp,llamacpp:b10644-L3,Qwen3.6-35B-A3B-UD-IQ3_XXS.gguf,qwen35moe,UD-IQ3_XXS,28,2,8192,512,mapped,f16,,n/a,,,,,,,envelope card_after.used_mib (read at door return),2026-09-09,records/evidence/2026-09-09-live-srv1/serve-up-q4-qwen-n28-2-up.json,2026-09-09-live-srv1-serve-up-q4-qwen-n28-1-up,
wake_s_door,134.1,s,,,srv1,srv1@hosts.json-decl-2026-09-03,llamacpp,llamacpp:b10644-L3,Qwen3.6-35B-A3B-UD-IQ3_XXS.gguf,qwen35moe,UD-IQ3_XXS,28,2,8192,512,mapped,f16,,n/a,,,,,,cold start,envelope units[].seconds (door up-after),2026-09-09,records/evidence/2026-09-09-live-srv1/serve-up-q4-qwen-n32-1-up.json,2026-09-09-live-srv1-serve-up-q4-qwen-n28-2-up/8080,door clock; for multi-unit envelopes only the largest figure is a wake (O8: the rest are 'after the previous')
card_after_door_mib,5470,MiB,,,srv1,srv1@hosts.json-decl-2026-09-03,llamacpp,llamacpp:b10644-L3,Qwen3.6-35B-A3B-UD-IQ3_XXS.gguf,qwen35moe,UD-IQ3_XXS,28,2,8192,512,mapped,f16,,n/a,,,,,,,envelope card_after.used_mib (read at door return),2026-09-09,records/evidence/2026-09-09-live-srv1/serve-up-q4-qwen-n32-1-up.json,2026-09-09-live-srv1-serve-up-q4-qwen-n28-2-up,
wake_s_door,130.4,s,,,srv1,srv1@hosts.json-decl-2026-09-03,llamacpp,llamacpp:b10644-L3,Qwen3.6-35B-A3B-UD-IQ3_XXS.gguf,qwen35moe,UD-IQ3_XXS,32,2,8192,512,mapped,f16,,n/a,,,,,,cold start,envelope units[].seconds (door up-after),2026-09-09,records/evidence/2026-09-09-live-srv1/serve-up-q4-qwen-n32-2-up.json,2026-09-09-live-srv1-serve-up-q4-qwen-n32-1-up/8080,door clock; for multi-unit envelopes only the largest figure is a wake (O8: the rest are 'after the previous')
card_after_door_mib,4422,MiB,,,srv1,srv1@hosts.json-decl-2026-09-03,llamacpp,llamacpp:b10644-L3,Qwen3.6-35B-A3B-UD-IQ3_XXS.gguf,qwen35moe,UD-IQ3_XXS,32,2,8192,512,mapped,f16,,n/a,,,,,,,envelope card_after.used_mib (read at door return),2026-09-09,records/evidence/2026-09-09-live-srv1/serve-up-q4-qwen-n32-2-up.json,2026-09-09-live-srv1-serve-up-q4-qwen-n32-1-up,
wake_s_door,133.6,s,,,srv1,srv1@hosts.json-decl-2026-09-03,llamacpp,llamacpp:b10644-L3,Qwen3.6-35B-A3B-UD-IQ3_XXS.gguf,qwen35moe,UD-IQ3_XXS,32,2,8192,512,mapped,f16,,n/a,,,,,,cold start,envelope units[].seconds (door up-after),2026-09-09,records/evidence/2026-09-09-live-srv1/serve-up-q5-experts-0.50-1-up.json,2026-09-09-live-srv1-serve-up-q4-qwen-n32-2-up/8080,door clock; for multi-unit envelopes only the largest figure is a wake (O8: the rest are 'after the previous')
card_after_door_mib,4422,MiB,,,srv1,srv1@hosts.json-decl-2026-09-03,llamacpp,llamacpp:b10644-L3,Qwen3.6-35B-A3B-UD-IQ3_XXS.gguf,qwen35moe,UD-IQ3_XXS,32,2,8192,512,mapped,f16,,n/a,,,,,,,envelope card_after.used_mib (read at door return),2026-09-09,records/evidence/2026-09-09-live-srv1/serve-up-q5-experts-0.50-1-up.json,2026-09-09-live-srv1-serve-up-q4-qwen-n32-2-up,
wake_s_door,125.7,s,,,srv1,srv1@hosts.json-decl-2026-09-03,llamacpp,llamacpp:b10644-L3,Qwen3.6-35B-A3B-UD-IQ3_XXS.gguf,qwen35moe,UD-IQ3_XXS,29,2,8192,512,none,f16,,n/a,,,,,,cold start,envelope units[].seconds (door up-after),2026-09-09,records/evidence/2026-09-09-live-srv1/serve-up-q5-experts-0.50-2-up.json,2026-09-09-live-srv1-serve-up-q5-experts-0.50-1-up/8080,door clock; for multi-unit envelopes only the largest figure is a wake (O8: the rest are 'after the previous')
card_after_door_mib,5222,MiB,,,srv1,srv1@hosts.json-decl-2026-09-03,llamacpp,llamacpp:b10644-L3,Qwen3.6-35B-A3B-UD-IQ3_XXS.gguf,qwen35moe,UD-IQ3_XXS,29,2,8192,512,none,f16,,n/a,,,,,,,envelope card_after.used_mib (read at door return),2026-09-09,records/evidence/2026-09-09-live-srv1/serve-up-q5-experts-0.50-2-up.json,2026-09-09-live-srv1-serve-up-q5-experts-0.50-1-up,
wake_s_door,128.7,s,,,srv1,srv1@hosts.json-decl-2026-09-03,llamacpp,llamacpp:b10644-L3,Qwen3.6-35B-A3B-UD-IQ3_XXS.gguf,qwen35moe,UD-IQ3_XXS,29,2,8192,512,none,f16,,n/a,,,,,,cold start,envelope units[].seconds (door up-after),2026-09-09,records/evidence/2026-09-09-live-srv1/serve-up-q5-experts-0.65-1-up.json,2026-09-09-live-srv1-serve-up-q5-experts-0.50-2-up/8080,door clock; for multi-unit envelopes only the largest figure is a wake (O8: the rest are 'after the previous')
card_after_door_mib,5222,MiB,,,srv1,srv1@hosts.json-decl-2026-09-03,llamacpp,llamacpp:b10644-L3,Qwen3.6-35B-A3B-UD-IQ3_XXS.gguf,qwen35moe,UD-IQ3_XXS,29,2,8192,512,none,f16,,n/a,,,,,,,envelope card_after.used_mib (read at door return),2026-09-09,records/evidence/2026-09-09-live-srv1/serve-up-q5-experts-0.65-1-up.json,2026-09-09-live-srv1-serve-up-q5-experts-0.50-2-up,
wake_s_door,127.8,s,,,srv1,srv1@hosts.json-decl-2026-09-03,llamacpp,llamacpp:b10644-L3,Qwen3.6-35B-A3B-UD-IQ3_XXS.gguf,qwen35moe,UD-IQ3_XXS,29,2,8192,512,none,f16,,n/a,,,,,,cold start,envelope units[].seconds (door up-after),2026-09-09,records/evidence/2026-09-09-live-srv1/serve-up-q5-experts-0.65-2-up.json,2026-09-09-live-srv1-serve-up-q5-experts-0.65-1-up/8080,door clock; for multi-unit envelopes only the largest figure is a wake (O8: the rest are 'after the previous')
card_after_door_mib,5222,MiB,,,srv1,srv1@hosts.json-decl-2026-09-03,llamacpp,llamacpp:b10644-L3,Qwen3.6-35B-A3B-UD-IQ3_XXS.gguf,qwen35moe,UD-IQ3_XXS,29,2,8192,512,none,f16,,n/a,,,,,,,envelope card_after.used_mib (read at door return),2026-09-09,records/evidence/2026-09-09-live-srv1/serve-up-q5-experts-0.65-2-up.json,2026-09-09-live-srv1-serve-up-q5-experts-0.65-1-up,
wake_s_door,127.8,s,,,srv1,srv1@hosts.json-decl-2026-09-03,llamacpp,llamacpp:b10644-L3,Qwen3.6-35B-A3B-UD-IQ3_XXS.gguf,qwen35moe,UD-IQ3_XXS,29,2,8192,512,none,f16,,n/a,,,,,,cold start,envelope units[].seconds (door up-after),2026-09-09,records/evidence/2026-09-09-live-srv1/serve-up-q5-experts-0.80-1-up.json,2026-09-09-live-srv1-serve-up-q5-experts-0.65-2-up/8080,door clock; for multi-unit envelopes only the largest figure is a wake (O8: the rest are 'after the previous')
card_after_door_mib,5222,MiB,,,srv1,srv1@hosts.json-decl-2026-09-03,llamacpp,llamacpp:b10644-L3,Qwen3.6-35B-A3B-UD-IQ3_XXS.gguf,qwen35moe,UD-IQ3_XXS,29,2,8192,512,none,f16,,n/a,,,,,,,envelope card_after.used_mib (read at door return),2026-09-09,records/evidence/2026-09-09-live-srv1/serve-up-q5-experts-0.80-1-up.json,2026-09-09-live-srv1-serve-up-q5-experts-0.65-2-up,
wake_s_door,132.3,s,,,srv1,srv1@hosts.json-decl-2026-09-03,llamacpp,llamacpp:b10644-L3,Qwen3.6-35B-A3B-UD-IQ3_XXS.gguf,qwen35moe,UD-IQ3_XXS,29,2,8192,512,none,f16,,n/a,,,,,,cold start,envelope units[].seconds (door up-after),2026-09-09,records/evidence/2026-09-09-live-srv1/serve-up-q5-experts-0.80-2-up.json,2026-09-09-live-srv1-serve-up-q5-experts-0.80-1-up/8080,door clock; for multi-unit envelopes only the largest figure is a wake (O8: the rest are 'after the previous')
card_after_door_mib,5222,MiB,,,srv1,srv1@hosts.json-decl-2026-09-03,llamacpp,llamacpp:b10644-L3,Qwen3.6-35B-A3B-UD-IQ3_XXS.gguf,qwen35moe,UD-IQ3_XXS,29,2,8192,512,none,f16,,n/a,,,,,,,envelope card_after.used_mib (read at door return),2026-09-09,records/evidence/2026-09-09-live-srv1/serve-up-q5-experts-0.80-2-up.json,2026-09-09-live-srv1-serve-up-q5-experts-0.80-1-up,
wake_s_door,131.7,s,,,srv1,srv1@hosts.json-decl-2026-09-03,llamacpp,llamacpp:b10644-L3,Qwen3.6-35B-A3B-UD-IQ3_XXS.gguf,qwen35moe,UD-IQ3_XXS,29,2,8192,512,none,f16,,n/a,,,,,,cold start,envelope units[].seconds (door up-after),2026-09-09,records/evidence/2026-09-09-live-srv1/serve-up-q6-blob-2.50-1-up.json,2026-09-09-live-srv1-serve-up-q5-experts-0.80-2-up/8080,door clock; for multi-unit envelopes only the largest figure is a wake (O8: the rest are 'after the previous')
card_after_door_mib,5222,MiB,,,srv1,srv1@hosts.json-decl-2026-09-03,llamacpp,llamacpp:b10644-L3,Qwen3.6-35B-A3B-UD-IQ3_XXS.gguf,qwen35moe,UD-IQ3_XXS,29,2,8192,512,none,f16,,n/a,,,,,,,envelope card_after.used_mib (read at door return),2026-09-09,records/evidence/2026-09-09-live-srv1/serve-up-q6-blob-2.50-1-up.json,2026-09-09-live-srv1-serve-up-q5-experts-0.80-2-up,
wake_s_door,162.1,s,,,srv1,srv1@hosts.json-decl-2026-09-03,llamacpp,llamacpp:b10644-L3,Qwen3.6-35B-A3B-UD-IQ3_XXS.gguf,qwen35moe,UD-IQ3_XXS,29,2,8192,512,mapped,f16,,n/a,,,,,,cold start,envelope units[].seconds (door up-after),2026-09-09,records/evidence/2026-09-09-live-srv1/serve-up-q6-blob-2.50-2-up.json,2026-09-09-live-srv1-serve-up-q6-blob-2.50-1-up/8080,door clock; for multi-unit envelopes only the largest figure is a wake (O8: the rest are 'after the previous')
card_after_door_mib,5200,MiB,,,srv1,srv1@hosts.json-decl-2026-09-03,llamacpp,llamacpp:b10644-L3,Qwen3.6-35B-A3B-UD-IQ3_XXS.gguf,qwen35moe,UD-IQ3_XXS,29,2,8192,512,mapped,f16,,n/a,,,,,,,envelope card_after.used_mib (read at door return),2026-09-09,records/evidence/2026-09-09-live-srv1/serve-up-q6-blob-2.50-2-up.json,2026-09-09-live-srv1-serve-up-q6-blob-2.50-1-up,
wake_s_door,161.6,s,,,srv1,srv1@hosts.json-decl-2026-09-03,llamacpp,llamacpp:b10644-L3,Qwen3.6-35B-A3B-UD-IQ3_XXS.gguf,qwen35moe,UD-IQ3_XXS,29,2,8192,512,mapped,f16,,n/a,,,,,,cold start,envelope units[].seconds (door up-after),2026-09-09,records/evidence/2026-09-09-live-srv1/serve-up-q6-blob-3.03-1-up.json,2026-09-09-live-srv1-serve-up-q6-blob-2.50-2-up/8080,door clock; for multi-unit envelopes only the largest figure is a wake (O8: the rest are 'after the previous')
card_after_door_mib,5200,MiB,,,srv1,srv1@hosts.json-decl-2026-09-03,llamacpp,llamacpp:b10644-L3,Qwen3.6-35B-A3B-UD-IQ3_XXS.gguf,qwen35moe,UD-IQ3_XXS,29,2,8192,512,mapped,f16,,n/a,,,,,,,envelope card_after.used_mib (read at door return),2026-09-09,records/evidence/2026-09-09-live-srv1/serve-up-q6-blob-3.03-1-up.json,2026-09-09-live-srv1-serve-up-q6-blob-2.50-2-up,
wake_s_door,163.6,s,,,srv1,srv1@hosts.json-decl-2026-09-03,llamacpp,llamacpp:b10644-L3,Qwen3.6-35B-A3B-UD-IQ3_XXS.gguf,qwen35moe,UD-IQ3_XXS,29,2,8192,512,mapped,f16,,n/a,,,,,,cold start,envelope units[].seconds (door up-after),2026-09-09,records/evidence/2026-09-09-live-srv1/serve-up-q6-blob-3.03-2-up.json,2026-09-09-live-srv1-serve-up-q6-blob-3.03-1-up/8080,door clock; for multi-unit envelopes only the largest figure is a wake (O8: the rest are 'after the previous')
card_after_door_mib,5200,MiB,,,srv1,srv1@hosts.json-decl-2026-09-03,llamacpp,llamacpp:b10644-L3,Qwen3.6-35B-A3B-UD-IQ3_XXS.gguf,qwen35moe,UD-IQ3_XXS,29,2,8192,512,mapped,f16,,n/a,,,,,,,envelope card_after.used_mib (read at door return),2026-09-09,records/evidence/2026-09-09-live-srv1/serve-up-q6-blob-3.03-2-up.json,2026-09-09-live-srv1-serve-up-q6-blob-3.03-1-up,
wake_s_door,164.1,s,,,srv1,srv1@hosts.json-decl-2026-09-03,llamacpp,llamacpp:b10644-L3,Qwen3.6-35B-A3B-UD-IQ3_XXS.gguf,qwen35moe,UD-IQ3_XXS,29,2,8192,512,mapped,f16,,n/a,,,,,,cold start,envelope units[].seconds (door up-after),2026-09-09,records/evidence/2026-09-09-live-srv1/serve-up-q9-vllm-3b-srv1-1-up.json,2026-09-09-live-srv1-serve-up-q6-blob-3.03-2-up/8080,door clock; for multi-unit envelopes only the largest figure is a wake (O8: the rest are 'after the previous')
card_after_door_mib,5198,MiB,,,srv1,srv1@hosts.json-decl-2026-09-03,llamacpp,llamacpp:b10644-L3,Qwen3.6-35B-A3B-UD-IQ3_XXS.gguf,qwen35moe,UD-IQ3_XXS,29,2,8192,512,mapped,f16,,n/a,,,,,,,envelope card_after.used_mib (read at door return),2026-09-09,records/evidence/2026-09-09-live-srv1/serve-up-q9-vllm-3b-srv1-1-up.json,2026-09-09-live-srv1-serve-up-q6-blob-3.03-2-up,
wake_s_door,102.6,s,,,srv1,srv1@hosts.json-decl-2026-09-03,vllm,vllm/vllm-openai@ffb2d59b1c05,Qwen2.5-Coder-3B-Instruct-AWQ,,AWQ,,8,4096,,n/a,auto,0.60,no,,,,,,cold start,envelope units[].seconds (door up-after),2026-09-09,records/evidence/2026-09-09-live-srv1/serve-up-q9b-vllm-3b-srv1-1-up.json,2026-09-09-live-srv1-serve-up-q9-vllm-3b-srv1-1-up/8001,door clock; for multi-unit envelopes only the largest figure is a wake (O8: the rest are 'after the previous')
card_after_door_mib,3112,MiB,,,srv1,srv1@hosts.json-decl-2026-09-03,vllm,vllm/vllm-openai@ffb2d59b1c05,Qwen2.5-Coder-3B-Instruct-AWQ,,AWQ,,8,4096,,n/a,auto,0.60,no,,,,,,,envelope card_after.used_mib (read at door return),2026-09-09,records/evidence/2026-09-09-live-srv1/serve-up-q9b-vllm-3b-srv1-1-up.json,2026-09-09-live-srv1-serve-up-q9-vllm-3b-srv1-1-up,
wake_s_door,67.4,s,,,srv1,srv1@hosts.json-decl-2026-09-03,llamacpp,llamacpp:b10644-L3,Ling-3.0-tiny-Q4_K_M.gguf,bailingmoe3,Q4_K_M,0,2,8192,512,mapped,f16,,n/a,,,,,,cold start,envelope units[].seconds (door up-after),2026-09-09,records/evidence/2026-09-09-live-srv1/serve-up-r-srv1-gemma-1-up.json,2026-09-09-live-srv1-serve-up-r-srv1-ling-2-up/8080,door clock; for multi-unit envelopes only the largest figure is a wake (O8: the rest are 'after the previous')
card_after_door_mib,4808,MiB,,,srv1,srv1@hosts.json-decl-2026-09-03,llamacpp,llamacpp:b10644-L3,Ling-3.0-tiny-Q4_K_M.gguf,bailingmoe3,Q4_K_M,0,2,8192,512,mapped,f16,,n/a,,,,,,,envelope card_after.used_mib (read at door return),2026-09-09,records/evidence/2026-09-09-live-srv1/serve-up-r-srv1-gemma-1-up.json,2026-09-09-live-srv1-serve-up-r-srv1-ling-2-up,
wake_s_door,118.0,s,,,srv1,srv1@hosts.json-decl-2026-09-03,llamacpp,llamacpp:b10644-L3,gemma-4-26B-A4B-it-UD-IQ3_XXS.gguf,gemma4,UD-IQ3_XXS,22,2,8192,512,mapped,f16,,n/a,,,,,,cold start,envelope units[].seconds (door up-after),2026-09-09,records/evidence/2026-09-09-live-srv1/serve-up-r-srv1-gemma-2-up.json,2026-09-09-live-srv1-serve-up-r-srv1-gemma-1-up/8080,door clock; for multi-unit envelopes only the largest figure is a wake (O8: the rest are 'after the previous')
card_after_door_mib,5546,MiB,,,srv1,srv1@hosts.json-decl-2026-09-03,llamacpp,llamacpp:b10644-L3,gemma-4-26B-A4B-it-UD-IQ3_XXS.gguf,gemma4,UD-IQ3_XXS,22,2,8192,512,mapped,f16,,n/a,,,,,,,envelope card_after.used_mib (read at door return),2026-09-09,records/evidence/2026-09-09-live-srv1/serve-up-r-srv1-gemma-2-up.json,2026-09-09-live-srv1-serve-up-r-srv1-gemma-1-up,
wake_s_door,134.1,s,,,srv1,srv1@hosts.json-decl-2026-09-03,llamacpp,llamacpp:b10644-L3,Qwen3.6-35B-A3B-UD-IQ3_XXS.gguf,qwen35moe,UD-IQ3_XXS,30,2,16384,512,mapped,f16,,n/a,,,,,,cold start,envelope units[].seconds (door up-after),2026-09-09,records/evidence/2026-09-09-live-srv1/serve-up-r-srv1-ling-1-up.json,2026-09-09-live-srv1-serve-up-m1-srv1-mapped-1-up/8080,door clock; for multi-unit envelopes only the largest figure is a wake (O8: the rest are 'after the previous')
card_after_door_mib,5110,MiB,,,srv1,srv1@hosts.json-decl-2026-09-03,llamacpp,llamacpp:b10644-L3,Qwen3.6-35B-A3B-UD-IQ3_XXS.gguf,qwen35moe,UD-IQ3_XXS,30,2,16384,512,mapped,f16,,n/a,,,,,,,envelope card_after.used_mib (read at door return),2026-09-09,records/evidence/2026-09-09-live-srv1/serve-up-r-srv1-ling-1-up.json,2026-09-09-live-srv1-serve-up-m1-srv1-mapped-1-up,
wake_s_door,63.5,s,,,srv1,srv1@hosts.json-decl-2026-09-03,llamacpp,llamacpp:b10644-L3,Ling-3.0-tiny-Q4_K_M.gguf,bailingmoe3,Q4_K_M,0,2,8192,512,mapped,f16,,n/a,,,,,,cold start,envelope units[].seconds (door up-after),2026-09-09,records/evidence/2026-09-09-live-srv1/serve-up-r-srv1-ling-2-up.json,2026-09-09-live-srv1-serve-up-r-srv1-ling-1-up/8080,door clock; for multi-unit envelopes only the largest figure is a wake (O8: the rest are 'after the previous')
card_after_door_mib,4808,MiB,,,srv1,srv1@hosts.json-decl-2026-09-03,llamacpp,llamacpp:b10644-L3,Ling-3.0-tiny-Q4_K_M.gguf,bailingmoe3,Q4_K_M,0,2,8192,512,mapped,f16,,n/a,,,,,,,envelope card_after.used_mib (read at door return),2026-09-09,records/evidence/2026-09-09-live-srv1/serve-up-r-srv1-ling-2-up.json,2026-09-09-live-srv1-serve-up-r-srv1-ling-1-up,
wake_s_door,118.1,s,,,srv1,srv1@hosts.json-decl-2026-09-03,llamacpp,llamacpp:b10644-L3,gemma-4-26B-A4B-it-UD-IQ3_XXS.gguf,gemma4,UD-IQ3_XXS,22,2,8192,512,mapped,f16,,n/a,,,,,,cold start,envelope units[].seconds (door up-after),2026-09-09,records/evidence/2026-09-09-live-srv1/serve-up-r-srv1-qwen-mapped-1-up.json,2026-09-09-live-srv1-serve-up-r-srv1-gemma-2-up/8080,door clock; for multi-unit envelopes only the largest figure is a wake (O8: the rest are 'after the previous')
card_after_door_mib,5546,MiB,,,srv1,srv1@hosts.json-decl-2026-09-03,llamacpp,llamacpp:b10644-L3,gemma-4-26B-A4B-it-UD-IQ3_XXS.gguf,gemma4,UD-IQ3_XXS,22,2,8192,512,mapped,f16,,n/a,,,,,,,envelope card_after.used_mib (read at door return),2026-09-09,records/evidence/2026-09-09-live-srv1/serve-up-r-srv1-qwen-mapped-1-up.json,2026-09-09-live-srv1-serve-up-r-srv1-gemma-2-up,
wake_s_door,131.1,s,,,srv1,srv1@hosts.json-decl-2026-09-03,llamacpp,llamacpp:b10644-L3,Qwen3.6-35B-A3B-UD-IQ3_XXS.gguf,qwen35moe,UD-IQ3_XXS,30,2,16384,512,mapped,f16,,n/a,,,,,,cold start,envelope units[].seconds (door up-after),2026-09-09,records/evidence/2026-09-09-live-srv1/serve-up-r-srv1-qwen-mapped-2-up.json,2026-09-09-live-srv1-serve-up-r-srv1-qwen-mapped-1-up/8080,door clock; for multi-unit envelopes only the largest figure is a wake (O8: the rest are 'after the previous')
card_after_door_mib,5110,MiB,,,srv1,srv1@hosts.json-decl-2026-09-03,llamacpp,llamacpp:b10644-L3,Qwen3.6-35B-A3B-UD-IQ3_XXS.gguf,qwen35moe,UD-IQ3_XXS,30,2,16384,512,mapped,f16,,n/a,,,,,,,envelope card_after.used_mib (read at door return),2026-09-09,records/evidence/2026-09-09-live-srv1/serve-up-r-srv1-qwen-mapped-2-up.json,2026-09-09-live-srv1-serve-up-r-srv1-qwen-mapped-1-up,
wake_s_door,159.6,s,,,srv1,srv1@hosts.json-decl-2026-09-03,llamacpp,llamacpp:b10644-L3,Qwen3.6-35B-A3B-UD-IQ3_XXS.gguf,qwen35moe,UD-IQ3_XXS,30,2,16384,512,mapped,f16,,n/a,,,,,,cold start,envelope units[].seconds (door up-after),2026-09-09,records/evidence/2026-09-09-live-srv1/serve-up-restore-074214.json,2026-09-09-live-srv1-serve-up-srv1-qwen-neg-r4-up/8080,door clock; for multi-unit envelopes only the largest figure is a wake (O8: the rest are 'after the previous')
card_after_door_mib,5102,MiB,,,srv1,srv1@hosts.json-decl-2026-09-03,llamacpp,llamacpp:b10644-L3,Qwen3.6-35B-A3B-UD-IQ3_XXS.gguf,qwen35moe,UD-IQ3_XXS,30,2,16384,512,mapped,f16,,n/a,,,,,,,envelope card_after.used_mib (read at door return),2026-09-09,records/evidence/2026-09-09-live-srv1/serve-up-restore-074214.json,2026-09-09-live-srv1-serve-up-srv1-qwen-neg-r4-up,
wake_s_door,163.1,s,,,srv1,srv1@hosts.json-decl-2026-09-03,llamacpp,llamacpp:b10644-L3,Qwen3.6-35B-A3B-UD-IQ3_XXS.gguf,qwen35moe,UD-IQ3_XXS,30,2,16384,512,mapped,f16,,n/a,,,,,,cold start,envelope units[].seconds (door up-after),2026-09-09,records/evidence/2026-09-09-live-srv1/serve-up-srv1-deepseek-hi2-up.json,2026-09-09-live-srv1-serve-up-srv1-qwen-neg-up/8080,door clock; for multi-unit envelopes only the largest figure is a wake (O8: the rest are 'after the previous')
card_after_door_mib,5102,MiB,,,srv1,srv1@hosts.json-decl-2026-09-03,llamacpp,llamacpp:b10644-L3,Qwen3.6-35B-A3B-UD-IQ3_XXS.gguf,qwen35moe,UD-IQ3_XXS,30,2,16384,512,mapped,f16,,n/a,,,,,,,envelope card_after.used_mib (read at door return),2026-09-09,records/evidence/2026-09-09-live-srv1/serve-up-srv1-deepseek-hi2-up.json,2026-09-09-live-srv1-serve-up-srv1-qwen-neg-up,
wake_s_door,79.1,s,,,srv1,srv1@hosts.json-decl-2026-09-03,llamacpp,llamacpp:b10644-L3,deepseek-coder-v2-16b.gguf,deepseek2,,19,2,8192,512,mapped,f16,,n/a,,,,,,cold start,envelope units[].seconds (door up-after),2026-09-09,records/evidence/2026-09-09-live-srv1/serve-up-srv1-deepseek-mid2-up.json,2026-09-09-live-srv1-serve-up-srv1-deepseek-hi2-up/8080,door clock; for multi-unit envelopes only the largest figure is a wake (O8: the rest are 'after the previous')
card_after_door_mib,5446,MiB,,,srv1,srv1@hosts.json-decl-2026-09-03,llamacpp,llamacpp:b10644-L3,deepseek-coder-v2-16b.gguf,deepseek2,,19,2,8192,512,mapped,f16,,n/a,,,,,,,envelope card_after.used_mib (read at door return),2026-09-09,records/evidence/2026-09-09-live-srv1/serve-up-srv1-deepseek-mid2-up.json,2026-09-09-live-srv1-serve-up-srv1-deepseek-hi2-up,
wake_s_door,87.8,s,,,srv1,srv1@hosts.json-decl-2026-09-03,llamacpp,llamacpp:b10644-L3,deepseek-coder-v2-16b.gguf,deepseek2,,19,2,8192,512,mapped,f16,,n/a,,,,,,cold start,envelope units[].seconds (door up-after),2026-09-09,records/evidence/2026-09-09-live-srv1/serve-up-srv1-deepseek-neg2-up.json,2026-09-09-live-srv1-serve-up-srv1-deepseek-mid2-up/8080,door clock; for multi-unit envelopes only the largest figure is a wake (O8: the rest are 'after the previous')
card_after_door_mib,5446,MiB,,,srv1,srv1@hosts.json-decl-2026-09-03,llamacpp,llamacpp:b10644-L3,deepseek-coder-v2-16b.gguf,deepseek2,,19,2,8192,512,mapped,f16,,n/a,,,,,,,envelope card_after.used_mib (read at door return),2026-09-09,records/evidence/2026-09-09-live-srv1/serve-up-srv1-deepseek-neg2-up.json,2026-09-09-live-srv1-serve-up-srv1-deepseek-mid2-up,
wake_s_door,109.4,s,,,srv1,srv1@hosts.json-decl-2026-09-03,llamacpp,llamacpp:b10644-L3,deepseek-coder-v2-16b.gguf,deepseek2,,19,2,8192,512,mapped,f16,,n/a,,,,,,cold start,envelope units[].seconds (door up-after),2026-09-09,records/evidence/2026-09-09-live-srv1/serve-up-srv1-qwen-hi-r1-up.json,2026-09-09-live-srv1-serve-up-srv1-deepseek-neg2-up/8080,door clock; for multi-unit envelopes only the largest figure is a wake (O8: the rest are 'after the previous')
card_after_door_mib,5444,MiB,,,srv1,srv1@hosts.json-decl-2026-09-03,llamacpp,llamacpp:b10644-L3,deepseek-coder-v2-16b.gguf,deepseek2,,19,2,8192,512,mapped,f16,,n/a,,,,,,,envelope card_after.used_mib (read at door return),2026-09-09,records/evidence/2026-09-09-live-srv1/serve-up-srv1-qwen-hi-r1-up.json,2026-09-09-live-srv1-serve-up-srv1-deepseek-neg2-up,
wake_s_door,160.2,s,,,srv1,srv1@hosts.json-decl-2026-09-03,llamacpp,llamacpp:b10644-L3,Qwen3.6-35B-A3B-UD-IQ3_XXS.gguf,qwen35moe,UD-IQ3_XXS,30,2,16384,512,mapped,f16,,n/a,,,,,,cold start,envelope units[].seconds (door up-after),2026-09-09,records/evidence/2026-09-09-live-srv1/serve-up-srv1-qwen-hi-r3-up.json,2026-09-09-live-srv1-serve-up-srv1-qwen-neg-r2-up/8080,door clock; for multi-unit envelopes only the largest figure is a wake (O8: the rest are 'after the previous')
card_after_door_mib,5102,MiB,,,srv1,srv1@hosts.json-decl-2026-09-03,llamacpp,llamacpp:b10644-L3,Qwen3.6-35B-A3B-UD-IQ3_XXS.gguf,qwen35moe,UD-IQ3_XXS,30,2,16384,512,mapped,f16,,n/a,,,,,,,envelope card_after.used_mib (read at door return),2026-09-09,records/evidence/2026-09-09-live-srv1/serve-up-srv1-qwen-hi-r3-up.json,2026-09-09-live-srv1-serve-up-srv1-qwen-neg-r2-up,
wake_s_door,133.5,s,,,srv1,srv1@hosts.json-decl-2026-09-03,llamacpp,llamacpp:b10644-L3,Qwen3.6-35B-A3B-UD-IQ3_XXS.gguf,qwen35moe,UD-IQ3_XXS,30,2,16384,512,mapped,f16,,n/a,,,,,,cold start,envelope units[].seconds (door up-after),2026-09-09,records/evidence/2026-09-09-live-srv1/serve-up-srv1-qwen-mid-up.json,2026-09-09-live-srv1-serve-up-srv1-qwen-hi-up/8080,door clock; for multi-unit envelopes only the largest figure is a wake (O8: the rest are 'after the previous')
card_after_door_mib,5110,MiB,,,srv1,srv1@hosts.json-decl-2026-09-03,llamacpp,llamacpp:b10644-L3,Qwen3.6-35B-A3B-UD-IQ3_XXS.gguf,qwen35moe,UD-IQ3_XXS,30,2,16384,512,mapped,f16,,n/a,,,,,,,envelope card_after.used_mib (read at door return),2026-09-09,records/evidence/2026-09-09-live-srv1/serve-up-srv1-qwen-mid-up.json,2026-09-09-live-srv1-serve-up-srv1-qwen-hi-up,
wake_s_door,133.9,s,,,srv1,srv1@hosts.json-decl-2026-09-03,llamacpp,llamacpp:b10644-L3,Qwen3.6-35B-A3B-UD-IQ3_XXS.gguf,qwen35moe,UD-IQ3_XXS,30,2,16384,512,mapped,f16,,n/a,,,,,,cold start,envelope units[].seconds (door up-after),2026-09-09,records/evidence/2026-09-09-live-srv1/serve-up-srv1-qwen-neg-r2-up.json,2026-09-09-live-srv1-serve-up-srv1-qwen-hi-r1-up/8080,door clock; for multi-unit envelopes only the largest figure is a wake (O8: the rest are 'after the previous')
card_after_door_mib,5110,MiB,,,srv1,srv1@hosts.json-decl-2026-09-03,llamacpp,llamacpp:b10644-L3,Qwen3.6-35B-A3B-UD-IQ3_XXS.gguf,qwen35moe,UD-IQ3_XXS,30,2,16384,512,mapped,f16,,n/a,,,,,,,envelope card_after.used_mib (read at door return),2026-09-09,records/evidence/2026-09-09-live-srv1/serve-up-srv1-qwen-neg-r2-up.json,2026-09-09-live-srv1-serve-up-srv1-qwen-hi-r1-up,
wake_s_door,133.3,s,,,srv1,srv1@hosts.json-decl-2026-09-03,llamacpp,llamacpp:b10644-L3,Qwen3.6-35B-A3B-UD-IQ3_XXS.gguf,qwen35moe,UD-IQ3_XXS,30,2,16384,512,mapped,f16,,n/a,,,,,,cold start,envelope units[].seconds (door up-after),2026-09-09,records/evidence/2026-09-09-live-srv1/serve-up-srv1-qwen-neg-r4-up.json,2026-09-09-live-srv1-serve-up-srv1-qwen-hi-r3-up/8080,door clock; for multi-unit envelopes only the largest figure is a wake (O8: the rest are 'after the previous')
card_after_door_mib,5110,MiB,,,srv1,srv1@hosts.json-decl-2026-09-03,llamacpp,llamacpp:b10644-L3,Qwen3.6-35B-A3B-UD-IQ3_XXS.gguf,qwen35moe,UD-IQ3_XXS,30,2,16384,512,mapped,f16,,n/a,,,,,,,envelope card_after.used_mib (read at door return),2026-09-09,records/evidence/2026-09-09-live-srv1/serve-up-srv1-qwen-neg-r4-up.json,2026-09-09-live-srv1-serve-up-srv1-qwen-hi-r3-up,
wake_s_door,133.5,s,,,srv1,srv1@hosts.json-decl-2026-09-03,llamacpp,llamacpp:b10644-L3,Qwen3.6-35B-A3B-UD-IQ3_XXS.gguf,qwen35moe,UD-IQ3_XXS,30,2,16384,512,mapped,f16,,n/a,,,,,,cold start,envelope units[].seconds (door up-after),2026-09-09,records/evidence/2026-09-09-live-srv1/serve-up-srv1-qwen-neg-up.json,2026-09-09-live-srv1-serve-up-srv1-qwen-mid-up/8080,door clock; for multi-unit envelopes only the largest figure is a wake (O8: the rest are 'after the previous')
card_after_door_mib,5110,MiB,,,srv1,srv1@hosts.json-decl-2026-09-03,llamacpp,llamacpp:b10644-L3,Qwen3.6-35B-A3B-UD-IQ3_XXS.gguf,qwen35moe,UD-IQ3_XXS,30,2,16384,512,mapped,f16,,n/a,,,,,,,envelope card_after.used_mib (read at door return),2026-09-09,records/evidence/2026-09-09-live-srv1/serve-up-srv1-qwen-neg-up.json,2026-09-09-live-srv1-serve-up-srv1-qwen-mid-up,
wake_s_door,539.9,s,,,srv2,srv2@hosts.json-decl-2026-09-03,llamacpp,llamacpp:b10644-L3,Qwen3-Next-80B-A3B-Instruct-Q3_K_M.gguf,qwen3next,Q3_K_M,35,2,8192,512,none,f16,,n/a,,,,,,cold start,envelope units[].seconds (door up-after),2026-09-09,records/evidence/2026-09-09-live-srv2/serve-up-A2-mapped-1-up.json,2026-09-09-live-srv2-serve-up-A2-unmapped-1-up/8003,door clock; for multi-unit envelopes only the largest figure is a wake (O8: the rest are 'after the previous')
card_after_door_mib,10885,MiB,,,srv2,srv2@hosts.json-decl-2026-09-03,llamacpp,llamacpp:b10644-L3,Qwen3-Next-80B-A3B-Instruct-Q3_K_M.gguf,qwen3next,Q3_K_M,35,2,8192,512,none,f16,,n/a,,,,,,,envelope card_after.used_mib (read at door return),2026-09-09,records/evidence/2026-09-09-live-srv2/serve-up-A2-mapped-1-up.json,2026-09-09-live-srv2-serve-up-A2-unmapped-1-up,
wake_s_door,120.4,s,,,srv2,srv2@hosts.json-decl-2026-09-03,vllm,vllm/vllm-openai@ffb2d59b1c05,Qwen2.5-Coder-3B-Instruct-AWQ,,AWQ,,8,4096,,n/a,auto,0.26,yes,service_started,Qwen2.5-Coder-3B-Instruct-AWQ+Qwen2.5-Coder-7B-Instruct-AWQ,,,,cold start,envelope units[].seconds (door up-after),2026-09-09,records/evidence/2026-09-09-live-srv2/serve-up-fw-112013.json,2026-09-09-live-srv2-serve-up-verifyup/8001,door clock; for multi-unit envelopes only the largest figure is a wake (O8: the rest are 'after the previous')
wake_s_door_increment,1.1,s,,,srv2,srv2@hosts.json-decl-2026-09-03,vllm,vllm/vllm-openai@ffb2d59b1c05,Qwen2.5-Coder-7B-Instruct-AWQ,,AWQ,,8,4096,,n/a,auto,0.72,yes,,Qwen2.5-Coder-3B-Instruct-AWQ+Qwen2.5-Coder-7B-Instruct-AWQ,,,,,envelope units[].seconds (O8 increment),2026-09-09,records/evidence/2026-09-09-live-srv2/serve-up-fw-112013.json,2026-09-09-live-srv2-serve-up-verifyup/8002,door clock; for multi-unit envelopes only the largest figure is a wake (O8: the rest are 'after the previous')
card_after_door_mib,10753,MiB,,,srv2,srv2@hosts.json-decl-2026-09-03,vllm,vllm/vllm-openai@ffb2d59b1c05,Qwen2.5-Coder-3B-Instruct-AWQ+Qwen2.5-Coder-7B-Instruct-AWQ,,AWQ,,8,4096,,n/a,auto,0.26+0.72,yes,service_started,pair,,,,,envelope card_after.used_mib (read at door return),2026-09-09,records/evidence/2026-09-09-live-srv2/serve-up-fw-112013.json,2026-09-09-live-srv2-serve-up-verifyup,
wake_s_door,50.0,s,,,srv2,srv2@hosts.json-decl-2026-09-03,llamacpp,llamacpp:b10644-L3,deepseek-coder-v2-16b.gguf,deepseek2,,26,2,8192,512,none,f16,,n/a,,deepseek-coder-v2-16b.gguf+Qwen3.6-35B-A3B-UD-IQ3_XXS.gguf,,,,cold start,envelope units[].seconds (door up-after),2026-09-09,records/evidence/2026-09-09-live-srv2/serve-up-m1-80b-mapped-n36-1-up.json,2026-09-09-live-srv2-serve-up-m2-both-up/8080,door clock; for multi-unit envelopes only the largest figure is a wake (O8: the rest are 'after the previous')
wake_s_door_increment,33.7,s,,,srv2,srv2@hosts.json-decl-2026-09-03,llamacpp,llamacpp:b10644-L3,Qwen3.6-35B-A3B-UD-IQ3_XXS.gguf,qwen35moe,UD-IQ3_XXS,40,2,8192,512,none,f16,,n/a,,deepseek-coder-v2-16b.gguf+Qwen3.6-35B-A3B-UD-IQ3_XXS.gguf,,,,,envelope units[].seconds (O8 increment),2026-09-09,records/evidence/2026-09-09-live-srv2/serve-up-m1-80b-mapped-n36-1-up.json,2026-09-09-live-srv2-serve-up-m2-both-up/8081,door clock; for multi-unit envelopes only the largest figure is a wake (O8: the rest are 'after the previous')
card_after_door_mib,5711,MiB,,,srv2,srv2@hosts.json-decl-2026-09-03,llamacpp,llamacpp:b10644-L3,deepseek-coder-v2-16b.gguf+Qwen3.6-35B-A3B-UD-IQ3_XXS.gguf,deepseek2,,26,2,8192,512,none,f16,+,n/a,,pair,,,,,envelope card_after.used_mib (read at door return),2026-09-09,records/evidence/2026-09-09-live-srv2/serve-up-m1-80b-mapped-n36-1-up.json,2026-09-09-live-srv2-serve-up-m2-both-up,
wake_s_door,111.2,s,,,srv2,srv2@hosts.json-decl-2026-09-03,llamacpp,llamacpp:b10644-L3,Qwen3-Next-80B-A3B-Instruct-Q3_K_M.gguf,qwen3next,Q3_K_M,40,2,8192,512,none,f16,,n/a,,,,,,cold start,envelope units[].seconds (door up-after),2026-09-09,records/evidence/2026-09-09-live-srv2/serve-up-m1-80b-mapped-n40-1-up.json,2026-09-09-live-srv2-serve-up-m1-80b-unmapped-n40-1-up/8003,door clock; for multi-unit envelopes only the largest figure is a wake (O8: the rest are 'after the previous')
card_after_door_mib,8311,MiB,,,srv2,srv2@hosts.json-decl-2026-09-03,llamacpp,llamacpp:b10644-L3,Qwen3-Next-80B-A3B-Instruct-Q3_K_M.gguf,qwen3next,Q3_K_M,40,2,8192,512,none,f16,,n/a,,,,,,,envelope card_after.used_mib (read at door return),2026-09-09,records/evidence/2026-09-09-live-srv2/serve-up-m1-80b-mapped-n40-1-up.json,2026-09-09-live-srv2-serve-up-m1-80b-unmapped-n40-1-up,
wake_s_door,98.7,s,,,srv2,srv2@hosts.json-decl-2026-09-03,llamacpp,llamacpp:b10644-L3,Qwen3-Next-80B-A3B-Instruct-Q3_K_M.gguf,qwen3next,Q3_K_M,36,2,8192,512,mapped,f16,,n/a,,,,,,cold start,envelope units[].seconds (door up-after),2026-09-09,records/evidence/2026-09-09-live-srv2/serve-up-m1-80b-unmapped-n36-1-up.json,2026-09-09-live-srv2-serve-up-m1-80b-mapped-n36-1-up/8003,door clock; for multi-unit envelopes only the largest figure is a wake (O8: the rest are 'after the previous')
card_after_door_mib,11165,MiB,,,srv2,srv2@hosts.json-decl-2026-09-03,llamacpp,llamacpp:b10644-L3,Qwen3-Next-80B-A3B-Instruct-Q3_K_M.gguf,qwen3next,Q3_K_M,36,2,8192,512,mapped,f16,,n/a,,,,,,,envelope card_after.used_mib (read at door return),2026-09-09,records/evidence/2026-09-09-live-srv2/serve-up-m1-80b-unmapped-n36-1-up.json,2026-09-09-live-srv2-serve-up-m1-80b-mapped-n36-1-up,
wake_s_door,110.7,s,,,srv2,srv2@hosts.json-decl-2026-09-03,llamacpp,llamacpp:b10644-L3,Qwen3-Next-80B-A3B-Instruct-Q3_K_M.gguf,qwen3next,Q3_K_M,36,2,8192,512,none,f16,,n/a,,,,,,cold start,envelope units[].seconds (door up-after),2026-09-09,records/evidence/2026-09-09-live-srv2/serve-up-m1-80b-unmapped-n40-1-up.json,2026-09-09-live-srv2-serve-up-m1-80b-unmapped-n36-1-up/8003,door clock; for multi-unit envelopes only the largest figure is a wake (O8: the rest are 'after the previous')
card_after_door_mib,11217,MiB,,,srv2,srv2@hosts.json-decl-2026-09-03,llamacpp,llamacpp:b10644-L3,Qwen3-Next-80B-A3B-Instruct-Q3_K_M.gguf,qwen3next,Q3_K_M,36,2,8192,512,none,f16,,n/a,,,,,,,envelope card_after.used_mib (read at door return),2026-09-09,records/evidence/2026-09-09-live-srv2/serve-up-m1-80b-unmapped-n40-1-up.json,2026-09-09-live-srv2-serve-up-m1-80b-unmapped-n36-1-up,
wake_s_door,78.4,s,,,srv2,srv2@hosts.json-decl-2026-09-03,llamacpp,llamacpp:b10644-L3,Qwen3.6-35B-A3B-UD-IQ3_XXS.gguf,qwen35moe,UD-IQ3_XXS,40,2,8192,512,none,f16,,n/a,,,,,,cold start,envelope units[].seconds (door up-after),2026-09-09,records/evidence/2026-09-09-live-srv2/serve-up-m2-both-up-991944.json,2026-09-09-live-srv2-serve-up-m2-qwen36-alone-up-991641/8081,door clock; for multi-unit envelopes only the largest figure is a wake (O8: the rest are 'after the previous')
card_after_door_mib,2299,MiB,,,srv2,srv2@hosts.json-decl-2026-09-03,llamacpp,llamacpp:b10644-L3,Qwen3.6-35B-A3B-UD-IQ3_XXS.gguf,qwen35moe,UD-IQ3_XXS,40,2,8192,512,none,f16,,n/a,,,,,,,envelope card_after.used_mib (read at door return),2026-09-09,records/evidence/2026-09-09-live-srv2/serve-up-m2-both-up-991944.json,2026-09-09-live-srv2-serve-up-m2-qwen36-alone-up-991641,
wake_s_door,78.1,s,,,srv2,srv2@hosts.json-decl-2026-09-03,llamacpp,llamacpp:b10644-L3,Qwen3.6-35B-A3B-UD-IQ3_XXS.gguf,qwen35moe,UD-IQ3_XXS,40,2,8192,512,none,f16,,n/a,,,,,,cold start,envelope units[].seconds (door up-after),2026-09-09,records/evidence/2026-09-09-live-srv2/serve-up-m2-both-up.json,2026-09-09-live-srv2-serve-up-m2-qwen36-alone-up/8081,door clock; for multi-unit envelopes only the largest figure is a wake (O8: the rest are 'after the previous')
card_after_door_mib,2299,MiB,,,srv2,srv2@hosts.json-decl-2026-09-03,llamacpp,llamacpp:b10644-L3,Qwen3.6-35B-A3B-UD-IQ3_XXS.gguf,qwen35moe,UD-IQ3_XXS,40,2,8192,512,none,f16,,n/a,,,,,,,envelope card_after.used_mib (read at door return),2026-09-09,records/evidence/2026-09-09-live-srv2/serve-up-m2-both-up.json,2026-09-09-live-srv2-serve-up-m2-qwen36-alone-up,
wake_s_door,96.7,s,,,srv2,srv2@hosts.json-decl-2026-09-03,llamacpp,llamacpp:b10644-L3,Qwen3-Next-80B-A3B-Instruct-Q3_K_M.gguf,qwen3next,Q3_K_M,36,4,16384,512,mapped,f16,,n/a,,,,,,cold start,envelope units[].seconds (door up-after),2026-09-09,records/evidence/2026-09-09-live-srv2/serve-up-m2-deepseek-alone-up-991532.json,2026-09-09-live-srv2-serve-up-q12-80b-w4-991047/8003,door clock; for multi-unit envelopes only the largest figure is a wake (O8: the rest are 'after the previous')
card_after_door_mib,11507,MiB,,,srv2,srv2@hosts.json-decl-2026-09-03,llamacpp,llamacpp:b10644-L3,Qwen3-Next-80B-A3B-Instruct-Q3_K_M.gguf,qwen3next,Q3_K_M,36,4,16384,512,mapped,f16,,n/a,,,,,,,envelope card_after.used_mib (read at door return),2026-09-09,records/evidence/2026-09-09-live-srv2/serve-up-m2-deepseek-alone-up-991532.json,2026-09-09-live-srv2-serve-up-q12-80b-w4-991047,
wake_s_door,73.6,s,,,srv2,srv2@hosts.json-decl-2026-09-03,llamacpp,llamacpp:b10644-L3,Qwen3.6-35B-A3B-UD-IQ3_XXS.gguf,qwen35moe,UD-IQ3_XXS,7,2,8192,512,mapped,f16,,n/a,,,,,,cold start,envelope units[].seconds (door up-after),2026-09-09,records/evidence/2026-09-09-live-srv2/serve-up-m2-deepseek-alone-up.json,2026-09-09-live-srv2-serve-up-r-srv2-qwen36-2-up/8080,door clock; for multi-unit envelopes only the largest figure is a wake (O8: the rest are 'after the previous')
card_after_door_mib,11001,MiB,,,srv2,srv2@hosts.json-decl-2026-09-03,llamacpp,llamacpp:b10644-L3,Qwen3.6-35B-A3B-UD-IQ3_XXS.gguf,qwen35moe,UD-IQ3_XXS,7,2,8192,512,mapped,f16,,n/a,,,,,,,envelope card_after.used_mib (read at door return),2026-09-09,records/evidence/2026-09-09-live-srv2/serve-up-m2-deepseek-alone-up.json,2026-09-09-live-srv2-serve-up-r-srv2-qwen36-2-up,
wake_s_door,42.3,s,,,srv2,srv2@hosts.json-decl-2026-09-03,llamacpp,llamacpp:b10644-L3,deepseek-coder-v2-16b.gguf,deepseek2,,26,2,8192,512,none,f16,,n/a,,,,,,cold start,envelope units[].seconds (door up-after),2026-09-09,records/evidence/2026-09-09-live-srv2/serve-up-m2-qwen36-alone-up-991641.json,2026-09-09-live-srv2-serve-up-m2-deepseek-alone-up-991532/8080,door clock; for multi-unit envelopes only the largest figure is a wake (O8: the rest are 'after the previous')
card_after_door_mib,3413,MiB,,,srv2,srv2@hosts.json-decl-2026-09-03,llamacpp,llamacpp:b10644-L3,deepseek-coder-v2-16b.gguf,deepseek2,,26,2,8192,512,none,f16,,n/a,,,,,,,envelope card_after.used_mib (read at door return),2026-09-09,records/evidence/2026-09-09-live-srv2/serve-up-m2-qwen36-alone-up-991641.json,2026-09-09-live-srv2-serve-up-m2-deepseek-alone-up-991532,
wake_s_door,46.0,s,,,srv2,srv2@hosts.json-decl-2026-09-03,llamacpp,llamacpp:b10644-L3,deepseek-coder-v2-16b.gguf,deepseek2,,26,2,8192,512,none,f16,,n/a,,,,,,cold start,envelope units[].seconds (door up-after),2026-09-09,records/evidence/2026-09-09-live-srv2/serve-up-m2-qwen36-alone-up.json,2026-09-09-live-srv2-serve-up-m2-deepseek-alone-up/8080,door clock; for multi-unit envelopes only the largest figure is a wake (O8: the rest are 'after the previous')
card_after_door_mib,3413,MiB,,,srv2,srv2@hosts.json-decl-2026-09-03,llamacpp,llamacpp:b10644-L3,deepseek-coder-v2-16b.gguf,deepseek2,,26,2,8192,512,none,f16,,n/a,,,,,,,envelope card_after.used_mib (read at door return),2026-09-09,records/evidence/2026-09-09-live-srv2/serve-up-m2-qwen36-alone-up.json,2026-09-09-live-srv2-serve-up-m2-deepseek-alone-up,
wake_s_door,167.9,s,,,srv2,srv2@hosts.json-decl-2026-09-03,vllm,vllm/vllm-openai@ffb2d59b1c05,Qwen2.5-Coder-3B-Instruct-AWQ,,AWQ,,8,4096,,n/a,auto,0.26,no,service_started,Qwen2.5-Coder-3B-Instruct-AWQ+Qwen2.5-Coder-7B-Instruct-AWQ,,,,cold start,envelope units[].seconds (door up-after),2026-09-09,records/evidence/2026-09-09-live-srv2/serve-up-pre-gate2-084706.json,2026-09-09-live-srv2-serve-up-restore1/8001,door clock; for multi-unit envelopes only the largest figure is a wake (O8: the rest are 'after the previous')
wake_s_door_increment,1.0,s,,,srv2,srv2@hosts.json-decl-2026-09-03,vllm,vllm/vllm-openai@ffb2d59b1c05,Qwen2.5-Coder-7B-Instruct-AWQ,,AWQ,,8,4096,,n/a,auto,0.72,no,,Qwen2.5-Coder-3B-Instruct-AWQ+Qwen2.5-Coder-7B-Instruct-AWQ,,,,,envelope units[].seconds (O8 increment),2026-09-09,records/evidence/2026-09-09-live-srv2/serve-up-pre-gate2-084706.json,2026-09-09-live-srv2-serve-up-restore1/8002,door clock; for multi-unit envelopes only the largest figure is a wake (O8: the rest are 'after the previous')
card_after_door_mib,11797,MiB,,,srv2,srv2@hosts.json-decl-2026-09-03,vllm,vllm/vllm-openai@ffb2d59b1c05,Qwen2.5-Coder-3B-Instruct-AWQ+Qwen2.5-Coder-7B-Instruct-AWQ,,AWQ,,8,4096,,n/a,auto,0.26+0.72,no,service_started,pair,,,,,envelope card_after.used_mib (read at door return),2026-09-09,records/evidence/2026-09-09-live-srv2/serve-up-pre-gate2-084706.json,2026-09-09-live-srv2-serve-up-restore1,
wake_s_door,169.0,s,,,srv2,srv2@hosts.json-decl-2026-09-03,vllm,vllm/vllm-openai@ffb2d59b1c05,Qwen2.5-Coder-3B-Instruct-AWQ,,AWQ,,8,4096,,n/a,auto,0.26,no,service_started,Qwen2.5-Coder-3B-Instruct-AWQ+Qwen2.5-Coder-7B-Instruct-AWQ,,,,cold start,envelope units[].seconds (door up-after),2026-09-09,records/evidence/2026-09-09-live-srv2/serve-up-presleep-094541.json,2026-09-09-live-srv2-serve-up-restore2/8001,door clock; for multi-unit envelopes only the largest figure is a wake (O8: the rest are 'after the previous')
wake_s_door_increment,1.0,s,,,srv2,srv2@hosts.json-decl-2026-09-03,vllm,vllm/vllm-openai@ffb2d59b1c05,Qwen2.5-Coder-7B-Instruct-AWQ,,AWQ,,8,4096,,n/a,auto,0.72,no,,Qwen2.5-Coder-3B-Instruct-AWQ+Qwen2.5-Coder-7B-Instruct-AWQ,,,,,envelope units[].seconds (O8 increment),2026-09-09,records/evidence/2026-09-09-live-srv2/serve-up-presleep-094541.json,2026-09-09-live-srv2-serve-up-restore2/8002,door clock; for multi-unit envelopes only the largest figure is a wake (O8: the rest are 'after the previous')
card_after_door_mib,9445,MiB,,,srv2,srv2@hosts.json-decl-2026-09-03,vllm,vllm/vllm-openai@ffb2d59b1c05,Qwen2.5-Coder-3B-Instruct-AWQ+Qwen2.5-Coder-7B-Instruct-AWQ,,AWQ,,8,4096,,n/a,auto,0.26+0.72,no,service_started,pair,,,,,envelope card_after.used_mib (read at door return),2026-09-09,records/evidence/2026-09-09-live-srv2/serve-up-presleep-094541.json,2026-09-09-live-srv2-serve-up-restore2,
wake_s_door,170.9,s,,,srv2,srv2@hosts.json-decl-2026-09-03,vllm,vllm/vllm-openai@ffb2d59b1c05,Qwen2.5-Coder-3B-Instruct-AWQ,,AWQ,,8,4096,,n/a,auto,0.26,no,service_started,Qwen2.5-Coder-3B-Instruct-AWQ+Qwen2.5-Coder-7B-Instruct-AWQ,,,,cold start,envelope units[].seconds (door up-after),2026-09-09,records/evidence/2026-09-09-live-srv2/serve-up-q10-80b-mapped-n35-1-up.json,2026-09-09-live-srv2-serve-up-restore-up-964586/8001,door clock; for multi-unit envelopes only the largest figure is a wake (O8: the rest are 'after the previous')
wake_s_door_increment,2.1,s,,,srv2,srv2@hosts.json-decl-2026-09-03,vllm,vllm/vllm-openai@ffb2d59b1c05,Qwen2.5-Coder-7B-Instruct-AWQ,,AWQ,,8,4096,,n/a,auto,0.72,no,,Qwen2.5-Coder-3B-Instruct-AWQ+Qwen2.5-Coder-7B-Instruct-AWQ,,,,,envelope units[].seconds (O8 increment),2026-09-09,records/evidence/2026-09-09-live-srv2/serve-up-q10-80b-mapped-n35-1-up.json,2026-09-09-live-srv2-serve-up-restore-up-964586/8002,door clock; for multi-unit envelopes only the largest figure is a wake (O8: the rest are 'after the previous')
card_after_door_mib,9613,MiB,,,srv2,srv2@hosts.json-decl-2026-09-03,vllm,vllm/vllm-openai@ffb2d59b1c05,Qwen2.5-Coder-3B-Instruct-AWQ+Qwen2.5-Coder-7B-Instruct-AWQ,,AWQ,,8,4096,,n/a,auto,0.26+0.72,no,service_started,pair,,,,,envelope card_after.used_mib (read at door return),2026-09-09,records/evidence/2026-09-09-live-srv2/serve-up-q10-80b-mapped-n35-1-up.json,2026-09-09-live-srv2-serve-up-restore-up-964586,
wake_s_door,98.6,s,,,srv2,srv2@hosts.json-decl-2026-09-03,llamacpp,llamacpp:b10644-L3,Qwen3-Next-80B-A3B-Instruct-Q3_K_M.gguf,qwen3next,Q3_K_M,35,2,8192,512,mapped,f16,,n/a,,,,,,cold start,envelope units[].seconds (door up-after),2026-09-09,records/evidence/2026-09-09-live-srv2/serve-up-q10-80b-mapped-n35-2-up.json,2026-09-09-live-srv2-serve-up-q10-80b-mapped-n35-1-up/8003,door clock; for multi-unit envelopes only the largest figure is a wake (O8: the rest are 'after the previous')
card_after_door_mib,11893,MiB,,,srv2,srv2@hosts.json-decl-2026-09-03,llamacpp,llamacpp:b10644-L3,Qwen3-Next-80B-A3B-Instruct-Q3_K_M.gguf,qwen3next,Q3_K_M,35,2,8192,512,mapped,f16,,n/a,,,,,,,envelope card_after.used_mib (read at door return),2026-09-09,records/evidence/2026-09-09-live-srv2/serve-up-q10-80b-mapped-n35-2-up.json,2026-09-09-live-srv2-serve-up-q10-80b-mapped-n35-1-up,
wake_s_door,98.2,s,,,srv2,srv2@hosts.json-decl-2026-09-03,llamacpp,llamacpp:b10644-L3,Qwen3-Next-80B-A3B-Instruct-Q3_K_M.gguf,qwen3next,Q3_K_M,35,2,8192,512,mapped,f16,,n/a,,,,,,cold start,envelope units[].seconds (door up-after),2026-09-09,records/evidence/2026-09-09-live-srv2/serve-up-q10-80b-mapped-n36-1-up.json,2026-09-09-live-srv2-serve-up-q10-80b-mapped-n35-2-up/8003,door clock; for multi-unit envelopes only the largest figure is a wake (O8: the rest are 'after the previous')
card_after_door_mib,11893,MiB,,,srv2,srv2@hosts.json-decl-2026-09-03,llamacpp,llamacpp:b10644-L3,Qwen3-Next-80B-A3B-Instruct-Q3_K_M.gguf,qwen3next,Q3_K_M,35,2,8192,512,mapped,f16,,n/a,,,,,,,envelope card_after.used_mib (read at door return),2026-09-09,records/evidence/2026-09-09-live-srv2/serve-up-q10-80b-mapped-n36-1-up.json,2026-09-09-live-srv2-serve-up-q10-80b-mapped-n35-2-up,
wake_s_door,97.2,s,,,srv2,srv2@hosts.json-decl-2026-09-03,llamacpp,llamacpp:b10644-L3,Qwen3-Next-80B-A3B-Instruct-Q3_K_M.gguf,qwen3next,Q3_K_M,36,2,8192,512,mapped,f16,,n/a,,,,,,cold start,envelope units[].seconds (door up-after),2026-09-09,records/evidence/2026-09-09-live-srv2/serve-up-q10-80b-mapped-n36-2-up.json,2026-09-09-live-srv2-serve-up-q10-80b-mapped-n36-1-up/8003,door clock; for multi-unit envelopes only the largest figure is a wake (O8: the rest are 'after the previous')
card_after_door_mib,11165,MiB,,,srv2,srv2@hosts.json-decl-2026-09-03,llamacpp,llamacpp:b10644-L3,Qwen3-Next-80B-A3B-Instruct-Q3_K_M.gguf,qwen3next,Q3_K_M,36,2,8192,512,mapped,f16,,n/a,,,,,,,envelope card_after.used_mib (read at door return),2026-09-09,records/evidence/2026-09-09-live-srv2/serve-up-q10-80b-mapped-n36-2-up.json,2026-09-09-live-srv2-serve-up-q10-80b-mapped-n36-1-up,
wake_s_door,97.3,s,,,srv2,srv2@hosts.json-decl-2026-09-03,llamacpp,llamacpp:b10644-L3,Qwen3-Next-80B-A3B-Instruct-Q3_K_M.gguf,qwen3next,Q3_K_M,36,2,8192,512,mapped,f16,,n/a,,,,,,cold start,envelope units[].seconds (door up-after),2026-09-09,records/evidence/2026-09-09-live-srv2/serve-up-q10-80b-mapped-n38-1-up.json,2026-09-09-live-srv2-serve-up-q10-80b-mapped-n36-2-up/8003,door clock; for multi-unit envelopes only the largest figure is a wake (O8: the rest are 'after the previous')
card_after_door_mib,11165,MiB,,,srv2,srv2@hosts.json-decl-2026-09-03,llamacpp,llamacpp:b10644-L3,Qwen3-Next-80B-A3B-Instruct-Q3_K_M.gguf,qwen3next,Q3_K_M,36,2,8192,512,mapped,f16,,n/a,,,,,,,envelope card_after.used_mib (read at door return),2026-09-09,records/evidence/2026-09-09-live-srv2/serve-up-q10-80b-mapped-n38-1-up.json,2026-09-09-live-srv2-serve-up-q10-80b-mapped-n36-2-up,
wake_s_door,95.2,s,,,srv2,srv2@hosts.json-decl-2026-09-03,llamacpp,llamacpp:b10644-L3,Qwen3-Next-80B-A3B-Instruct-Q3_K_M.gguf,qwen3next,Q3_K_M,38,2,8192,512,mapped,f16,,n/a,,,,,,cold start,envelope units[].seconds (door up-after),2026-09-09,records/evidence/2026-09-09-live-srv2/serve-up-q10-80b-mapped-n38-2-up.json,2026-09-09-live-srv2-serve-up-q10-80b-mapped-n38-1-up/8003,door clock; for multi-unit envelopes only the largest figure is a wake (O8: the rest are 'after the previous')
card_after_door_mib,9709,MiB,,,srv2,srv2@hosts.json-decl-2026-09-03,llamacpp,llamacpp:b10644-L3,Qwen3-Next-80B-A3B-Instruct-Q3_K_M.gguf,qwen3next,Q3_K_M,38,2,8192,512,mapped,f16,,n/a,,,,,,,envelope card_after.used_mib (read at door return),2026-09-09,records/evidence/2026-09-09-live-srv2/serve-up-q10-80b-mapped-n38-2-up.json,2026-09-09-live-srv2-serve-up-q10-80b-mapped-n38-1-up,
wake_s_door,99.9,s,,,srv2,srv2@hosts.json-decl-2026-09-03,llamacpp,llamacpp:b10644-L3,Qwen3-Next-80B-A3B-Instruct-Q3_K_M.gguf,qwen3next,Q3_K_M,38,2,8192,512,mapped,f16,,n/a,,,,,,cold start,envelope units[].seconds (door up-after),2026-09-09,records/evidence/2026-09-09-live-srv2/serve-up-q10-80b-mapped-n40-1-up.json,2026-09-09-live-srv2-serve-up-q10-80b-mapped-n38-2-up/8003,door clock; for multi-unit envelopes only the largest figure is a wake (O8: the rest are 'after the previous')
card_after_door_mib,9709,MiB,,,srv2,srv2@hosts.json-decl-2026-09-03,llamacpp,llamacpp:b10644-L3,Qwen3-Next-80B-A3B-Instruct-Q3_K_M.gguf,qwen3next,Q3_K_M,38,2,8192,512,mapped,f16,,n/a,,,,,,,envelope card_after.used_mib (read at door return),2026-09-09,records/evidence/2026-09-09-live-srv2/serve-up-q10-80b-mapped-n40-1-up.json,2026-09-09-live-srv2-serve-up-q10-80b-mapped-n38-2-up,
wake_s_door,95.7,s,,,srv2,srv2@hosts.json-decl-2026-09-03,llamacpp,llamacpp:b10644-L3,Qwen3-Next-80B-A3B-Instruct-Q3_K_M.gguf,qwen3next,Q3_K_M,40,2,8192,512,mapped,f16,,n/a,,,,,,cold start,envelope units[].seconds (door up-after),2026-09-09,records/evidence/2026-09-09-live-srv2/serve-up-q10-80b-mapped-n40-2-up.json,2026-09-09-live-srv2-serve-up-q10-80b-mapped-n40-1-up/8003,door clock; for multi-unit envelopes only the largest figure is a wake (O8: the rest are 'after the previous')
card_after_door_mib,8253,MiB,,,srv2,srv2@hosts.json-decl-2026-09-03,llamacpp,llamacpp:b10644-L3,Qwen3-Next-80B-A3B-Instruct-Q3_K_M.gguf,qwen3next,Q3_K_M,40,2,8192,512,mapped,f16,,n/a,,,,,,,envelope card_after.used_mib (read at door return),2026-09-09,records/evidence/2026-09-09-live-srv2/serve-up-q10-80b-mapped-n40-2-up.json,2026-09-09-live-srv2-serve-up-q10-80b-mapped-n40-1-up,
wake_s_door,98.7,s,,,srv2,srv2@hosts.json-decl-2026-09-03,llamacpp,llamacpp:b10644-L3,Qwen3-Next-80B-A3B-Instruct-Q3_K_M.gguf,qwen3next,Q3_K_M,40,2,8192,512,mapped,f16,,n/a,,,,,,cold start,envelope units[].seconds (door up-after),2026-09-09,records/evidence/2026-09-09-live-srv2/serve-up-q10-80b-mapped-n41-1-up.json,2026-09-09-live-srv2-serve-up-q10-80b-mapped-n40-2-up/8003,door clock; for multi-unit envelopes only the largest figure is a wake (O8: the rest are 'after the previous')
card_after_door_mib,8253,MiB,,,srv2,srv2@hosts.json-decl-2026-09-03,llamacpp,llamacpp:b10644-L3,Qwen3-Next-80B-A3B-Instruct-Q3_K_M.gguf,qwen3next,Q3_K_M,40,2,8192,512,mapped,f16,,n/a,,,,,,,envelope card_after.used_mib (read at door return),2026-09-09,records/evidence/2026-09-09-live-srv2/serve-up-q10-80b-mapped-n41-1-up.json,2026-09-09-live-srv2-serve-up-q10-80b-mapped-n40-2-up,
wake_s_door,98.6,s,,,srv2,srv2@hosts.json-decl-2026-09-03,llamacpp,llamacpp:b10644-L3,Qwen3-Next-80B-A3B-Instruct-Q3_K_M.gguf,qwen3next,Q3_K_M,41,2,8192,512,mapped,f16,,n/a,,,,,,cold start,envelope units[].seconds (door up-after),2026-09-09,records/evidence/2026-09-09-live-srv2/serve-up-q10-80b-mapped-n41-2-up.json,2026-09-09-live-srv2-serve-up-q10-80b-mapped-n41-1-up/8003,door clock; for multi-unit envelopes only the largest figure is a wake (O8: the rest are 'after the previous')
card_after_door_mib,7525,MiB,,,srv2,srv2@hosts.json-decl-2026-09-03,llamacpp,llamacpp:b10644-L3,Qwen3-Next-80B-A3B-Instruct-Q3_K_M.gguf,qwen3next,Q3_K_M,41,2,8192,512,mapped,f16,,n/a,,,,,,,envelope card_after.used_mib (read at door return),2026-09-09,records/evidence/2026-09-09-live-srv2/serve-up-q10-80b-mapped-n41-2-up.json,2026-09-09-live-srv2-serve-up-q10-80b-mapped-n41-1-up,
wake_s_door,76.9,s,,,srv2,srv2@hosts.json-decl-2026-09-03,llamacpp,llamacpp:b10644-L3,Qwen3.6-35B-A3B-UD-IQ3_XXS.gguf,qwen35moe,UD-IQ3_XXS,7,2,8192,512,mapped,f16,,n/a,,,,,,cold start,envelope units[].seconds (door up-after),2026-09-09,records/evidence/2026-09-09-live-srv2/serve-up-q13-qwen36-n20-1-up.json,2026-09-09-live-srv2-serve-up-q13-qwen36-n7-2-up/8080,door clock; for multi-unit envelopes only the largest figure is a wake (O8: the rest are 'after the previous')
card_after_door_mib,11001,MiB,,,srv2,srv2@hosts.json-decl-2026-09-03,llamacpp,llamacpp:b10644-L3,Qwen3.6-35B-A3B-UD-IQ3_XXS.gguf,qwen35moe,UD-IQ3_XXS,7,2,8192,512,mapped,f16,,n/a,,,,,,,envelope card_after.used_mib (read at door return),2026-09-09,records/evidence/2026-09-09-live-srv2/serve-up-q13-qwen36-n20-1-up.json,2026-09-09-live-srv2-serve-up-q13-qwen36-n7-2-up,
wake_s_door,76.8,s,,,srv2,srv2@hosts.json-decl-2026-09-03,llamacpp,llamacpp:b10644-L3,Qwen3.6-35B-A3B-UD-IQ3_XXS.gguf,qwen35moe,UD-IQ3_XXS,20,2,8192,512,mapped,f16,,n/a,,,,,,cold start,envelope units[].seconds (door up-after),2026-09-09,records/evidence/2026-09-09-live-srv2/serve-up-q13-qwen36-n20-2-up.json,2026-09-09-live-srv2-serve-up-q13-qwen36-n20-1-up/8080,door clock; for multi-unit envelopes only the largest figure is a wake (O8: the rest are 'after the previous')
card_after_door_mib,7597,MiB,,,srv2,srv2@hosts.json-decl-2026-09-03,llamacpp,llamacpp:b10644-L3,Qwen3.6-35B-A3B-UD-IQ3_XXS.gguf,qwen35moe,UD-IQ3_XXS,20,2,8192,512,mapped,f16,,n/a,,,,,,,envelope card_after.used_mib (read at door return),2026-09-09,records/evidence/2026-09-09-live-srv2/serve-up-q13-qwen36-n20-2-up.json,2026-09-09-live-srv2-serve-up-q13-qwen36-n20-1-up,
wake_s_door,74.3,s,,,srv2,srv2@hosts.json-decl-2026-09-03,llamacpp,llamacpp:b10644-L3,Qwen3.6-35B-A3B-UD-IQ3_XXS.gguf,qwen35moe,UD-IQ3_XXS,20,2,8192,512,mapped,f16,,n/a,,,,,,cold start,envelope units[].seconds (door up-after),2026-09-09,records/evidence/2026-09-09-live-srv2/serve-up-q13-qwen36-n40-1-up.json,2026-09-09-live-srv2-serve-up-q13-qwen36-n20-2-up/8080,door clock; for multi-unit envelopes only the largest figure is a wake (O8: the rest are 'after the previous')
card_after_door_mib,7597,MiB,,,srv2,srv2@hosts.json-decl-2026-09-03,llamacpp,llamacpp:b10644-L3,Qwen3.6-35B-A3B-UD-IQ3_XXS.gguf,qwen35moe,UD-IQ3_XXS,20,2,8192,512,mapped,f16,,n/a,,,,,,,envelope card_after.used_mib (read at door return),2026-09-09,records/evidence/2026-09-09-live-srv2/serve-up-q13-qwen36-n40-1-up.json,2026-09-09-live-srv2-serve-up-q13-qwen36-n20-2-up,
wake_s_door,74.4,s,,,srv2,srv2@hosts.json-decl-2026-09-03,llamacpp,llamacpp:b10644-L3,Qwen3.6-35B-A3B-UD-IQ3_XXS.gguf,qwen35moe,UD-IQ3_XXS,40,2,8192,512,mapped,f16,,n/a,,,,,,cold start,envelope units[].seconds (door up-after),2026-09-09,records/evidence/2026-09-09-live-srv2/serve-up-q13-qwen36-n40-2-up.json,2026-09-09-live-srv2-serve-up-q13-qwen36-n40-1-up/8080,door clock; for multi-unit envelopes only the largest figure is a wake (O8: the rest are 'after the previous')
card_after_door_mib,2279,MiB,,,srv2,srv2@hosts.json-decl-2026-09-03,llamacpp,llamacpp:b10644-L3,Qwen3.6-35B-A3B-UD-IQ3_XXS.gguf,qwen35moe,UD-IQ3_XXS,40,2,8192,512,mapped,f16,,n/a,,,,,,,envelope card_after.used_mib (read at door return),2026-09-09,records/evidence/2026-09-09-live-srv2/serve-up-q13-qwen36-n40-2-up.json,2026-09-09-live-srv2-serve-up-q13-qwen36-n40-1-up,
wake_s_door,95.3,s,,,srv2,srv2@hosts.json-decl-2026-09-03,llamacpp,llamacpp:b10644-L3,Qwen3-Next-80B-A3B-Instruct-Q3_K_M.gguf,qwen3next,Q3_K_M,41,2,8192,512,mapped,f16,,n/a,,,,,,cold start,envelope units[].seconds (door up-after),2026-09-09,records/evidence/2026-09-09-live-srv2/serve-up-q13-qwen36-n7-1-up.json,2026-09-09-live-srv2-serve-up-q10-80b-mapped-n41-2-up/8003,door clock; for multi-unit envelopes only the largest figure is a wake (O8: the rest are 'after the previous')
card_after_door_mib,7525,MiB,,,srv2,srv2@hosts.json-decl-2026-09-03,llamacpp,llamacpp:b10644-L3,Qwen3-Next-80B-A3B-Instruct-Q3_K_M.gguf,qwen3next,Q3_K_M,41,2,8192,512,mapped,f16,,n/a,,,,,,,envelope card_after.used_mib (read at door return),2026-09-09,records/evidence/2026-09-09-live-srv2/serve-up-q13-qwen36-n7-1-up.json,2026-09-09-live-srv2-serve-up-q10-80b-mapped-n41-2-up,
wake_s_door,75.8,s,,,srv2,srv2@hosts.json-decl-2026-09-03,llamacpp,llamacpp:b10644-L3,Qwen3.6-35B-A3B-UD-IQ3_XXS.gguf,qwen35moe,UD-IQ3_XXS,7,2,8192,512,mapped,f16,,n/a,,,,,,cold start,envelope units[].seconds (door up-after),2026-09-09,records/evidence/2026-09-09-live-srv2/serve-up-q13-qwen36-n7-2-up.json,2026-09-09-live-srv2-serve-up-q13-qwen36-n7-1-up/8080,door clock; for multi-unit envelopes only the largest figure is a wake (O8: the rest are 'after the previous')
card_after_door_mib,11001,MiB,,,srv2,srv2@hosts.json-decl-2026-09-03,llamacpp,llamacpp:b10644-L3,Qwen3.6-35B-A3B-UD-IQ3_XXS.gguf,qwen35moe,UD-IQ3_XXS,7,2,8192,512,mapped,f16,,n/a,,,,,,,envelope card_after.used_mib (read at door return),2026-09-09,records/evidence/2026-09-09-live-srv2/serve-up-q13-qwen36-n7-2-up.json,2026-09-09-live-srv2-serve-up-q13-qwen36-n7-1-up,
wake_s_door,74.0,s,,,srv2,srv2@hosts.json-decl-2026-09-03,llamacpp,llamacpp:b10644-L3,Qwen3.6-35B-A3B-UD-IQ3_XXS.gguf,qwen35moe,UD-IQ3_XXS,40,2,8192,512,mapped,f16,,n/a,,,,,,cold start,envelope units[].seconds (door up-after),2026-09-09,records/evidence/2026-09-09-live-srv2/serve-up-q14-pair-healthy-1-up.json,2026-09-09-live-srv2-serve-up-q13-qwen36-n40-2-up/8080,door clock; for multi-unit envelopes only the largest figure is a wake (O8: the rest are 'after the previous')
card_after_door_mib,2279,MiB,,,srv2,srv2@hosts.json-decl-2026-09-03,llamacpp,llamacpp:b10644-L3,Qwen3.6-35B-A3B-UD-IQ3_XXS.gguf,qwen35moe,UD-IQ3_XXS,40,2,8192,512,mapped,f16,,n/a,,,,,,,envelope card_after.used_mib (read at door return),2026-09-09,records/evidence/2026-09-09-live-srv2/serve-up-q14-pair-healthy-1-up.json,2026-09-09-live-srv2-serve-up-q13-qwen36-n40-2-up,
wake_s_door,88.2,s,,,srv2,srv2@hosts.json-decl-2026-09-03,vllm,vllm/vllm-openai@ffb2d59b1c05,Qwen2.5-Coder-3B-Instruct-AWQ,,AWQ,,8,4096,,n/a,auto,0.26,no,service_healthy,Qwen2.5-Coder-3B-Instruct-AWQ+Qwen2.5-Coder-7B-Instruct-AWQ,,,,cold start,envelope units[].seconds (door up-after),2026-09-09,records/evidence/2026-09-09-live-srv2/serve-up-q14-pair-healthy-2-up.json,2026-09-09-live-srv2-serve-up-q14-pair-healthy-1-up/8001,door clock; for multi-unit envelopes only the largest figure is a wake (O8: the rest are 'after the previous')
wake_s_door_increment,2.1,s,,,srv2,srv2@hosts.json-decl-2026-09-03,vllm,vllm/vllm-openai@ffb2d59b1c05,Qwen2.5-Coder-7B-Instruct-AWQ,,AWQ,,8,4096,,n/a,auto,0.72,no,,Qwen2.5-Coder-3B-Instruct-AWQ+Qwen2.5-Coder-7B-Instruct-AWQ,,,,,envelope units[].seconds (O8 increment),2026-09-09,records/evidence/2026-09-09-live-srv2/serve-up-q14-pair-healthy-2-up.json,2026-09-09-live-srv2-serve-up-q14-pair-healthy-1-up/8002,door clock; for multi-unit envelopes only the largest figure is a wake (O8: the rest are 'after the previous')
card_after_door_mib,10587,MiB,,,srv2,srv2@hosts.json-decl-2026-09-03,vllm,vllm/vllm-openai@ffb2d59b1c05,Qwen2.5-Coder-3B-Instruct-AWQ+Qwen2.5-Coder-7B-Instruct-AWQ,,AWQ,,8,4096,,n/a,auto,0.26+0.72,no,service_healthy,pair,,,,,envelope card_after.used_mib (read at door return),2026-09-09,records/evidence/2026-09-09-live-srv2/serve-up-q14-pair-healthy-2-up.json,2026-09-09-live-srv2-serve-up-q14-pair-healthy-1-up,
wake_s_door,86.9,s,,,srv2,srv2@hosts.json-decl-2026-09-03,vllm,vllm/vllm-openai@ffb2d59b1c05,Qwen2.5-Coder-3B-Instruct-AWQ,,AWQ,,8,4096,,n/a,auto,0.26,no,service_healthy,Qwen2.5-Coder-3B-Instruct-AWQ+Qwen2.5-Coder-7B-Instruct-AWQ,,,,cold start,envelope units[].seconds (door up-after),2026-09-09,records/evidence/2026-09-09-live-srv2/serve-up-q15-pair-sleepmode-1-up.json,2026-09-09-live-srv2-serve-up-q14-pair-healthy-2-up/8001,door clock; for multi-unit envelopes only the largest figure is a wake (O8: the rest are 'after the previous')
wake_s_door_increment,2.1,s,,,srv2,srv2@hosts.json-decl-2026-09-03,vllm,vllm/vllm-openai@ffb2d59b1c05,Qwen2.5-Coder-7B-Instruct-AWQ,,AWQ,,8,4096,,n/a,auto,0.72,no,,Qwen2.5-Coder-3B-Instruct-AWQ+Qwen2.5-Coder-7B-Instruct-AWQ,,,,,envelope units[].seconds (O8 increment),2026-09-09,records/evidence/2026-09-09-live-srv2/serve-up-q15-pair-sleepmode-1-up.json,2026-09-09-live-srv2-serve-up-q14-pair-healthy-2-up/8002,door clock; for multi-unit envelopes only the largest figure is a wake (O8: the rest are 'after the previous')
card_after_door_mib,10587,MiB,,,srv2,srv2@hosts.json-decl-2026-09-03,vllm,vllm/vllm-openai@ffb2d59b1c05,Qwen2.5-Coder-3B-Instruct-AWQ+Qwen2.5-Coder-7B-Instruct-AWQ,,AWQ,,8,4096,,n/a,auto,0.26+0.72,no,service_healthy,pair,,,,,envelope card_after.used_mib (read at door return),2026-09-09,records/evidence/2026-09-09-live-srv2/serve-up-q15-pair-sleepmode-1-up.json,2026-09-09-live-srv2-serve-up-q14-pair-healthy-2-up,
wake_s_door,134.4,s,,,srv2,srv2@hosts.json-decl-2026-09-03,vllm,vllm/vllm-openai@ffb2d59b1c05,Qwen2.5-Coder-3B-Instruct-AWQ,,AWQ,,8,4096,,n/a,auto,0.26,yes,service_started,Qwen2.5-Coder-3B-Instruct-AWQ+Qwen2.5-Coder-7B-Instruct-AWQ,,,,cold start,envelope units[].seconds (door up-after),2026-09-09,records/evidence/2026-09-09-live-srv2/serve-up-q15-pair-sleepmode-2-up.json,2026-09-09-live-srv2-serve-up-q15-pair-sleepmode-1-up/8001,door clock; for multi-unit envelopes only the largest figure is a wake (O8: the rest are 'after the previous')
wake_s_door_increment,2.7,s,,,srv2,srv2@hosts.json-decl-2026-09-03,vllm,vllm/vllm-openai@ffb2d59b1c05,Qwen2.5-Coder-7B-Instruct-AWQ,,AWQ,,8,4096,,n/a,auto,0.72,yes,,Qwen2.5-Coder-3B-Instruct-AWQ+Qwen2.5-Coder-7B-Instruct-AWQ,,,,,envelope units[].seconds (O8 increment),2026-09-09,records/evidence/2026-09-09-live-srv2/serve-up-q15-pair-sleepmode-2-up.json,2026-09-09-live-srv2-serve-up-q15-pair-sleepmode-1-up/8002,door clock; for multi-unit envelopes only the largest figure is a wake (O8: the rest are 'after the previous')
card_after_door_mib,10753,MiB,,,srv2,srv2@hosts.json-decl-2026-09-03,vllm,vllm/vllm-openai@ffb2d59b1c05,Qwen2.5-Coder-3B-Instruct-AWQ+Qwen2.5-Coder-7B-Instruct-AWQ,,AWQ,,8,4096,,n/a,auto,0.26+0.72,yes,service_started,pair,,,,,envelope card_after.used_mib (read at door return),2026-09-09,records/evidence/2026-09-09-live-srv2/serve-up-q15-pair-sleepmode-2-up.json,2026-09-09-live-srv2-serve-up-q15-pair-sleepmode-1-up,
wake_s_door,133.1,s,,,srv2,srv2@hosts.json-decl-2026-09-03,vllm,vllm/vllm-openai@ffb2d59b1c05,Qwen2.5-Coder-3B-Instruct-AWQ,,AWQ,,8,4096,,n/a,auto,0.26,yes,service_started,Qwen2.5-Coder-3B-Instruct-AWQ+Qwen2.5-Coder-7B-Instruct-AWQ,,,,cold start,envelope units[].seconds (door up-after),2026-09-09,records/evidence/2026-09-09-live-srv2/serve-up-q15-pair-sleepmode-3-up.json,2026-09-09-live-srv2-serve-up-q15-pair-sleepmode-2-up/8001,door clock; for multi-unit envelopes only the largest figure is a wake (O8: the rest are 'after the previous')
wake_s_door_increment,2.1,s,,,srv2,srv2@hosts.json-decl-2026-09-03,vllm,vllm/vllm-openai@ffb2d59b1c05,Qwen2.5-Coder-7B-Instruct-AWQ,,AWQ,,8,4096,,n/a,auto,0.72,yes,,Qwen2.5-Coder-3B-Instruct-AWQ+Qwen2.5-Coder-7B-Instruct-AWQ,,,,,envelope units[].seconds (O8 increment),2026-09-09,records/evidence/2026-09-09-live-srv2/serve-up-q15-pair-sleepmode-3-up.json,2026-09-09-live-srv2-serve-up-q15-pair-sleepmode-2-up/8002,door clock; for multi-unit envelopes only the largest figure is a wake (O8: the rest are 'after the previous')
card_after_door_mib,11369,MiB,,,srv2,srv2@hosts.json-decl-2026-09-03,vllm,vllm/vllm-openai@ffb2d59b1c05,Qwen2.5-Coder-3B-Instruct-AWQ+Qwen2.5-Coder-7B-Instruct-AWQ,,AWQ,,8,4096,,n/a,auto,0.26+0.72,yes,service_started,pair,,,,,envelope card_after.used_mib (read at door return),2026-09-09,records/evidence/2026-09-09-live-srv2/serve-up-q15-pair-sleepmode-3-up.json,2026-09-09-live-srv2-serve-up-q15-pair-sleepmode-2-up,
wake_s_door,130.5,s,,,srv2,srv2@hosts.json-decl-2026-09-03,vllm,vllm/vllm-openai@ffb2d59b1c05,Qwen2.5-Coder-3B-Instruct-AWQ,,AWQ,,8,4096,,n/a,auto,0.26,yes,service_started,Qwen2.5-Coder-3B-Instruct-AWQ+Qwen2.5-Coder-7B-Instruct-AWQ,,,,cold start,envelope units[].seconds (door up-after),2026-09-09,records/evidence/2026-09-09-live-srv2/serve-up-q15-pair-sleepmode-4-up.json,2026-09-09-live-srv2-serve-up-q15-pair-sleepmode-3-up/8001,door clock; for multi-unit envelopes only the largest figure is a wake (O8: the rest are 'after the previous')
wake_s_door_increment,2.1,s,,,srv2,srv2@hosts.json-decl-2026-09-03,vllm,vllm/vllm-openai@ffb2d59b1c05,Qwen2.5-Coder-7B-Instruct-AWQ,,AWQ,,8,4096,,n/a,auto,0.72,yes,,Qwen2.5-Coder-3B-Instruct-AWQ+Qwen2.5-Coder-7B-Instruct-AWQ,,,,,envelope units[].seconds (O8 increment),2026-09-09,records/evidence/2026-09-09-live-srv2/serve-up-q15-pair-sleepmode-4-up.json,2026-09-09-live-srv2-serve-up-q15-pair-sleepmode-3-up/8002,door clock; for multi-unit envelopes only the largest figure is a wake (O8: the rest are 'after the previous')
card_after_door_mib,11369,MiB,,,srv2,srv2@hosts.json-decl-2026-09-03,vllm,vllm/vllm-openai@ffb2d59b1c05,Qwen2.5-Coder-3B-Instruct-AWQ+Qwen2.5-Coder-7B-Instruct-AWQ,,AWQ,,8,4096,,n/a,auto,0.26+0.72,yes,service_started,pair,,,,,envelope card_after.used_mib (read at door return),2026-09-09,records/evidence/2026-09-09-live-srv2/serve-up-q15-pair-sleepmode-4-up.json,2026-09-09-live-srv2-serve-up-q15-pair-sleepmode-3-up,
wake_s_door,131.7,s,,,srv2,srv2@hosts.json-decl-2026-09-03,vllm,vllm/vllm-openai@ffb2d59b1c05,Qwen2.5-Coder-3B-Instruct-AWQ,,AWQ,,8,4096,,n/a,auto,0.26,yes,service_started,Qwen2.5-Coder-3B-Instruct-AWQ+Qwen2.5-Coder-7B-Instruct-AWQ,,,,cold start,envelope units[].seconds (door up-after),2026-09-09,records/evidence/2026-09-09-live-srv2/serve-up-q16-80b-with-3b-awake-7b-asleep-1-80b.json,2026-09-09-live-srv2-serve-up-q16-80b-with-3b-awake-7b-asleep-1-pair/8001,door clock; for multi-unit envelopes only the largest figure is a wake (O8: the rest are 'after the previous')
wake_s_door_increment,2.2,s,,,srv2,srv2@hosts.json-decl-2026-09-03,vllm,vllm/vllm-openai@ffb2d59b1c05,Qwen2.5-Coder-7B-Instruct-AWQ,,AWQ,,8,4096,,n/a,auto,0.72,yes,,Qwen2.5-Coder-3B-Instruct-AWQ+Qwen2.5-Coder-7B-Instruct-AWQ,,,,,envelope units[].seconds (O8 increment),2026-09-09,records/evidence/2026-09-09-live-srv2/serve-up-q16-80b-with-3b-awake-7b-asleep-1-80b.json,2026-09-09-live-srv2-serve-up-q16-80b-with-3b-awake-7b-asleep-1-pair/8002,door clock; for multi-unit envelopes only the largest figure is a wake (O8: the rest are 'after the previous')
card_after_door_mib,11369,MiB,,,srv2,srv2@hosts.json-decl-2026-09-03,vllm,vllm/vllm-openai@ffb2d59b1c05,Qwen2.5-Coder-3B-Instruct-AWQ+Qwen2.5-Coder-7B-Instruct-AWQ,,AWQ,,8,4096,,n/a,auto,0.26+0.72,yes,service_started,pair,,,,,envelope card_after.used_mib (read at door return),2026-09-09,records/evidence/2026-09-09-live-srv2/serve-up-q16-80b-with-3b-awake-7b-asleep-1-80b.json,2026-09-09-live-srv2-serve-up-q16-80b-with-3b-awake-7b-asleep-1-pair,
wake_s_door,136.0,s,,,srv2,srv2@hosts.json-decl-2026-09-03,vllm,vllm/vllm-openai@ffb2d59b1c05,Qwen2.5-Coder-3B-Instruct-AWQ,,AWQ,,8,4096,,n/a,auto,0.26,yes,service_started,Qwen2.5-Coder-3B-Instruct-AWQ+Qwen2.5-Coder-7B-Instruct-AWQ,,,,cold start,envelope units[].seconds (door up-after),2026-09-09,records/evidence/2026-09-09-live-srv2/serve-up-q16-80b-with-7b-awake-3b-asleep-1-pair.json,2026-09-09-live-srv2-serve-up-q16-80b-with-7b-awake-3b-asleep-2-pair/8001,door clock; for multi-unit envelopes only the largest figure is a wake (O8: the rest are 'after the previous')
wake_s_door_increment,2.3,s,,,srv2,srv2@hosts.json-decl-2026-09-03,vllm,vllm/vllm-openai@ffb2d59b1c05,Qwen2.5-Coder-7B-Instruct-AWQ,,AWQ,,8,4096,,n/a,auto,0.72,yes,,Qwen2.5-Coder-3B-Instruct-AWQ+Qwen2.5-Coder-7B-Instruct-AWQ,,,,,envelope units[].seconds (O8 increment),2026-09-09,records/evidence/2026-09-09-live-srv2/serve-up-q16-80b-with-7b-awake-3b-asleep-1-pair.json,2026-09-09-live-srv2-serve-up-q16-80b-with-7b-awake-3b-asleep-2-pair/8002,door clock; for multi-unit envelopes only the largest figure is a wake (O8: the rest are 'after the previous')
card_after_door_mib,11369,MiB,,,srv2,srv2@hosts.json-decl-2026-09-03,vllm,vllm/vllm-openai@ffb2d59b1c05,Qwen2.5-Coder-3B-Instruct-AWQ+Qwen2.5-Coder-7B-Instruct-AWQ,,AWQ,,8,4096,,n/a,auto,0.26+0.72,yes,service_started,pair,,,,,envelope card_after.used_mib (read at door return),2026-09-09,records/evidence/2026-09-09-live-srv2/serve-up-q16-80b-with-7b-awake-3b-asleep-1-pair.json,2026-09-09-live-srv2-serve-up-q16-80b-with-7b-awake-3b-asleep-2-pair,
wake_s_door,132.8,s,,,srv2,srv2@hosts.json-decl-2026-09-03,vllm,vllm/vllm-openai@ffb2d59b1c05,Qwen2.5-Coder-3B-Instruct-AWQ,,AWQ,,8,4096,,n/a,auto,0.26,yes,service_started,Qwen2.5-Coder-3B-Instruct-AWQ+Qwen2.5-Coder-7B-Instruct-AWQ,,,,cold start,envelope units[].seconds (door up-after),2026-09-09,records/evidence/2026-09-09-live-srv2/serve-up-q16-80b-with-7b-awake-3b-asleep-2-pair.json,2026-09-09-live-srv2-serve-up-q16-80b-with-7b-awake-3b-asleep-1-pair/8001,door clock; for multi-unit envelopes only the largest figure is a wake (O8: the rest are 'after the previous')
wake_s_door_increment,2.1,s,,,srv2,srv2@hosts.json-decl-2026-09-03,vllm,vllm/vllm-openai@ffb2d59b1c05,Qwen2.5-Coder-7B-Instruct-AWQ,,AWQ,,8,4096,,n/a,auto,0.72,yes,,Qwen2.5-Coder-3B-Instruct-AWQ+Qwen2.5-Coder-7B-Instruct-AWQ,,,,,envelope units[].seconds (O8 increment),2026-09-09,records/evidence/2026-09-09-live-srv2/serve-up-q16-80b-with-7b-awake-3b-asleep-2-pair.json,2026-09-09-live-srv2-serve-up-q16-80b-with-7b-awake-3b-asleep-1-pair/8002,door clock; for multi-unit envelopes only the largest figure is a wake (O8: the rest are 'after the previous')
card_after_door_mib,11369,MiB,,,srv2,srv2@hosts.json-decl-2026-09-03,vllm,vllm/vllm-openai@ffb2d59b1c05,Qwen2.5-Coder-3B-Instruct-AWQ+Qwen2.5-Coder-7B-Instruct-AWQ,,AWQ,,8,4096,,n/a,auto,0.26+0.72,yes,service_started,pair,,,,,envelope card_after.used_mib (read at door return),2026-09-09,records/evidence/2026-09-09-live-srv2/serve-up-q16-80b-with-7b-awake-3b-asleep-2-pair.json,2026-09-09-live-srv2-serve-up-q16-80b-with-7b-awake-3b-asleep-1-pair,
wake_s_door,133.7,s,,,srv2,srv2@hosts.json-decl-2026-09-03,vllm,vllm/vllm-openai@ffb2d59b1c05,Qwen2.5-Coder-3B-Instruct-AWQ,,AWQ,,8,4096,,n/a,auto,0.26,yes,service_started,Qwen2.5-Coder-3B-Instruct-AWQ+Qwen2.5-Coder-7B-Instruct-AWQ,,,,cold start,envelope units[].seconds (door up-after),2026-09-09,records/evidence/2026-09-09-live-srv2/serve-up-r-srv2-deepseek-1-up.json,2026-09-09-live-srv2-serve-up-v-pair-sleepB-1-up/8001,door clock; for multi-unit envelopes only the largest figure is a wake (O8: the rest are 'after the previous')
wake_s_door_increment,2.1,s,,,srv2,srv2@hosts.json-decl-2026-09-03,vllm,vllm/vllm-openai@ffb2d59b1c05,Qwen2.5-Coder-7B-Instruct-AWQ,,AWQ,,8,4096,,n/a,auto,0.72,yes,,Qwen2.5-Coder-3B-Instruct-AWQ+Qwen2.5-Coder-7B-Instruct-AWQ,,,,,envelope units[].seconds (O8 increment),2026-09-09,records/evidence/2026-09-09-live-srv2/serve-up-r-srv2-deepseek-1-up.json,2026-09-09-live-srv2-serve-up-v-pair-sleepB-1-up/8002,door clock; for multi-unit envelopes only the largest figure is a wake (O8: the rest are 'after the previous')
card_after_door_mib,10641,MiB,,,srv2,srv2@hosts.json-decl-2026-09-03,vllm,vllm/vllm-openai@ffb2d59b1c05,Qwen2.5-Coder-3B-Instruct-AWQ+Qwen2.5-Coder-7B-Instruct-AWQ,,AWQ,,8,4096,,n/a,auto,0.26+0.72,yes,service_started,pair,,,,,envelope card_after.used_mib (read at door return),2026-09-09,records/evidence/2026-09-09-live-srv2/serve-up-r-srv2-deepseek-1-up.json,2026-09-09-live-srv2-serve-up-v-pair-sleepB-1-up,
wake_s_door,41.2,s,,,srv2,srv2@hosts.json-decl-2026-09-03,llamacpp,llamacpp:b10644-L3,deepseek-coder-v2-16b.gguf,deepseek2,,0,2,8192,512,mapped,f16,,n/a,,,,,,cold start,envelope units[].seconds (door up-after),2026-09-09,records/evidence/2026-09-09-live-srv2/serve-up-r-srv2-deepseek-2-up.json,2026-09-09-live-srv2-serve-up-r-srv2-deepseek-1-up/8080,door clock; for multi-unit envelopes only the largest figure is a wake (O8: the rest are 'after the previous')
card_after_door_mib,10751,MiB,,,srv2,srv2@hosts.json-decl-2026-09-03,llamacpp,llamacpp:b10644-L3,deepseek-coder-v2-16b.gguf,deepseek2,,0,2,8192,512,mapped,f16,,n/a,,,,,,,envelope card_after.used_mib (read at door return),2026-09-09,records/evidence/2026-09-09-live-srv2/serve-up-r-srv2-deepseek-2-up.json,2026-09-09-live-srv2-serve-up-r-srv2-deepseek-1-up,
wake_s_door,43.7,s,,,srv2,srv2@hosts.json-decl-2026-09-03,llamacpp,llamacpp:b10644-L3,deepseek-coder-v2-16b.gguf,deepseek2,,0,2,8192,512,mapped,f16,,n/a,,,,,,cold start,envelope units[].seconds (door up-after),2026-09-09,records/evidence/2026-09-09-live-srv2/serve-up-r-srv2-qwen36-1-up.json,2026-09-09-live-srv2-serve-up-r-srv2-deepseek-2-up/8080,door clock; for multi-unit envelopes only the largest figure is a wake (O8: the rest are 'after the previous')
card_after_door_mib,10751,MiB,,,srv2,srv2@hosts.json-decl-2026-09-03,llamacpp,llamacpp:b10644-L3,deepseek-coder-v2-16b.gguf,deepseek2,,0,2,8192,512,mapped,f16,,n/a,,,,,,,envelope card_after.used_mib (read at door return),2026-09-09,records/evidence/2026-09-09-live-srv2/serve-up-r-srv2-qwen36-1-up.json,2026-09-09-live-srv2-serve-up-r-srv2-deepseek-2-up,
wake_s_door,74.3,s,,,srv2,srv2@hosts.json-decl-2026-09-03,llamacpp,llamacpp:b10644-L3,Qwen3.6-35B-A3B-UD-IQ3_XXS.gguf,qwen35moe,UD-IQ3_XXS,7,2,8192,512,mapped,f16,,n/a,,,,,,cold start,envelope units[].seconds (door up-after),2026-09-09,records/evidence/2026-09-09-live-srv2/serve-up-r-srv2-qwen36-2-up.json,2026-09-09-live-srv2-serve-up-r-srv2-qwen36-1-up/8080,door clock; for multi-unit envelopes only the largest figure is a wake (O8: the rest are 'after the previous')
card_after_door_mib,11001,MiB,,,srv2,srv2@hosts.json-decl-2026-09-03,llamacpp,llamacpp:b10644-L3,Qwen3.6-35B-A3B-UD-IQ3_XXS.gguf,qwen35moe,UD-IQ3_XXS,7,2,8192,512,mapped,f16,,n/a,,,,,,,envelope card_after.used_mib (read at door return),2026-09-09,records/evidence/2026-09-09-live-srv2/serve-up-r-srv2-qwen36-2-up.json,2026-09-09-live-srv2-serve-up-r-srv2-qwen36-1-up,
wake_s_door,101.1,s,,,srv2,srv2@hosts.json-decl-2026-09-03,llamacpp,llamacpp:b10644-L3,Qwen3-Next-80B-A3B-Instruct-Q3_K_M.gguf,qwen3next,Q3_K_M,35,2,8192,512,mapped,f16,,n/a,,,,,,cold start,envelope units[].seconds (door up-after),2026-09-09,records/evidence/2026-09-09-live-srv2/serve-up-restore-074214.json,2026-09-09-live-srv2-serve-up-srv2-80b-neg-up/8003,door clock; for multi-unit envelopes only the largest figure is a wake (O8: the rest are 'after the previous')
card_after_door_mib,11893,MiB,,,srv2,srv2@hosts.json-decl-2026-09-03,llamacpp,llamacpp:b10644-L3,Qwen3-Next-80B-A3B-Instruct-Q3_K_M.gguf,qwen3next,Q3_K_M,35,2,8192,512,mapped,f16,,n/a,,,,,,,envelope card_after.used_mib (read at door return),2026-09-09,records/evidence/2026-09-09-live-srv2/serve-up-restore-074214.json,2026-09-09-live-srv2-serve-up-srv2-80b-neg-up,
wake_s_door,98.0,s,,,srv2,srv2@hosts.json-decl-2026-09-03,llamacpp,llamacpp:b10644-L3,Qwen3-Next-80B-A3B-Instruct-Q3_K_M.gguf,qwen3next,Q3_K_M,40,2,8192,512,mapped,f16,,n/a,,,,,,cold start,envelope units[].seconds (door up-after),2026-09-09,records/evidence/2026-09-09-live-srv2/serve-up-restore-up-964586.json,2026-09-09-live-srv2-serve-up-m1-80b-mapped-n40-1-up/8003,door clock; for multi-unit envelopes only the largest figure is a wake (O8: the rest are 'after the previous')
card_after_door_mib,8253,MiB,,,srv2,srv2@hosts.json-decl-2026-09-03,llamacpp,llamacpp:b10644-L3,Qwen3-Next-80B-A3B-Instruct-Q3_K_M.gguf,qwen3next,Q3_K_M,40,2,8192,512,mapped,f16,,n/a,,,,,,,envelope card_after.used_mib (read at door return),2026-09-09,records/evidence/2026-09-09-live-srv2/serve-up-restore-up-964586.json,2026-09-09-live-srv2-serve-up-m1-80b-mapped-n40-1-up,
wake_s_door,124.2,s,,,srv2,srv2@hosts.json-decl-2026-09-03,vllm,vllm/vllm-openai@ffb2d59b1c05,Qwen2.5-Coder-3B-Instruct-AWQ,,AWQ,,8,4096,,n/a,auto,0.26,yes,service_started,Qwen2.5-Coder-3B-Instruct-AWQ+Qwen2.5-Coder-7B-Instruct-AWQ,,,,cold start,envelope units[].seconds (door up-after),2026-09-09,records/evidence/2026-09-09-live-srv2/serve-up-sleeptest-100213.json,2026-09-09-live-srv2-serve-up-sleepup/8001,door clock; for multi-unit envelopes only the largest figure is a wake (O8: the rest are 'after the previous')
wake_s_door_increment,1.1,s,,,srv2,srv2@hosts.json-decl-2026-09-03,vllm,vllm/vllm-openai@ffb2d59b1c05,Qwen2.5-Coder-7B-Instruct-AWQ,,AWQ,,8,4096,,n/a,auto,0.72,yes,,Qwen2.5-Coder-3B-Instruct-AWQ+Qwen2.5-Coder-7B-Instruct-AWQ,,,,,envelope units[].seconds (O8 increment),2026-09-09,records/evidence/2026-09-09-live-srv2/serve-up-sleeptest-100213.json,2026-09-09-live-srv2-serve-up-sleepup/8002,door clock; for multi-unit envelopes only the largest figure is a wake (O8: the rest are 'after the previous')
card_after_door_mib,10641,MiB,,,srv2,srv2@hosts.json-decl-2026-09-03,vllm,vllm/vllm-openai@ffb2d59b1c05,Qwen2.5-Coder-3B-Instruct-AWQ+Qwen2.5-Coder-7B-Instruct-AWQ,,AWQ,,8,4096,,n/a,auto,0.26+0.72,yes,service_started,pair,,,,,envelope card_after.used_mib (read at door return),2026-09-09,records/evidence/2026-09-09-live-srv2/serve-up-sleeptest-100213.json,2026-09-09-live-srv2-serve-up-sleepup,
wake_s_door,96.7,s,,,srv2,srv2@hosts.json-decl-2026-09-03,llamacpp,llamacpp:b10644-L3,Qwen3-Next-80B-A3B-Instruct-Q3_K_M.gguf,qwen3next,Q3_K_M,35,2,8192,512,mapped,f16,,n/a,,,,,,cold start,envelope units[].seconds (door up-after),2026-09-09,records/evidence/2026-09-09-live-srv2/serve-up-srv2-80b-mid-up.json,2026-09-09-live-srv2-serve-up-srv2-80b-hi-up/8003,door clock; for multi-unit envelopes only the largest figure is a wake (O8: the rest are 'after the previous')
card_after_door_mib,11893,MiB,,,srv2,srv2@hosts.json-decl-2026-09-03,llamacpp,llamacpp:b10644-L3,Qwen3-Next-80B-A3B-Instruct-Q3_K_M.gguf,qwen3next,Q3_K_M,35,2,8192,512,mapped,f16,,n/a,,,,,,,envelope card_after.used_mib (read at door return),2026-09-09,records/evidence/2026-09-09-live-srv2/serve-up-srv2-80b-mid-up.json,2026-09-09-live-srv2-serve-up-srv2-80b-hi-up,
wake_s_door,97.1,s,,,srv2,srv2@hosts.json-decl-2026-09-03,llamacpp,llamacpp:b10644-L3,Qwen3-Next-80B-A3B-Instruct-Q3_K_M.gguf,qwen3next,Q3_K_M,35,2,8192,512,mapped,f16,,n/a,,,,,,cold start,envelope units[].seconds (door up-after),2026-09-09,records/evidence/2026-09-09-live-srv2/serve-up-srv2-80b-neg-up.json,2026-09-09-live-srv2-serve-up-srv2-80b-mid-up/8003,door clock; for multi-unit envelopes only the largest figure is a wake (O8: the rest are 'after the previous')
card_after_door_mib,11893,MiB,,,srv2,srv2@hosts.json-decl-2026-09-03,llamacpp,llamacpp:b10644-L3,Qwen3-Next-80B-A3B-Instruct-Q3_K_M.gguf,qwen3next,Q3_K_M,35,2,8192,512,mapped,f16,,n/a,,,,,,,envelope card_after.used_mib (read at door return),2026-09-09,records/evidence/2026-09-09-live-srv2/serve-up-srv2-80b-neg-up.json,2026-09-09-live-srv2-serve-up-srv2-80b-mid-up,
wake_s_door,93.7,s,,,srv2,srv2@hosts.json-decl-2026-09-03,vllm,vllm/vllm-openai@ffb2d59b1c05,Qwen2.5-Coder-3B-Instruct-AWQ,,AWQ,,8,4096,,n/a,auto,0.26,no,,,,,,cold start,envelope units[].seconds (door up-after),2026-09-09,records/evidence/2026-09-09-live-srv2/serve-up-v-3b-alone-3-up.json,2026-09-09-live-srv2-serve-up-v-3b-alone-2-up/8001,door clock; for multi-unit envelopes only the largest figure is a wake (O8: the rest are 'after the previous')
card_after_door_mib,2795,MiB,,,srv2,srv2@hosts.json-decl-2026-09-03,vllm,vllm/vllm-openai@ffb2d59b1c05,Qwen2.5-Coder-3B-Instruct-AWQ,,AWQ,,8,4096,,n/a,auto,0.26,no,,,,,,,envelope card_after.used_mib (read at door return),2026-09-09,records/evidence/2026-09-09-live-srv2/serve-up-v-3b-alone-3-up.json,2026-09-09-live-srv2-serve-up-v-3b-alone-2-up,
wake_s_door,94.5,s,,,srv2,srv2@hosts.json-decl-2026-09-03,vllm,vllm/vllm-openai@ffb2d59b1c05,Qwen2.5-Coder-3B-Instruct-AWQ,,AWQ,,8,4096,,n/a,auto,0.26,no,,,,,,cold start,envelope units[].seconds (door up-after),2026-09-09,records/evidence/2026-09-09-live-srv2/serve-up-v-7b-alone-1-up.json,2026-09-09-live-srv2-serve-up-v-3b-alone-3-up/8001,door clock; for multi-unit envelopes only the largest figure is a wake (O8: the rest are 'after the previous')
card_after_door_mib,2795,MiB,,,srv2,srv2@hosts.json-decl-2026-09-03,vllm,vllm/vllm-openai@ffb2d59b1c05,Qwen2.5-Coder-3B-Instruct-AWQ,,AWQ,,8,4096,,n/a,auto,0.26,no,,,,,,,envelope card_after.used_mib (read at door return),2026-09-09,records/evidence/2026-09-09-live-srv2/serve-up-v-7b-alone-1-up.json,2026-09-09-live-srv2-serve-up-v-3b-alone-3-up,
wake_s_door,98.3,s,,,srv2,srv2@hosts.json-decl-2026-09-03,vllm,vllm/vllm-openai@ffb2d59b1c05,Qwen2.5-Coder-7B-Instruct-AWQ,,AWQ,,8,4096,,n/a,auto,0.72,no,,,,,,cold start,envelope units[].seconds (door up-after),2026-09-09,records/evidence/2026-09-09-live-srv2/serve-up-v-7b-alone-2-up.json,2026-09-09-live-srv2-serve-up-v-7b-alone-1-up/8002,door clock; for multi-unit envelopes only the largest figure is a wake (O8: the rest are 'after the previous')
card_after_door_mib,7795,MiB,,,srv2,srv2@hosts.json-decl-2026-09-03,vllm,vllm/vllm-openai@ffb2d59b1c05,Qwen2.5-Coder-7B-Instruct-AWQ,,AWQ,,8,4096,,n/a,auto,0.72,no,,,,,,,envelope card_after.used_mib (read at door return),2026-09-09,records/evidence/2026-09-09-live-srv2/serve-up-v-7b-alone-2-up.json,2026-09-09-live-srv2-serve-up-v-7b-alone-1-up,
wake_s_door,97.7,s,,,srv2,srv2@hosts.json-decl-2026-09-03,vllm,vllm/vllm-openai@ffb2d59b1c05,Qwen2.5-Coder-7B-Instruct-AWQ,,AWQ,,8,4096,,n/a,auto,0.72,no,,,,,,cold start,envelope units[].seconds (door up-after),2026-09-09,records/evidence/2026-09-09-live-srv2/serve-up-v-7b-alone-3-up.json,2026-09-09-live-srv2-serve-up-v-7b-alone-2-up/8002,door clock; for multi-unit envelopes only the largest figure is a wake (O8: the rest are 'after the previous')
card_after_door_mib,7795,MiB,,,srv2,srv2@hosts.json-decl-2026-09-03,vllm,vllm/vllm-openai@ffb2d59b1c05,Qwen2.5-Coder-7B-Instruct-AWQ,,AWQ,,8,4096,,n/a,auto,0.72,no,,,,,,,envelope card_after.used_mib (read at door return),2026-09-09,records/evidence/2026-09-09-live-srv2/serve-up-v-7b-alone-3-up.json,2026-09-09-live-srv2-serve-up-v-7b-alone-2-up,
wake_s_door,131.6,s,,,srv2,srv2@hosts.json-decl-2026-09-03,vllm,vllm/vllm-openai@ffb2d59b1c05,Qwen2.5-Coder-3B-Instruct-AWQ,,AWQ,,8,4096,,n/a,auto,0.26,yes,service_started,Qwen2.5-Coder-3B-Instruct-AWQ+Qwen2.5-Coder-7B-Instruct-AWQ,,,,cold start,envelope units[].seconds (door up-after),2026-09-09,records/evidence/2026-09-09-live-srv2/serve-up-v-pair-plain-1-up.json,2026-09-09-live-srv2-serve-up-v-pair-sleep-1-up/8001,door clock; for multi-unit envelopes only the largest figure is a wake (O8: the rest are 'after the previous')
wake_s_door_increment,2.1,s,,,srv2,srv2@hosts.json-decl-2026-09-03,vllm,vllm/vllm-openai@ffb2d59b1c05,Qwen2.5-Coder-7B-Instruct-AWQ,,AWQ,,8,4096,,n/a,auto,0.72,yes,,Qwen2.5-Coder-3B-Instruct-AWQ+Qwen2.5-Coder-7B-Instruct-AWQ,,,,,envelope units[].seconds (O8 increment),2026-09-09,records/evidence/2026-09-09-live-srv2/serve-up-v-pair-plain-1-up.json,2026-09-09-live-srv2-serve-up-v-pair-sleep-1-up/8002,door clock; for multi-unit envelopes only the largest figure is a wake (O8: the rest are 'after the previous')
card_after_door_mib,11257,MiB,,,srv2,srv2@hosts.json-decl-2026-09-03,vllm,vllm/vllm-openai@ffb2d59b1c05,Qwen2.5-Coder-3B-Instruct-AWQ+Qwen2.5-Coder-7B-Instruct-AWQ,,AWQ,,8,4096,,n/a,auto,0.26+0.72,yes,service_started,pair,,,,,envelope card_after.used_mib (read at door return),2026-09-09,records/evidence/2026-09-09-live-srv2/serve-up-v-pair-plain-1-up.json,2026-09-09-live-srv2-serve-up-v-pair-sleep-1-up,
wake_s_door,97.4,s,,,srv2,srv2@hosts.json-decl-2026-09-03,vllm,vllm/vllm-openai@ffb2d59b1c05,Qwen2.5-Coder-7B-Instruct-AWQ,,AWQ,,8,4096,,n/a,auto,0.72,no,,,,,,cold start,envelope units[].seconds (door up-after),2026-09-09,records/evidence/2026-09-09-live-srv2/serve-up-v-pair-plainB-1-up.json,2026-09-09-live-srv2-serve-up-v-7b-alone-3-up/8002,door clock; for multi-unit envelopes only the largest figure is a wake (O8: the rest are 'after the previous')
card_after_door_mib,7795,MiB,,,srv2,srv2@hosts.json-decl-2026-09-03,vllm,vllm/vllm-openai@ffb2d59b1c05,Qwen2.5-Coder-7B-Instruct-AWQ,,AWQ,,8,4096,,n/a,auto,0.72,no,,,,,,,envelope card_after.used_mib (read at door return),2026-09-09,records/evidence/2026-09-09-live-srv2/serve-up-v-pair-plainB-1-up.json,2026-09-09-live-srv2-serve-up-v-7b-alone-3-up,
wake_s_door,169.6,s,,,srv2,srv2@hosts.json-decl-2026-09-03,vllm,vllm/vllm-openai@ffb2d59b1c05,Qwen2.5-Coder-3B-Instruct-AWQ,,AWQ,,8,4096,,n/a,auto,0.26,no,service_started,Qwen2.5-Coder-3B-Instruct-AWQ+Qwen2.5-Coder-7B-Instruct-AWQ,,,,cold start,envelope units[].seconds (door up-after),2026-09-09,records/evidence/2026-09-09-live-srv2/serve-up-v-pair-sleep-1-up.json,2026-09-09-live-srv2-serve-up-v-pair-plain-1-up/8001,door clock; for multi-unit envelopes only the largest figure is a wake (O8: the rest are 'after the previous')
wake_s_door_increment,2.1,s,,,srv2,srv2@hosts.json-decl-2026-09-03,vllm,vllm/vllm-openai@ffb2d59b1c05,Qwen2.5-Coder-7B-Instruct-AWQ,,AWQ,,8,4096,,n/a,auto,0.72,no,,Qwen2.5-Coder-3B-Instruct-AWQ+Qwen2.5-Coder-7B-Instruct-AWQ,,,,,envelope units[].seconds (O8 increment),2026-09-09,records/evidence/2026-09-09-live-srv2/serve-up-v-pair-sleep-1-up.json,2026-09-09-live-srv2-serve-up-v-pair-plain-1-up/8002,door clock; for multi-unit envelopes only the largest figure is a wake (O8: the rest are 'after the previous')
card_after_door_mib,9613,MiB,,,srv2,srv2@hosts.json-decl-2026-09-03,vllm,vllm/vllm-openai@ffb2d59b1c05,Qwen2.5-Coder-3B-Instruct-AWQ+Qwen2.5-Coder-7B-Instruct-AWQ,,AWQ,,8,4096,,n/a,auto,0.26+0.72,no,service_started,pair,,,,,envelope card_after.used_mib (read at door return),2026-09-09,records/evidence/2026-09-09-live-srv2/serve-up-v-pair-sleep-1-up.json,2026-09-09-live-srv2-serve-up-v-pair-plain-1-up,
wake_s_door,170.0,s,,,srv2,srv2@hosts.json-decl-2026-09-03,vllm,vllm/vllm-openai@ffb2d59b1c05,Qwen2.5-Coder-3B-Instruct-AWQ,,AWQ,,8,4096,,n/a,auto,0.26,no,service_started,Qwen2.5-Coder-3B-Instruct-AWQ+Qwen2.5-Coder-7B-Instruct-AWQ,,,,cold start,envelope units[].seconds (door up-after),2026-09-09,records/evidence/2026-09-09-live-srv2/serve-up-v-pair-sleepB-1-up.json,2026-09-09-live-srv2-serve-up-v-pair-plainB-1-up/8001,door clock; for multi-unit envelopes only the largest figure is a wake (O8: the rest are 'after the previous')
wake_s_door_increment,2.1,s,,,srv2,srv2@hosts.json-decl-2026-09-03,vllm,vllm/vllm-openai@ffb2d59b1c05,Qwen2.5-Coder-7B-Instruct-AWQ,,AWQ,,8,4096,,n/a,auto,0.72,no,,Qwen2.5-Coder-3B-Instruct-AWQ+Qwen2.5-Coder-7B-Instruct-AWQ,,,,,envelope units[].seconds (O8 increment),2026-09-09,records/evidence/2026-09-09-live-srv2/serve-up-v-pair-sleepB-1-up.json,2026-09-09-live-srv2-serve-up-v-pair-plainB-1-up/8002,door clock; for multi-unit envelopes only the largest figure is a wake (O8: the rest are 'after the previous')
card_after_door_mib,9445,MiB,,,srv2,srv2@hosts.json-decl-2026-09-03,vllm,vllm/vllm-openai@ffb2d59b1c05,Qwen2.5-Coder-3B-Instruct-AWQ+Qwen2.5-Coder-7B-Instruct-AWQ,,AWQ,,8,4096,,n/a,auto,0.26+0.72,no,service_started,pair,,,,,envelope card_after.used_mib (read at door return),2026-09-09,records/evidence/2026-09-09-live-srv2/serve-up-v-pair-sleepB-1-up.json,2026-09-09-live-srv2-serve-up-v-pair-plainB-1-up,
wake_s_door,167.8,s,,,srv2,srv2@hosts.json-decl-2026-09-03,vllm,vllm/vllm-openai@ffb2d59b1c05,Qwen2.5-Coder-3B-Instruct-AWQ,,AWQ,,8,4096,,n/a,auto,0.26,no,service_started,Qwen2.5-Coder-3B-Instruct-AWQ+Qwen2.5-Coder-7B-Instruct-AWQ,,,,cold start,envelope units[].seconds (door up-after),2026-09-09,records/evidence/2026-09-09-live-srv2/serve-up-verify-110727.json,2026-09-09-live-srv2-serve-up-sleeprestore/8001,door clock; for multi-unit envelopes only the largest figure is a wake (O8: the rest are 'after the previous')
wake_s_door_increment,1.0,s,,,srv2,srv2@hosts.json-decl-2026-09-03,vllm,vllm/vllm-openai@ffb2d59b1c05,Qwen2.5-Coder-7B-Instruct-AWQ,,AWQ,,8,4096,,n/a,auto,0.72,no,,Qwen2.5-Coder-3B-Instruct-AWQ+Qwen2.5-Coder-7B-Instruct-AWQ,,,,,envelope units[].seconds (O8 increment),2026-09-09,records/evidence/2026-09-09-live-srv2/serve-up-verify-110727.json,2026-09-09-live-srv2-serve-up-sleeprestore/8002,door clock; for multi-unit envelopes only the largest figure is a wake (O8: the rest are 'after the previous')
card_after_door_mib,9725,MiB,,,srv2,srv2@hosts.json-decl-2026-09-03,vllm,vllm/vllm-openai@ffb2d59b1c05,Qwen2.5-Coder-3B-Instruct-AWQ+Qwen2.5-Coder-7B-Instruct-AWQ,,AWQ,,8,4096,,n/a,auto,0.26+0.72,no,service_started,pair,,,,,envelope card_after.used_mib (read at door return),2026-09-09,records/evidence/2026-09-09-live-srv2/serve-up-verify-110727.json,2026-09-09-live-srv2-serve-up-sleeprestore,
wake_s_door,50.6,s,,,srv2,srv2@hosts.json-decl-2026-09-03,llamacpp,llamacpp:b10644-L3,deepseek-coder-v2-16b.gguf,deepseek2,,26,2,8192,512,none,f16,,n/a,,deepseek-coder-v2-16b.gguf+Qwen3.6-35B-A3B-UD-IQ3_XXS.gguf,,,,cold start,envelope units[].seconds (door up-after),2026-09-09,records/evidence/2026-09-09-live-srv2/serve-up.json,2026-09-09-live-srv2-serve-up-m2-both-up-991944/8080,door clock; for multi-unit envelopes only the largest figure is a wake (O8: the rest are 'after the previous')
wake_s_door_increment,34.9,s,,,srv2,srv2@hosts.json-decl-2026-09-03,llamacpp,llamacpp:b10644-L3,Qwen3.6-35B-A3B-UD-IQ3_XXS.gguf,qwen35moe,UD-IQ3_XXS,40,2,8192,512,none,f16,,n/a,,deepseek-coder-v2-16b.gguf+Qwen3.6-35B-A3B-UD-IQ3_XXS.gguf,,,,,envelope units[].seconds (O8 increment),2026-09-09,records/evidence/2026-09-09-live-srv2/serve-up.json,2026-09-09-live-srv2-serve-up-m2-both-up-991944/8081,door clock; for multi-unit envelopes only the largest figure is a wake (O8: the rest are 'after the previous')
card_after_door_mib,5711,MiB,,,srv2,srv2@hosts.json-decl-2026-09-03,llamacpp,llamacpp:b10644-L3,deepseek-coder-v2-16b.gguf+Qwen3.6-35B-A3B-UD-IQ3_XXS.gguf,deepseek2,,26,2,8192,512,none,f16,+,n/a,,pair,,,,,envelope card_after.used_mib (read at door return),2026-09-09,records/evidence/2026-09-09-live-srv2/serve-up.json,2026-09-09-live-srv2-serve-up-m2-both-up-991944,
wake_s_door,80.6,s,,,srv1,srv1@hosts.json-decl-2026-09-03,llamacpp,llamacpp:b10644-L3,deepseek-coder-v2-16b.gguf,deepseek2,,19,2,8192,512,mapped,f16,,n/a,,,,,,cold start,envelope units[].seconds (door up-after),2026-09-10,records/evidence/2026-09-10-live-srv1/serve-up-q1-deepseek-f16-2-up.json,2026-09-10-live-srv1-serve-up-q1-deepseek-f16-1-up/8080,door clock; for multi-unit envelopes only the largest figure is a wake (O8: the rest are 'after the previous')
card_after_door_mib,5446,MiB,,,srv1,srv1@hosts.json-decl-2026-09-03,llamacpp,llamacpp:b10644-L3,deepseek-coder-v2-16b.gguf,deepseek2,,19,2,8192,512,mapped,f16,,n/a,,,,,,,envelope card_after.used_mib (read at door return),2026-09-10,records/evidence/2026-09-10-live-srv1/serve-up-q1-deepseek-f16-2-up.json,2026-09-10-live-srv1-serve-up-q1-deepseek-f16-1-up,
wake_s_door,79.4,s,,,srv1,srv1@hosts.json-decl-2026-09-03,llamacpp,llamacpp:b10644-L3,deepseek-coder-v2-16b.gguf,deepseek2,,19,2,8192,512,mapped,f16,,n/a,,,,,,cold start,envelope units[].seconds (door up-after),2026-09-10,records/evidence/2026-09-10-live-srv1/serve-up-q1-deepseek-q8-1-up.json,2026-09-10-live-srv1-serve-up-q1-deepseek-f16-2-up/8080,door clock; for multi-unit envelopes only the largest figure is a wake (O8: the rest are 'after the previous')
card_after_door_mib,5446,MiB,,,srv1,srv1@hosts.json-decl-2026-09-03,llamacpp,llamacpp:b10644-L3,deepseek-coder-v2-16b.gguf,deepseek2,,19,2,8192,512,mapped,f16,,n/a,,,,,,,envelope card_after.used_mib (read at door return),2026-09-10,records/evidence/2026-09-10-live-srv1/serve-up-q1-deepseek-q8-1-up.json,2026-09-10-live-srv1-serve-up-q1-deepseek-f16-2-up,
wake_s_door,79.3,s,,,srv1,srv1@hosts.json-decl-2026-09-03,llamacpp,llamacpp:b10644-L3,deepseek-coder-v2-16b.gguf,deepseek2,,19,2,8192,512,mapped,q8_0,,n/a,,,,,,cold start,envelope units[].seconds (door up-after),2026-09-10,records/evidence/2026-09-10-live-srv1/serve-up-q1-deepseek-q8-2-up.json,2026-09-10-live-srv1-serve-up-q1-deepseek-q8-1-up/8080,door clock; for multi-unit envelopes only the largest figure is a wake (O8: the rest are 'after the previous')
card_after_door_mib,4432,MiB,,,srv1,srv1@hosts.json-decl-2026-09-03,llamacpp,llamacpp:b10644-L3,deepseek-coder-v2-16b.gguf,deepseek2,,19,2,8192,512,mapped,q8_0,,n/a,,,,,,,envelope card_after.used_mib (read at door return),2026-09-10,records/evidence/2026-09-10-live-srv1/serve-up-q1-deepseek-q8-2-up.json,2026-09-10-live-srv1-serve-up-q1-deepseek-q8-1-up,
wake_s_door,116.6,s,,,srv1,srv1@hosts.json-decl-2026-09-03,llamacpp,llamacpp:b10644-L3,gemma-4-26B-A4B-it-UD-IQ3_XXS.gguf,gemma4,UD-IQ3_XXS,22,2,8192,256,mapped,f16,,n/a,,,,,,cold start,envelope units[].seconds (door up-after),2026-09-10,records/evidence/2026-09-10-live-srv1/serve-up-q3-gemma-ub1024-1-up.json,2026-09-10-live-srv1-serve-up-q3-gemma-ub256-2-up/8080,door clock; for multi-unit envelopes only the largest figure is a wake (O8: the rest are 'after the previous')
card_after_door_mib,5412,MiB,,,srv1,srv1@hosts.json-decl-2026-09-03,llamacpp,llamacpp:b10644-L3,gemma-4-26B-A4B-it-UD-IQ3_XXS.gguf,gemma4,UD-IQ3_XXS,22,2,8192,256,mapped,f16,,n/a,,,,,,,envelope card_after.used_mib (read at door return),2026-09-10,records/evidence/2026-09-10-live-srv1/serve-up-q3-gemma-ub1024-1-up.json,2026-09-10-live-srv1-serve-up-q3-gemma-ub256-2-up,
wake_s_door,116.7,s,,,srv1,srv1@hosts.json-decl-2026-09-03,llamacpp,llamacpp:b10644-L3,gemma-4-26B-A4B-it-UD-IQ3_XXS.gguf,gemma4,UD-IQ3_XXS,22,2,8192,1024,mapped,f16,,n/a,,,,,,cold start,envelope units[].seconds (door up-after),2026-09-10,records/evidence/2026-09-10-live-srv1/serve-up-q3-gemma-ub1024-2-up.json,2026-09-10-live-srv1-serve-up-q3-gemma-ub1024-1-up/8080,door clock; for multi-unit envelopes only the largest figure is a wake (O8: the rest are 'after the previous')
card_after_door_mib,5546,MiB,,,srv1,srv1@hosts.json-decl-2026-09-03,llamacpp,llamacpp:b10644-L3,gemma-4-26B-A4B-it-UD-IQ3_XXS.gguf,gemma4,UD-IQ3_XXS,22,2,8192,1024,mapped,f16,,n/a,,,,,,,envelope card_after.used_mib (read at door return),2026-09-10,records/evidence/2026-09-10-live-srv1/serve-up-q3-gemma-ub1024-2-up.json,2026-09-10-live-srv1-serve-up-q3-gemma-ub1024-1-up,
wake_s_door,67.2,s,,,srv1,srv1@hosts.json-decl-2026-09-03,llamacpp,llamacpp:b10644-L3,Ling-3.0-tiny-Q4_K_M.gguf,bailingmoe3,Q4_K_M,0,2,8192,1024,mapped,f16,,n/a,,,,,,cold start,envelope units[].seconds (door up-after),2026-09-10,records/evidence/2026-09-10-live-srv1/serve-up-q3-gemma-ub256-1-up.json,2026-09-10-live-srv1-serve-up-q3-ling-ub1024-2-up/8080,door clock; for multi-unit envelopes only the largest figure is a wake (O8: the rest are 'after the previous')
card_after_door_mib,4808,MiB,,,srv1,srv1@hosts.json-decl-2026-09-03,llamacpp,llamacpp:b10644-L3,Ling-3.0-tiny-Q4_K_M.gguf,bailingmoe3,Q4_K_M,0,2,8192,1024,mapped,f16,,n/a,,,,,,,envelope card_after.used_mib (read at door return),2026-09-10,records/evidence/2026-09-10-live-srv1/serve-up-q3-gemma-ub256-1-up.json,2026-09-10-live-srv1-serve-up-q3-ling-ub1024-2-up,
wake_s_door,118.3,s,,,srv1,srv1@hosts.json-decl-2026-09-03,llamacpp,llamacpp:b10644-L3,gemma-4-26B-A4B-it-UD-IQ3_XXS.gguf,gemma4,UD-IQ3_XXS,22,2,8192,256,mapped,f16,,n/a,,,,,,cold start,envelope units[].seconds (door up-after),2026-09-10,records/evidence/2026-09-10-live-srv1/serve-up-q3-gemma-ub256-2-up.json,2026-09-10-live-srv1-serve-up-q3-gemma-ub256-1-up/8080,door clock; for multi-unit envelopes only the largest figure is a wake (O8: the rest are 'after the previous')
card_after_door_mib,5412,MiB,,,srv1,srv1@hosts.json-decl-2026-09-03,llamacpp,llamacpp:b10644-L3,gemma-4-26B-A4B-it-UD-IQ3_XXS.gguf,gemma4,UD-IQ3_XXS,22,2,8192,256,mapped,f16,,n/a,,,,,,,envelope card_after.used_mib (read at door return),2026-09-10,records/evidence/2026-09-10-live-srv1/serve-up-q3-gemma-ub256-2-up.json,2026-09-10-live-srv1-serve-up-q3-gemma-ub256-1-up,
wake_s_door,67.0,s,,,srv1,srv1@hosts.json-decl-2026-09-03,llamacpp,llamacpp:b10644-L3,Ling-3.0-tiny-Q4_K_M.gguf,bailingmoe3,Q4_K_M,0,2,8192,512,mapped,f16,,n/a,,,,,,cold start,envelope units[].seconds (door up-after),2026-09-10,records/evidence/2026-09-10-live-srv1/serve-up-q3-ling-ub1024-1-up.json,2026-09-10-live-srv1-serve-up-q3-ling-ub512-2-up/8080,door clock; for multi-unit envelopes only the largest figure is a wake (O8: the rest are 'after the previous')
card_after_door_mib,4808,MiB,,,srv1,srv1@hosts.json-decl-2026-09-03,llamacpp,llamacpp:b10644-L3,Ling-3.0-tiny-Q4_K_M.gguf,bailingmoe3,Q4_K_M,0,2,8192,512,mapped,f16,,n/a,,,,,,,envelope card_after.used_mib (read at door return),2026-09-10,records/evidence/2026-09-10-live-srv1/serve-up-q3-ling-ub1024-1-up.json,2026-09-10-live-srv1-serve-up-q3-ling-ub512-2-up,
wake_s_door,67.0,s,,,srv1,srv1@hosts.json-decl-2026-09-03,llamacpp,llamacpp:b10644-L3,Ling-3.0-tiny-Q4_K_M.gguf,bailingmoe3,Q4_K_M,0,2,8192,1024,mapped,f16,,n/a,,,,,,cold start,envelope units[].seconds (door up-after),2026-09-10,records/evidence/2026-09-10-live-srv1/serve-up-q3-ling-ub1024-2-up.json,2026-09-10-live-srv1-serve-up-q3-ling-ub1024-1-up/8080,door clock; for multi-unit envelopes only the largest figure is a wake (O8: the rest are 'after the previous')
card_after_door_mib,4808,MiB,,,srv1,srv1@hosts.json-decl-2026-09-03,llamacpp,llamacpp:b10644-L3,Ling-3.0-tiny-Q4_K_M.gguf,bailingmoe3,Q4_K_M,0,2,8192,1024,mapped,f16,,n/a,,,,,,,envelope card_after.used_mib (read at door return),2026-09-10,records/evidence/2026-09-10-live-srv1/serve-up-q3-ling-ub1024-2-up.json,2026-09-10-live-srv1-serve-up-q3-ling-ub1024-1-up,
wake_s_door,66.9,s,,,srv1,srv1@hosts.json-decl-2026-09-03,llamacpp,llamacpp:b10644-L3,Ling-3.0-tiny-Q4_K_M.gguf,bailingmoe3,Q4_K_M,0,2,8192,512,mapped,f16,,n/a,,,,,,cold start,envelope units[].seconds (door up-after),2026-09-10,records/evidence/2026-09-10-live-srv1/serve-up-q3-ling-ub256-1-up.json,2026-09-10-live-srv1-serve-up-q5-ling-2-up/8080,door clock; for multi-unit envelopes only the largest figure is a wake (O8: the rest are 'after the previous')
card_after_door_mib,4808,MiB,,,srv1,srv1@hosts.json-decl-2026-09-03,llamacpp,llamacpp:b10644-L3,Ling-3.0-tiny-Q4_K_M.gguf,bailingmoe3,Q4_K_M,0,2,8192,512,mapped,f16,,n/a,,,,,,,envelope card_after.used_mib (read at door return),2026-09-10,records/evidence/2026-09-10-live-srv1/serve-up-q3-ling-ub256-1-up.json,2026-09-10-live-srv1-serve-up-q5-ling-2-up,
wake_s_door,67.3,s,,,srv1,srv1@hosts.json-decl-2026-09-03,llamacpp,llamacpp:b10644-L3,Ling-3.0-tiny-Q4_K_M.gguf,bailingmoe3,Q4_K_M,0,2,8192,256,mapped,f16,,n/a,,,,,,cold start,envelope units[].seconds (door up-after),2026-09-10,records/evidence/2026-09-10-live-srv1/serve-up-q3-ling-ub256-2-up.json,2026-09-10-live-srv1-serve-up-q3-ling-ub256-1-up/8080,door clock; for multi-unit envelopes only the largest figure is a wake (O8: the rest are 'after the previous')
card_after_door_mib,4776,MiB,,,srv1,srv1@hosts.json-decl-2026-09-03,llamacpp,llamacpp:b10644-L3,Ling-3.0-tiny-Q4_K_M.gguf,bailingmoe3,Q4_K_M,0,2,8192,256,mapped,f16,,n/a,,,,,,,envelope card_after.used_mib (read at door return),2026-09-10,records/evidence/2026-09-10-live-srv1/serve-up-q3-ling-ub256-2-up.json,2026-09-10-live-srv1-serve-up-q3-ling-ub256-1-up,
wake_s_door,66.9,s,,,srv1,srv1@hosts.json-decl-2026-09-03,llamacpp,llamacpp:b10644-L3,Ling-3.0-tiny-Q4_K_M.gguf,bailingmoe3,Q4_K_M,0,2,8192,256,mapped,f16,,n/a,,,,,,cold start,envelope units[].seconds (door up-after),2026-09-10,records/evidence/2026-09-10-live-srv1/serve-up-q3-ling-ub512-1-up.json,2026-09-10-live-srv1-serve-up-q3-ling-ub256-2-up/8080,door clock; for multi-unit envelopes only the largest figure is a wake (O8: the rest are 'after the previous')
card_after_door_mib,4776,MiB,,,srv1,srv1@hosts.json-decl-2026-09-03,llamacpp,llamacpp:b10644-L3,Ling-3.0-tiny-Q4_K_M.gguf,bailingmoe3,Q4_K_M,0,2,8192,256,mapped,f16,,n/a,,,,,,,envelope card_after.used_mib (read at door return),2026-09-10,records/evidence/2026-09-10-live-srv1/serve-up-q3-ling-ub512-1-up.json,2026-09-10-live-srv1-serve-up-q3-ling-ub256-2-up,
wake_s_door,67.0,s,,,srv1,srv1@hosts.json-decl-2026-09-03,llamacpp,llamacpp:b10644-L3,Ling-3.0-tiny-Q4_K_M.gguf,bailingmoe3,Q4_K_M,0,2,8192,512,mapped,f16,,n/a,,,,,,cold start,envelope units[].seconds (door up-after),2026-09-10,records/evidence/2026-09-10-live-srv1/serve-up-q3-ling-ub512-2-up.json,2026-09-10-live-srv1-serve-up-q3-ling-ub512-1-up/8080,door clock; for multi-unit envelopes only the largest figure is a wake (O8: the rest are 'after the previous')
card_after_door_mib,4808,MiB,,,srv1,srv1@hosts.json-decl-2026-09-03,llamacpp,llamacpp:b10644-L3,Ling-3.0-tiny-Q4_K_M.gguf,bailingmoe3,Q4_K_M,0,2,8192,512,mapped,f16,,n/a,,,,,,,envelope card_after.used_mib (read at door return),2026-09-10,records/evidence/2026-09-10-live-srv1/serve-up-q3-ling-ub512-2-up.json,2026-09-10-live-srv1-serve-up-q3-ling-ub512-1-up,
wake_s_door,79.5,s,,,srv1,srv1@hosts.json-decl-2026-09-03,llamacpp,llamacpp:b10644-L3,deepseek-coder-v2-16b.gguf,deepseek2,,19,2,8192,512,mapped,q8_0,,n/a,,,,,,cold start,envelope units[].seconds (door up-after),2026-09-10,records/evidence/2026-09-10-live-srv1/serve-up-q5-ling-1-up.json,2026-09-10-live-srv1-serve-up-q1-deepseek-q8-2-up/8080,door clock; for multi-unit envelopes only the largest figure is a wake (O8: the rest are 'after the previous')
card_after_door_mib,4432,MiB,,,srv1,srv1@hosts.json-decl-2026-09-03,llamacpp,llamacpp:b10644-L3,deepseek-coder-v2-16b.gguf,deepseek2,,19,2,8192,512,mapped,q8_0,,n/a,,,,,,,envelope card_after.used_mib (read at door return),2026-09-10,records/evidence/2026-09-10-live-srv1/serve-up-q5-ling-1-up.json,2026-09-10-live-srv1-serve-up-q1-deepseek-q8-2-up,
wake_s_door,63.6,s,,,srv1,srv1@hosts.json-decl-2026-09-03,llamacpp,llamacpp:b10644-L3,Ling-3.0-tiny-Q4_K_M.gguf,bailingmoe3,Q4_K_M,0,2,8192,512,mapped,f16,,n/a,,,,,,cold start,envelope units[].seconds (door up-after),2026-09-10,records/evidence/2026-09-10-live-srv1/serve-up-q5-ling-2-up.json,2026-09-10-live-srv1-serve-up-q5-ling-1-up/8080,door clock; for multi-unit envelopes only the largest figure is a wake (O8: the rest are 'after the previous')
card_after_door_mib,4808,MiB,,,srv1,srv1@hosts.json-decl-2026-09-03,llamacpp,llamacpp:b10644-L3,Ling-3.0-tiny-Q4_K_M.gguf,bailingmoe3,Q4_K_M,0,2,8192,512,mapped,f16,,n/a,,,,,,,envelope card_after.used_mib (read at door return),2026-09-10,records/evidence/2026-09-10-live-srv1/serve-up-q5-ling-2-up.json,2026-09-10-live-srv1-serve-up-q5-ling-1-up,
wake_s_door,79.6,s,,,srv1,srv1@hosts.json-decl-2026-09-03,llamacpp,llamacpp:b10644-L3,Ling-3.0-tiny-Q6_K.gguf,bailingmoe3,Q6_K,21,2,8192,512,none,f16,,n/a,,,,,,cold start,envelope units[].seconds (door up-after),2026-09-10,records/evidence/2026-09-10-live-srv1/serve-up-q7-both-1-up-23186.json,2026-09-10-live-srv1-serve-up-q7-ling-q6k-alone-up-23037/8081,door clock; for multi-unit envelopes only the largest figure is a wake (O8: the rest are 'after the previous')
card_after_door_mib,1854,MiB,,,srv1,srv1@hosts.json-decl-2026-09-03,llamacpp,llamacpp:b10644-L3,Ling-3.0-tiny-Q6_K.gguf,bailingmoe3,Q6_K,21,2,8192,512,none,f16,,n/a,,,,,,,envelope card_after.used_mib (read at door return),2026-09-10,records/evidence/2026-09-10-live-srv1/serve-up-q7-both-1-up-23186.json,2026-09-10-live-srv1-serve-up-q7-ling-q6k-alone-up-23037,
wake_s_door,134.2,s,,,srv1,srv1@hosts.json-decl-2026-09-03,llamacpp,llamacpp:b10644-L3,Ling-3.0-tiny-Q6_K.gguf,bailingmoe3,Q6_K,21,2,8192,512,none,f16,,n/a,,Ling-3.0-tiny-Q6_K.gguf+gemma-4-26B-A4B-it-UD-IQ3_XXS.gguf,,,,cold start,envelope units[].seconds (door up-after),2026-09-10,records/evidence/2026-09-10-live-srv1/serve-up-q7-both-2-up-23564.json,2026-09-10-live-srv1-serve-up-q7-both-1-up-23186/8081,door clock; for multi-unit envelopes only the largest figure is a wake (O8: the rest are 'after the previous')
wake_s_door_increment,43.4,s,,,srv1,srv1@hosts.json-decl-2026-09-03,llamacpp,llamacpp:b10644-L3,gemma-4-26B-A4B-it-UD-IQ3_XXS.gguf,gemma4,UD-IQ3_XXS,28,2,8192,512,none,f16,,n/a,,Ling-3.0-tiny-Q6_K.gguf+gemma-4-26B-A4B-it-UD-IQ3_XXS.gguf,,,,,envelope units[].seconds (O8 increment),2026-09-10,records/evidence/2026-09-10-live-srv1/serve-up-q7-both-2-up-23564.json,2026-09-10-live-srv1-serve-up-q7-both-1-up-23186/8080,door clock; for multi-unit envelopes only the largest figure is a wake (O8: the rest are 'after the previous')
card_after_door_mib,5648,MiB,,,srv1,srv1@hosts.json-decl-2026-09-03,llamacpp,llamacpp:b10644-L3,Ling-3.0-tiny-Q6_K.gguf+gemma-4-26B-A4B-it-UD-IQ3_XXS.gguf,bailingmoe3,Q6_K,21,2,8192,512,none,f16,+,n/a,,pair,,,,,envelope card_after.used_mib (read at door return),2026-09-10,records/evidence/2026-09-10-live-srv1/serve-up-q7-both-2-up-23564.json,2026-09-10-live-srv1-serve-up-q7-both-1-up-23186,
wake_s_door,122.2,s,,,srv1,srv1@hosts.json-decl-2026-09-03,llamacpp,llamacpp:b10644-L3,gemma-4-26B-A4B-it-UD-IQ3_XXS.gguf,gemma4,UD-IQ3_XXS,28,2,8192,512,none,f16,,n/a,,,,,,cold start,envelope units[].seconds (door up-after),2026-09-10,records/evidence/2026-09-10-live-srv1/serve-up-q7-ling-q6k-alone-up-23037.json,2026-09-10-live-srv1-serve-up-q7-gemma-alone-up-22690/8080,door clock; for multi-unit envelopes only the largest figure is a wake (O8: the rest are 'after the previous')
card_after_door_mib,3814,MiB,,,srv1,srv1@hosts.json-decl-2026-09-03,llamacpp,llamacpp:b10644-L3,gemma-4-26B-A4B-it-UD-IQ3_XXS.gguf,gemma4,UD-IQ3_XXS,28,2,8192,512,none,f16,,n/a,,,,,,,envelope card_after.used_mib (read at door return),2026-09-10,records/evidence/2026-09-10-live-srv1/serve-up-q7-ling-q6k-alone-up-23037.json,2026-09-10-live-srv1-serve-up-q7-gemma-alone-up-22690,
wake_s_door,103.3,s,,,srv1,srv1@hosts.json-decl-2026-09-03,vllm,vllm/vllm-openai@ffb2d59b1c05,Qwen2.5-Coder-3B-Instruct-AWQ,,AWQ,,8,4096,,n/a,auto,0.60,no,,,,,,cold start,envelope units[].seconds (door up-after),2026-09-10,records/evidence/2026-09-10-live-srv1/serve-up-q8b-clock-1-aside.json,2026-09-10-live-srv1-serve-up-q9c-vllm-3b-srv1-2-up/8001,door clock; for multi-unit envelopes only the largest figure is a wake (O8: the rest are 'after the previous')
card_after_door_mib,3112,MiB,,,srv1,srv1@hosts.json-decl-2026-09-03,vllm,vllm/vllm-openai@ffb2d59b1c05,Qwen2.5-Coder-3B-Instruct-AWQ,,AWQ,,8,4096,,n/a,auto,0.60,no,,,,,,,envelope card_after.used_mib (read at door return),2026-09-10,records/evidence/2026-09-10-live-srv1/serve-up-q8b-clock-1-aside.json,2026-09-10-live-srv1-serve-up-q9c-vllm-3b-srv1-2-up,
wake_s_door,134.8,s,,,srv1,srv1@hosts.json-decl-2026-09-03,llamacpp,llamacpp:b10644-L3,Qwen3.6-35B-A3B-UD-IQ3_XXS.gguf,qwen35moe,UD-IQ3_XXS,30,2,16384,512,mapped,f16,,n/a,,,,,,cold start,envelope units[].seconds (door up-after),2026-09-10,records/evidence/2026-09-10-live-srv1/serve-up-q8b-clock-1.json,2026-09-10-live-srv1-serve-up-wake-4040812-681782/8080,door clock; for multi-unit envelopes only the largest figure is a wake (O8: the rest are 'after the previous')
card_after_door_mib,5110,MiB,,,srv1,srv1@hosts.json-decl-2026-09-03,llamacpp,llamacpp:b10644-L3,Qwen3.6-35B-A3B-UD-IQ3_XXS.gguf,qwen35moe,UD-IQ3_XXS,30,2,16384,512,mapped,f16,,n/a,,,,,,,envelope card_after.used_mib (read at door return),2026-09-10,records/evidence/2026-09-10-live-srv1/serve-up-q8b-clock-1.json,2026-09-10-live-srv1-serve-up-wake-4040812-681782,
wake_s_door,133.9,s,,,srv1,srv1@hosts.json-decl-2026-09-03,llamacpp,llamacpp:b10644-L3,Qwen3.6-35B-A3B-UD-IQ3_XXS.gguf,qwen35moe,UD-IQ3_XXS,30,2,16384,512,mapped,f16,,n/a,,,,,,cold start,envelope units[].seconds (door up-after),2026-09-10,records/evidence/2026-09-10-live-srv1/serve-up-q8c-clock-1.json,2026-09-10-live-srv1-serve-up-wake-4067973-980910/8080,door clock; for multi-unit envelopes only the largest figure is a wake (O8: the rest are 'after the previous')
card_after_door_mib,5110,MiB,,,srv1,srv1@hosts.json-decl-2026-09-03,llamacpp,llamacpp:b10644-L3,Qwen3.6-35B-A3B-UD-IQ3_XXS.gguf,qwen35moe,UD-IQ3_XXS,30,2,16384,512,mapped,f16,,n/a,,,,,,,envelope card_after.used_mib (read at door return),2026-09-10,records/evidence/2026-09-10-live-srv1/serve-up-q8c-clock-1.json,2026-09-10-live-srv1-serve-up-wake-4067973-980910,
wake_s_door,133.5,s,,,srv1,srv1@hosts.json-decl-2026-09-03,llamacpp,llamacpp:b10644-L3,Qwen3.6-35B-A3B-UD-IQ3_XXS.gguf,qwen35moe,UD-IQ3_XXS,30,2,16384,512,mapped,f16,,n/a,,,,,,cold start,envelope units[].seconds (door up-after),2026-09-10,records/evidence/2026-09-10-live-srv1/serve-up-q8c-clock-2.json,2026-09-10-live-srv1-serve-up-wake-4072423-215747/8080,door clock; for multi-unit envelopes only the largest figure is a wake (O8: the rest are 'after the previous')
card_after_door_mib,5110,MiB,,,srv1,srv1@hosts.json-decl-2026-09-03,llamacpp,llamacpp:b10644-L3,Qwen3.6-35B-A3B-UD-IQ3_XXS.gguf,qwen35moe,UD-IQ3_XXS,30,2,16384,512,mapped,f16,,n/a,,,,,,,envelope card_after.used_mib (read at door return),2026-09-10,records/evidence/2026-09-10-live-srv1/serve-up-q8c-clock-2.json,2026-09-10-live-srv1-serve-up-wake-4072423-215747,
wake_s_door,102.7,s,,,srv1,srv1@hosts.json-decl-2026-09-03,vllm,vllm/vllm-openai@ffb2d59b1c05,Qwen2.5-Coder-3B-Instruct-AWQ,,AWQ,,8,4096,,n/a,auto,0.60,no,,,,,,cold start,envelope units[].seconds (door up-after),2026-09-10,records/evidence/2026-09-10-live-srv1/serve-up-q9c-vllm-3b-srv1-1-up.json,2026-09-10-live-srv1-serve-up-q9b-vllm-3b-srv1-1-up/8001,door clock; for multi-unit envelopes only the largest figure is a wake (O8: the rest are 'after the previous')
card_after_door_mib,3112,MiB,,,srv1,srv1@hosts.json-decl-2026-09-03,vllm,vllm/vllm-openai@ffb2d59b1c05,Qwen2.5-Coder-3B-Instruct-AWQ,,AWQ,,8,4096,,n/a,auto,0.60,no,,,,,,,envelope card_after.used_mib (read at door return),2026-09-10,records/evidence/2026-09-10-live-srv1/serve-up-q9c-vllm-3b-srv1-1-up.json,2026-09-10-live-srv1-serve-up-q9b-vllm-3b-srv1-1-up,
wake_s_door,103.4,s,,,srv1,srv1@hosts.json-decl-2026-09-03,vllm,vllm/vllm-openai@ffb2d59b1c05,Qwen2.5-Coder-3B-Instruct-AWQ,,AWQ,,8,4096,,n/a,auto,0.60,no,,,,,,cold start,envelope units[].seconds (door up-after),2026-09-10,records/evidence/2026-09-10-live-srv1/serve-up-q9c-vllm-3b-srv1-2-up.json,2026-09-10-live-srv1-serve-up-q9c-vllm-3b-srv1-1-up/8001,door clock; for multi-unit envelopes only the largest figure is a wake (O8: the rest are 'after the previous')
card_after_door_mib,3112,MiB,,,srv1,srv1@hosts.json-decl-2026-09-03,vllm,vllm/vllm-openai@ffb2d59b1c05,Qwen2.5-Coder-3B-Instruct-AWQ,,AWQ,,8,4096,,n/a,auto,0.60,no,,,,,,,envelope card_after.used_mib (read at door return),2026-09-10,records/evidence/2026-09-10-live-srv1/serve-up-q9c-vllm-3b-srv1-2-up.json,2026-09-10-live-srv1-serve-up-q9c-vllm-3b-srv1-1-up,
wake_s_door,116.4,s,,,srv1,srv1@hosts.json-decl-2026-09-03,llamacpp,llamacpp:b10644-L3,gemma-4-26B-A4B-it-UD-IQ3_XXS.gguf,gemma4,UD-IQ3_XXS,22,2,8192,1024,mapped,f16,,n/a,,,,,,cold start,envelope units[].seconds (door up-after),2026-09-10,records/evidence/2026-09-10-live-srv1/serve-up.json,2026-09-10-live-srv1-serve-up-q3-gemma-ub1024-2-up/8080,door clock; for multi-unit envelopes only the largest figure is a wake (O8: the rest are 'after the previous')
card_after_door_mib,5546,MiB,,,srv1,srv1@hosts.json-decl-2026-09-03,llamacpp,llamacpp:b10644-L3,gemma-4-26B-A4B-it-UD-IQ3_XXS.gguf,gemma4,UD-IQ3_XXS,22,2,8192,1024,mapped,f16,,n/a,,,,,,,envelope card_after.used_mib (read at door return),2026-09-10,records/evidence/2026-09-10-live-srv1/serve-up.json,2026-09-10-live-srv1-serve-up-q3-gemma-ub1024-2-up,
wake_s_door,133.1,s,,,srv2,srv2@hosts.json-decl-2026-09-03,vllm,vllm/vllm-openai@ffb2d59b1c05,Qwen2.5-Coder-3B-Instruct-AWQ,,AWQ,,8,4096,,n/a,auto,0.26,yes,service_started,Qwen2.5-Coder-3B-Instruct-AWQ+Qwen2.5-Coder-7B-Instruct-AWQ,,,,cold start,envelope units[].seconds (door up-after),2026-09-10,records/evidence/2026-09-10-live-srv2/serve-up-q15c-sleepmode-2-up.json,2026-09-10-live-srv2-serve-up-q15c-sleepmode-1-up/8001,door clock; for multi-unit envelopes only the largest figure is a wake (O8: the rest are 'after the previous')
wake_s_door_increment,2.2,s,,,srv2,srv2@hosts.json-decl-2026-09-03,vllm,vllm/vllm-openai@ffb2d59b1c05,Qwen2.5-Coder-7B-Instruct-AWQ,,AWQ,,8,4096,,n/a,auto,0.72,yes,,Qwen2.5-Coder-3B-Instruct-AWQ+Qwen2.5-Coder-7B-Instruct-AWQ,,,,,envelope units[].seconds (O8 increment),2026-09-10,records/evidence/2026-09-10-live-srv2/serve-up-q15c-sleepmode-2-up.json,2026-09-10-live-srv2-serve-up-q15c-sleepmode-1-up/8002,door clock; for multi-unit envelopes only the largest figure is a wake (O8: the rest are 'after the previous')
card_after_door_mib,11257,MiB,,,srv2,srv2@hosts.json-decl-2026-09-03,vllm,vllm/vllm-openai@ffb2d59b1c05,Qwen2.5-Coder-3B-Instruct-AWQ+Qwen2.5-Coder-7B-Instruct-AWQ,,AWQ,,8,4096,,n/a,auto,0.26+0.72,yes,service_started,pair,,,,,envelope card_after.used_mib (read at door return),2026-09-10,records/evidence/2026-09-10-live-srv2/serve-up-q15c-sleepmode-2-up.json,2026-09-10-live-srv2-serve-up-q15c-sleepmode-1-up,
wake_s_door,134.2,s,,,srv2,srv2@hosts.json-decl-2026-09-03,vllm,vllm/vllm-openai@ffb2d59b1c05,Qwen2.5-Coder-3B-Instruct-AWQ,,AWQ,,8,4096,,n/a,auto,0.26,yes,service_started,Qwen2.5-Coder-3B-Instruct-AWQ+Qwen2.5-Coder-7B-Instruct-AWQ,,,,cold start,envelope units[].seconds (door up-after),2026-09-10,records/evidence/2026-09-10-live-srv2/serve-up-q15c-sleepmode-3-up.json,2026-09-10-live-srv2-serve-up-q15c-sleepmode-2-up/8001,door clock; for multi-unit envelopes only the largest figure is a wake (O8: the rest are 'after the previous')
wake_s_door_increment,2.0,s,,,srv2,srv2@hosts.json-decl-2026-09-03,vllm,vllm/vllm-openai@ffb2d59b1c05,Qwen2.5-Coder-7B-Instruct-AWQ,,AWQ,,8,4096,,n/a,auto,0.72,yes,,Qwen2.5-Coder-3B-Instruct-AWQ+Qwen2.5-Coder-7B-Instruct-AWQ,,,,,envelope units[].seconds (O8 increment),2026-09-10,records/evidence/2026-09-10-live-srv2/serve-up-q15c-sleepmode-3-up.json,2026-09-10-live-srv2-serve-up-q15c-sleepmode-2-up/8002,door clock; for multi-unit envelopes only the largest figure is a wake (O8: the rest are 'after the previous')
card_after_door_mib,10753,MiB,,,srv2,srv2@hosts.json-decl-2026-09-03,vllm,vllm/vllm-openai@ffb2d59b1c05,Qwen2.5-Coder-3B-Instruct-AWQ+Qwen2.5-Coder-7B-Instruct-AWQ,,AWQ,,8,4096,,n/a,auto,0.26+0.72,yes,service_started,pair,,,,,envelope card_after.used_mib (read at door return),2026-09-10,records/evidence/2026-09-10-live-srv2/serve-up-q15c-sleepmode-3-up.json,2026-09-10-live-srv2-serve-up-q15c-sleepmode-2-up,
wake_s_door,134.3,s,,,srv2,srv2@hosts.json-decl-2026-09-03,vllm,vllm/vllm-openai@ffb2d59b1c05,Qwen2.5-Coder-3B-Instruct-AWQ,,AWQ,,8,4096,,n/a,auto,0.26,yes,service_started,Qwen2.5-Coder-3B-Instruct-AWQ+Qwen2.5-Coder-7B-Instruct-AWQ,,,,cold start,envelope units[].seconds (door up-after),2026-09-10,records/evidence/2026-09-10-live-srv2/serve-up-q15c-sleepmode-4-up.json,2026-09-10-live-srv2-serve-up-q15c-sleepmode-3-up/8001,door clock; for multi-unit envelopes only the largest figure is a wake (O8: the rest are 'after the previous')
wake_s_door_increment,2.1,s,,,srv2,srv2@hosts.json-decl-2026-09-03,vllm,vllm/vllm-openai@ffb2d59b1c05,Qwen2.5-Coder-7B-Instruct-AWQ,,AWQ,,8,4096,,n/a,auto,0.72,yes,,Qwen2.5-Coder-3B-Instruct-AWQ+Qwen2.5-Coder-7B-Instruct-AWQ,,,,,envelope units[].seconds (O8 increment),2026-09-10,records/evidence/2026-09-10-live-srv2/serve-up-q15c-sleepmode-4-up.json,2026-09-10-live-srv2-serve-up-q15c-sleepmode-3-up/8002,door clock; for multi-unit envelopes only the largest figure is a wake (O8: the rest are 'after the previous')
card_after_door_mib,10641,MiB,,,srv2,srv2@hosts.json-decl-2026-09-03,vllm,vllm/vllm-openai@ffb2d59b1c05,Qwen2.5-Coder-3B-Instruct-AWQ+Qwen2.5-Coder-7B-Instruct-AWQ,,AWQ,,8,4096,,n/a,auto,0.26+0.72,yes,service_started,pair,,,,,envelope card_after.used_mib (read at door return),2026-09-10,records/evidence/2026-09-10-live-srv2/serve-up-q15c-sleepmode-4-up.json,2026-09-10-live-srv2-serve-up-q15c-sleepmode-3-up,
wake_s_door,133.2,s,,,srv2,srv2@hosts.json-decl-2026-09-03,vllm,vllm/vllm-openai@ffb2d59b1c05,Qwen2.5-Coder-3B-Instruct-AWQ,,AWQ,,8,4096,,n/a,auto,0.26,yes,service_started,Qwen2.5-Coder-3B-Instruct-AWQ+Qwen2.5-Coder-7B-Instruct-AWQ,,,,cold start,envelope units[].seconds (door up-after),2026-09-10,records/evidence/2026-09-10-live-srv2/serve-up-q16b-80b-with-3b-awake-7b-asleep-1-pair.json,2026-09-10-live-srv2-serve-up-q15c-sleepmode-4-up/8001,door clock; for multi-unit envelopes only the largest figure is a wake (O8: the rest are 'after the previous')
wake_s_door_increment,2.2,s,,,srv2,srv2@hosts.json-decl-2026-09-03,vllm,vllm/vllm-openai@ffb2d59b1c05,Qwen2.5-Coder-7B-Instruct-AWQ,,AWQ,,8,4096,,n/a,auto,0.72,yes,,Qwen2.5-Coder-3B-Instruct-AWQ+Qwen2.5-Coder-7B-Instruct-AWQ,,,,,envelope units[].seconds (O8 increment),2026-09-10,records/evidence/2026-09-10-live-srv2/serve-up-q16b-80b-with-3b-awake-7b-asleep-1-pair.json,2026-09-10-live-srv2-serve-up-q15c-sleepmode-4-up/8002,door clock; for multi-unit envelopes only the largest figure is a wake (O8: the rest are 'after the previous')
card_after_door_mib,11369,MiB,,,srv2,srv2@hosts.json-decl-2026-09-03,vllm,vllm/vllm-openai@ffb2d59b1c05,Qwen2.5-Coder-3B-Instruct-AWQ+Qwen2.5-Coder-7B-Instruct-AWQ,,AWQ,,8,4096,,n/a,auto,0.26+0.72,yes,service_started,pair,,,,,envelope card_after.used_mib (read at door return),2026-09-10,records/evidence/2026-09-10-live-srv2/serve-up-q16b-80b-with-3b-awake-7b-asleep-1-pair.json,2026-09-10-live-srv2-serve-up-q15c-sleepmode-4-up,
wake_s_door,132.9,s,,,srv2,srv2@hosts.json-decl-2026-09-03,vllm,vllm/vllm-openai@ffb2d59b1c05,Qwen2.5-Coder-3B-Instruct-AWQ,,AWQ,,8,4096,,n/a,auto,0.26,yes,service_started,Qwen2.5-Coder-3B-Instruct-AWQ+Qwen2.5-Coder-7B-Instruct-AWQ,,,,cold start,envelope units[].seconds (door up-after),2026-09-10,records/evidence/2026-09-10-live-srv2/serve-up-q16b-80b-with-3b-awake-7b-asleep-2-pair.json,2026-09-10-live-srv2-serve-up-q16b-80b-with-3b-awake-7b-asleep-1-pair/8001,door clock; for multi-unit envelopes only the largest figure is a wake (O8: the rest are 'after the previous')
wake_s_door_increment,2.0,s,,,srv2,srv2@hosts.json-decl-2026-09-03,vllm,vllm/vllm-openai@ffb2d59b1c05,Qwen2.5-Coder-7B-Instruct-AWQ,,AWQ,,8,4096,,n/a,auto,0.72,yes,,Qwen2.5-Coder-3B-Instruct-AWQ+Qwen2.5-Coder-7B-Instruct-AWQ,,,,,envelope units[].seconds (O8 increment),2026-09-10,records/evidence/2026-09-10-live-srv2/serve-up-q16b-80b-with-3b-awake-7b-asleep-2-pair.json,2026-09-10-live-srv2-serve-up-q16b-80b-with-3b-awake-7b-asleep-1-pair/8002,door clock; for multi-unit envelopes only the largest figure is a wake (O8: the rest are 'after the previous')
card_after_door_mib,11369,MiB,,,srv2,srv2@hosts.json-decl-2026-09-03,vllm,vllm/vllm-openai@ffb2d59b1c05,Qwen2.5-Coder-3B-Instruct-AWQ+Qwen2.5-Coder-7B-Instruct-AWQ,,AWQ,,8,4096,,n/a,auto,0.26+0.72,yes,service_started,pair,,,,,envelope card_after.used_mib (read at door return),2026-09-10,records/evidence/2026-09-10-live-srv2/serve-up-q16b-80b-with-3b-awake-7b-asleep-2-pair.json,2026-09-10-live-srv2-serve-up-q16b-80b-with-3b-awake-7b-asleep-1-pair,
wake_s_door,133.5,s,,,srv2,srv2@hosts.json-decl-2026-09-03,vllm,vllm/vllm-openai@ffb2d59b1c05,Qwen2.5-Coder-3B-Instruct-AWQ,,AWQ,,8,4096,,n/a,auto,0.26,yes,service_started,Qwen2.5-Coder-3B-Instruct-AWQ+Qwen2.5-Coder-7B-Instruct-AWQ,,,,cold start,envelope units[].seconds (door up-after),2026-09-10,records/evidence/2026-09-10-live-srv2/serve-up-q16b-80b-with-7b-awake-3b-asleep-1-pair.json,2026-09-10-live-srv2-serve-up-q16b-80b-with-3b-awake-7b-asleep-2-pair/8001,door clock; for multi-unit envelopes only the largest figure is a wake (O8: the rest are 'after the previous')
wake_s_door_increment,2.1,s,,,srv2,srv2@hosts.json-decl-2026-09-03,vllm,vllm/vllm-openai@ffb2d59b1c05,Qwen2.5-Coder-7B-Instruct-AWQ,,AWQ,,8,4096,,n/a,auto,0.72,yes,,Qwen2.5-Coder-3B-Instruct-AWQ+Qwen2.5-Coder-7B-Instruct-AWQ,,,,,envelope units[].seconds (O8 increment),2026-09-10,records/evidence/2026-09-10-live-srv2/serve-up-q16b-80b-with-7b-awake-3b-asleep-1-pair.json,2026-09-10-live-srv2-serve-up-q16b-80b-with-3b-awake-7b-asleep-2-pair/8002,door clock; for multi-unit envelopes only the largest figure is a wake (O8: the rest are 'after the previous')
card_after_door_mib,11369,MiB,,,srv2,srv2@hosts.json-decl-2026-09-03,vllm,vllm/vllm-openai@ffb2d59b1c05,Qwen2.5-Coder-3B-Instruct-AWQ+Qwen2.5-Coder-7B-Instruct-AWQ,,AWQ,,8,4096,,n/a,auto,0.26+0.72,yes,service_started,pair,,,,,envelope card_after.used_mib (read at door return),2026-09-10,records/evidence/2026-09-10-live-srv2/serve-up-q16b-80b-with-7b-awake-3b-asleep-1-pair.json,2026-09-10-live-srv2-serve-up-q16b-80b-with-3b-awake-7b-asleep-2-pair,
wake_s_door,133.6,s,,,srv2,srv2@hosts.json-decl-2026-09-03,vllm,vllm/vllm-openai@ffb2d59b1c05,Qwen2.5-Coder-3B-Instruct-AWQ,,AWQ,,8,4096,,n/a,auto,0.26,yes,service_started,Qwen2.5-Coder-3B-Instruct-AWQ+Qwen2.5-Coder-7B-Instruct-AWQ,,,,cold start,envelope units[].seconds (door up-after),2026-09-10,records/evidence/2026-09-10-live-srv2/serve-up-q16b-80b-with-7b-awake-3b-asleep-2-pair.json,2026-09-10-live-srv2-serve-up-q16b-80b-with-7b-awake-3b-asleep-1-pair/8001,door clock; for multi-unit envelopes only the largest figure is a wake (O8: the rest are 'after the previous')
wake_s_door_increment,2.0,s,,,srv2,srv2@hosts.json-decl-2026-09-03,vllm,vllm/vllm-openai@ffb2d59b1c05,Qwen2.5-Coder-7B-Instruct-AWQ,,AWQ,,8,4096,,n/a,auto,0.72,yes,,Qwen2.5-Coder-3B-Instruct-AWQ+Qwen2.5-Coder-7B-Instruct-AWQ,,,,,envelope units[].seconds (O8 increment),2026-09-10,records/evidence/2026-09-10-live-srv2/serve-up-q16b-80b-with-7b-awake-3b-asleep-2-pair.json,2026-09-10-live-srv2-serve-up-q16b-80b-with-7b-awake-3b-asleep-1-pair/8002,door clock; for multi-unit envelopes only the largest figure is a wake (O8: the rest are 'after the previous')
card_after_door_mib,11369,MiB,,,srv2,srv2@hosts.json-decl-2026-09-03,vllm,vllm/vllm-openai@ffb2d59b1c05,Qwen2.5-Coder-3B-Instruct-AWQ+Qwen2.5-Coder-7B-Instruct-AWQ,,AWQ,,8,4096,,n/a,auto,0.26+0.72,yes,service_started,pair,,,,,envelope card_after.used_mib (read at door return),2026-09-10,records/evidence/2026-09-10-live-srv2/serve-up-q16b-80b-with-7b-awake-3b-asleep-2-pair.json,2026-09-10-live-srv2-serve-up-q16b-80b-with-7b-awake-3b-asleep-1-pair,
wake_s_door,97.1,s,,,srv2,srv2@hosts.json-decl-2026-09-03,llamacpp,llamacpp:b10644-L3,Qwen3-Next-80B-A3B-Instruct-Q3_K_M.gguf,qwen3next,Q3_K_M,35,2,8192,1024,mapped,f16,,n/a,,,,,,cold start,envelope units[].seconds (door up-after),2026-09-10,records/evidence/2026-09-10-live-srv2/serve-up-q2-q34b-fp16-1-up.json,2026-09-10-live-srv2-serve-up-q3-80b-ub1024-2-up/8003,door clock; for multi-unit envelopes only the largest figure is a wake (O8: the rest are 'after the previous')
card_after_door_mib,11893,MiB,,,srv2,srv2@hosts.json-decl-2026-09-03,llamacpp,llamacpp:b10644-L3,Qwen3-Next-80B-A3B-Instruct-Q3_K_M.gguf,qwen3next,Q3_K_M,35,2,8192,1024,mapped,f16,,n/a,,,,,,,envelope card_after.used_mib (read at door return),2026-09-10,records/evidence/2026-09-10-live-srv2/serve-up-q2-q34b-fp16-1-up.json,2026-09-10-live-srv2-serve-up-q3-80b-ub1024-2-up,
wake_s_door,104.6,s,,,srv2,srv2@hosts.json-decl-2026-09-03,vllm,vllm/vllm-openai@ffb2d59b1c05,Qwen3-4B-AWQ,,AWQ,,128,2048,,n/a,auto,0.90,no,,,,,,cold start,envelope units[].seconds (door up-after),2026-09-10,records/evidence/2026-09-10-live-srv2/serve-up-q2-q34b-fp16-2-up.json,2026-09-10-live-srv2-serve-up-q2-q34b-fp16-1-up/8001,door clock; for multi-unit envelopes only the largest figure is a wake (O8: the rest are 'after the previous')
card_after_door_mib,10943,MiB,,,srv2,srv2@hosts.json-decl-2026-09-03,vllm,vllm/vllm-openai@ffb2d59b1c05,Qwen3-4B-AWQ,,AWQ,,128,2048,,n/a,auto,0.90,no,,,,,,,envelope card_after.used_mib (read at door return),2026-09-10,records/evidence/2026-09-10-live-srv2/serve-up-q2-q34b-fp16-2-up.json,2026-09-10-live-srv2-serve-up-q2-q34b-fp16-1-up,
wake_s_door,104.8,s,,,srv2,srv2@hosts.json-decl-2026-09-03,vllm,vllm/vllm-openai@ffb2d59b1c05,Qwen3-4B-AWQ,,AWQ,,128,2048,,n/a,auto,0.90,no,,,,,,cold start,envelope units[].seconds (door up-after),2026-09-10,records/evidence/2026-09-10-live-srv2/serve-up-q2-q34b-fp8-1-up.json,2026-09-10-live-srv2-serve-up-q2-q34b-fp16-2-up/8001,door clock; for multi-unit envelopes only the largest figure is a wake (O8: the rest are 'after the previous')
card_after_door_mib,10943,MiB,,,srv2,srv2@hosts.json-decl-2026-09-03,vllm,vllm/vllm-openai@ffb2d59b1c05,Qwen3-4B-AWQ,,AWQ,,128,2048,,n/a,auto,0.90,no,,,,,,,envelope card_after.used_mib (read at door return),2026-09-10,records/evidence/2026-09-10-live-srv2/serve-up-q2-q34b-fp8-1-up.json,2026-09-10-live-srv2-serve-up-q2-q34b-fp16-2-up,
wake_s_door,104.2,s,,,srv2,srv2@hosts.json-decl-2026-09-03,vllm,vllm/vllm-openai@ffb2d59b1c05,Qwen3-4B-AWQ,,AWQ,,128,2048,,n/a,fp8,0.90,no,,,,,,cold start,envelope units[].seconds (door up-after),2026-09-10,records/evidence/2026-09-10-live-srv2/serve-up-q2-q34b-fp8-2-up.json,2026-09-10-live-srv2-serve-up-q2-q34b-fp8-1-up/8001,door clock; for multi-unit envelopes only the largest figure is a wake (O8: the rest are 'after the previous')
card_after_door_mib,11503,MiB,,,srv2,srv2@hosts.json-decl-2026-09-03,vllm,vllm/vllm-openai@ffb2d59b1c05,Qwen3-4B-AWQ,,AWQ,,128,2048,,n/a,fp8,0.90,no,,,,,,,envelope card_after.used_mib (read at door return),2026-09-10,records/evidence/2026-09-10-live-srv2/serve-up-q2-q34b-fp8-2-up.json,2026-09-10-live-srv2-serve-up-q2-q34b-fp8-1-up,
wake_s_door,97.2,s,,,srv2,srv2@hosts.json-decl-2026-09-03,llamacpp,llamacpp:b10644-L3,Qwen3-Next-80B-A3B-Instruct-Q3_K_M.gguf,qwen3next,Q3_K_M,35,2,8192,256,mapped,f16,,n/a,,,,,,cold start,envelope units[].seconds (door up-after),2026-09-10,records/evidence/2026-09-10-live-srv2/serve-up-q3-80b-ub1024-1-up.json,2026-09-10-live-srv2-serve-up-q3-80b-ub256-2-up/8003,door clock; for multi-unit envelopes only the largest figure is a wake (O8: the rest are 'after the previous')
card_after_door_mib,11881,MiB,,,srv2,srv2@hosts.json-decl-2026-09-03,llamacpp,llamacpp:b10644-L3,Qwen3-Next-80B-A3B-Instruct-Q3_K_M.gguf,qwen3next,Q3_K_M,35,2,8192,256,mapped,f16,,n/a,,,,,,,envelope card_after.used_mib (read at door return),2026-09-10,records/evidence/2026-09-10-live-srv2/serve-up-q3-80b-ub1024-1-up.json,2026-09-10-live-srv2-serve-up-q3-80b-ub256-2-up,
wake_s_door,96.5,s,,,srv2,srv2@hosts.json-decl-2026-09-03,llamacpp,llamacpp:b10644-L3,Qwen3-Next-80B-A3B-Instruct-Q3_K_M.gguf,qwen3next,Q3_K_M,35,2,8192,1024,mapped,f16,,n/a,,,,,,cold start,envelope units[].seconds (door up-after),2026-09-10,records/evidence/2026-09-10-live-srv2/serve-up-q3-80b-ub1024-2-up.json,2026-09-10-live-srv2-serve-up-q3-80b-ub1024-1-up/8003,door clock; for multi-unit envelopes only the largest figure is a wake (O8: the rest are 'after the previous')
card_after_door_mib,11893,MiB,,,srv2,srv2@hosts.json-decl-2026-09-03,llamacpp,llamacpp:b10644-L3,Qwen3-Next-80B-A3B-Instruct-Q3_K_M.gguf,qwen3next,Q3_K_M,35,2,8192,1024,mapped,f16,,n/a,,,,,,,envelope card_after.used_mib (read at door return),2026-09-10,records/evidence/2026-09-10-live-srv2/serve-up-q3-80b-ub1024-2-up.json,2026-09-10-live-srv2-serve-up-q3-80b-ub1024-1-up,
wake_s_door,96.8,s,,,srv2,srv2@hosts.json-decl-2026-09-03,llamacpp,llamacpp:b10644-L3,Qwen3-Next-80B-A3B-Instruct-Q3_K_M.gguf,qwen3next,Q3_K_M,35,2,8192,256,mapped,f16,,n/a,,,,,,cold start,envelope units[].seconds (door up-after),2026-09-10,records/evidence/2026-09-10-live-srv2/serve-up-q3-80b-ub256-2-up.json,2026-09-10-live-srv2-serve-up-q3-80b-ub256-1-up/8003,door clock; for multi-unit envelopes only the largest figure is a wake (O8: the rest are 'after the previous')
card_after_door_mib,11881,MiB,,,srv2,srv2@hosts.json-decl-2026-09-03,llamacpp,llamacpp:b10644-L3,Qwen3-Next-80B-A3B-Instruct-Q3_K_M.gguf,qwen3next,Q3_K_M,35,2,8192,256,mapped,f16,,n/a,,,,,,,envelope card_after.used_mib (read at door return),2026-09-10,records/evidence/2026-09-10-live-srv2/serve-up-q3-80b-ub256-2-up.json,2026-09-10-live-srv2-serve-up-q3-80b-ub256-1-up,
wake_s_door,104.8,s,,,srv2,srv2@hosts.json-decl-2026-09-03,vllm,vllm/vllm-openai@ffb2d59b1c05,Qwen3-4B-AWQ,,AWQ,,128,2048,,n/a,fp8,0.90,no,,,,,,cold start,envelope units[].seconds (door up-after),2026-09-10,records/evidence/2026-09-10-live-srv2/serve-up-q4-deepseek-n0-1-up.json,2026-09-10-live-srv2-serve-up-q2-q34b-fp8-2-up/8001,door clock; for multi-unit envelopes only the largest figure is a wake (O8: the rest are 'after the previous')
card_after_door_mib,11503,MiB,,,srv2,srv2@hosts.json-decl-2026-09-03,vllm,vllm/vllm-openai@ffb2d59b1c05,Qwen3-4B-AWQ,,AWQ,,128,2048,,n/a,fp8,0.90,no,,,,,,,envelope card_after.used_mib (read at door return),2026-09-10,records/evidence/2026-09-10-live-srv2/serve-up-q4-deepseek-n0-1-up.json,2026-09-10-live-srv2-serve-up-q2-q34b-fp8-2-up,
wake_s_door,41.3,s,,,srv2,srv2@hosts.json-decl-2026-09-03,llamacpp,llamacpp:b10644-L3,deepseek-coder-v2-16b.gguf,deepseek2,,0,2,8192,512,mapped,f16,,n/a,,,,,,cold start,envelope units[].seconds (door up-after),2026-09-10,records/evidence/2026-09-10-live-srv2/serve-up-q4-deepseek-n0-2-up.json,2026-09-10-live-srv2-serve-up-q4-deepseek-n0-1-up/8080,door clock; for multi-unit envelopes only the largest figure is a wake (O8: the rest are 'after the previous')
card_after_door_mib,10751,MiB,,,srv2,srv2@hosts.json-decl-2026-09-03,llamacpp,llamacpp:b10644-L3,deepseek-coder-v2-16b.gguf,deepseek2,,0,2,8192,512,mapped,f16,,n/a,,,,,,,envelope card_after.used_mib (read at door return),2026-09-10,records/evidence/2026-09-10-live-srv2/serve-up-q4-deepseek-n0-2-up.json,2026-09-10-live-srv2-serve-up-q4-deepseek-n0-1-up,
wake_s_door,42.0,s,,,srv2,srv2@hosts.json-decl-2026-09-03,llamacpp,llamacpp:b10644-L3,deepseek-coder-v2-16b.gguf,deepseek2,,0,2,8192,512,mapped,f16,,n/a,,,,,,cold start,envelope units[].seconds (door up-after),2026-09-10,records/evidence/2026-09-10-live-srv2/serve-up-q4-deepseek-n13-1-up.json,2026-09-10-live-srv2-serve-up-q4-deepseek-n0-2-up/8080,door clock; for multi-unit envelopes only the largest figure is a wake (O8: the rest are 'after the previous')
card_after_door_mib,10751,MiB,,,srv2,srv2@hosts.json-decl-2026-09-03,llamacpp,llamacpp:b10644-L3,deepseek-coder-v2-16b.gguf,deepseek2,,0,2,8192,512,mapped,f16,,n/a,,,,,,,envelope card_after.used_mib (read at door return),2026-09-10,records/evidence/2026-09-10-live-srv2/serve-up-q4-deepseek-n13-1-up.json,2026-09-10-live-srv2-serve-up-q4-deepseek-n0-2-up,
wake_s_door,41.3,s,,,srv2,srv2@hosts.json-decl-2026-09-03,llamacpp,llamacpp:b10644-L3,deepseek-coder-v2-16b.gguf,deepseek2,,13,2,8192,512,mapped,f16,,n/a,,,,,,cold start,envelope units[].seconds (door up-after),2026-09-10,records/evidence/2026-09-10-live-srv2/serve-up-q4-deepseek-n13-2-up.json,2026-09-10-live-srv2-serve-up-q4-deepseek-n13-1-up/8080,door clock; for multi-unit envelopes only the largest figure is a wake (O8: the rest are 'after the previous')
card_after_door_mib,7261,MiB,,,srv2,srv2@hosts.json-decl-2026-09-03,llamacpp,llamacpp:b10644-L3,deepseek-coder-v2-16b.gguf,deepseek2,,13,2,8192,512,mapped,f16,,n/a,,,,,,,envelope card_after.used_mib (read at door return),2026-09-10,records/evidence/2026-09-10-live-srv2/serve-up-q4-deepseek-n13-2-up.json,2026-09-10-live-srv2-serve-up-q4-deepseek-n13-1-up,
wake_s_door,41.8,s,,,srv2,srv2@hosts.json-decl-2026-09-03,llamacpp,llamacpp:b10644-L3,deepseek-coder-v2-16b.gguf,deepseek2,,13,2,8192,512,mapped,f16,,n/a,,,,,,cold start,envelope units[].seconds (door up-after),2026-09-10,records/evidence/2026-09-10-live-srv2/serve-up-q4-deepseek-n26-1-up.json,2026-09-10-live-srv2-serve-up-q4-deepseek-n13-2-up/8080,door clock; for multi-unit envelopes only the largest figure is a wake (O8: the rest are 'after the previous')
card_after_door_mib,7261,MiB,,,srv2,srv2@hosts.json-decl-2026-09-03,llamacpp,llamacpp:b10644-L3,deepseek-coder-v2-16b.gguf,deepseek2,,13,2,8192,512,mapped,f16,,n/a,,,,,,,envelope card_after.used_mib (read at door return),2026-09-10,records/evidence/2026-09-10-live-srv2/serve-up-q4-deepseek-n26-1-up.json,2026-09-10-live-srv2-serve-up-q4-deepseek-n13-2-up,
wake_s_door,41.5,s,,,srv2,srv2@hosts.json-decl-2026-09-03,llamacpp,llamacpp:b10644-L3,deepseek-coder-v2-16b.gguf,deepseek2,,26,2,8192,512,mapped,f16,,n/a,,,,,,cold start,envelope units[].seconds (door up-after),2026-09-10,records/evidence/2026-09-10-live-srv2/serve-up-q4-deepseek-n26-2-up.json,2026-09-10-live-srv2-serve-up-q4-deepseek-n26-1-up/8080,door clock; for multi-unit envelopes only the largest figure is a wake (O8: the rest are 'after the previous')
card_after_door_mib,3399,MiB,,,srv2,srv2@hosts.json-decl-2026-09-03,llamacpp,llamacpp:b10644-L3,deepseek-coder-v2-16b.gguf,deepseek2,,26,2,8192,512,mapped,f16,,n/a,,,,,,,envelope card_after.used_mib (read at door return),2026-09-10,records/evidence/2026-09-10-live-srv2/serve-up-q4-deepseek-n26-2-up.json,2026-09-10-live-srv2-serve-up-q4-deepseek-n26-1-up,
wake_s_door,133.5,s,,,srv2,srv2@hosts.json-decl-2026-09-03,vllm,vllm/vllm-openai@ffb2d59b1c05,Qwen2.5-Coder-3B-Instruct-AWQ,,AWQ,,8,4096,,n/a,auto,0.26,yes,service_started,Qwen2.5-Coder-3B-Instruct-AWQ+Qwen2.5-Coder-7B-Instruct-AWQ,,,,cold start,envelope units[].seconds (door up-after),2026-09-10,records/evidence/2026-09-10-live-srv2/serve-up-restore-live.json,2026-09-10-live-srv2-serve-up-q16b-80b-with-7b-awake-3b-asleep-2-pair/8001,door clock; for multi-unit envelopes only the largest figure is a wake (O8: the rest are 'after the previous')
wake_s_door_increment,2.1,s,,,srv2,srv2@hosts.json-decl-2026-09-03,vllm,vllm/vllm-openai@ffb2d59b1c05,Qwen2.5-Coder-7B-Instruct-AWQ,,AWQ,,8,4096,,n/a,auto,0.72,yes,,Qwen2.5-Coder-3B-Instruct-AWQ+Qwen2.5-Coder-7B-Instruct-AWQ,,,,,envelope units[].seconds (O8 increment),2026-09-10,records/evidence/2026-09-10-live-srv2/serve-up-restore-live.json,2026-09-10-live-srv2-serve-up-q16b-80b-with-7b-awake-3b-asleep-2-pair/8002,door clock; for multi-unit envelopes only the largest figure is a wake (O8: the rest are 'after the previous')
card_after_door_mib,11369,MiB,,,srv2,srv2@hosts.json-decl-2026-09-03,vllm,vllm/vllm-openai@ffb2d59b1c05,Qwen2.5-Coder-3B-Instruct-AWQ+Qwen2.5-Coder-7B-Instruct-AWQ,,AWQ,,8,4096,,n/a,auto,0.26+0.72,yes,service_started,pair,,,,,envelope card_after.used_mib (read at door return),2026-09-10,records/evidence/2026-09-10-live-srv2/serve-up-restore-live.json,2026-09-10-live-srv2-serve-up-q16b-80b-with-7b-awake-3b-asleep-2-pair,
wake_s_door,169.4,s,,,srv2,srv2@hosts.json-decl-2026-09-03,vllm,vllm/vllm-openai@ffb2d59b1c05,Qwen2.5-Coder-3B-Instruct-AWQ,,AWQ,,8,4096,,n/a,auto,0.26,no,service_started,Qwen2.5-Coder-3B-Instruct-AWQ+Qwen2.5-Coder-7B-Instruct-AWQ,,,,cold start,envelope units[].seconds (door up-after),2026-09-10,records/evidence/2026-09-10-live-srv2/serve-up.json,2026-09-10-live-srv2-serve-up-restore-live/8001,door clock; for multi-unit envelopes only the largest figure is a wake (O8: the rest are 'after the previous')
wake_s_door_increment,2.0,s,,,srv2,srv2@hosts.json-decl-2026-09-03,vllm,vllm/vllm-openai@ffb2d59b1c05,Qwen2.5-Coder-7B-Instruct-AWQ,,AWQ,,8,4096,,n/a,auto,0.72,no,,Qwen2.5-Coder-3B-Instruct-AWQ+Qwen2.5-Coder-7B-Instruct-AWQ,,,,,envelope units[].seconds (O8 increment),2026-09-10,records/evidence/2026-09-10-live-srv2/serve-up.json,2026-09-10-live-srv2-serve-up-restore-live/8002,door clock; for multi-unit envelopes only the largest figure is a wake (O8: the rest are 'after the previous')
card_after_door_mib,9445,MiB,,,srv2,srv2@hosts.json-decl-2026-09-03,vllm,vllm/vllm-openai@ffb2d59b1c05,Qwen2.5-Coder-3B-Instruct-AWQ+Qwen2.5-Coder-7B-Instruct-AWQ,,AWQ,,8,4096,,n/a,auto,0.26+0.72,no,service_started,pair,,,,,envelope card_after.used_mib (read at door return),2026-09-10,records/evidence/2026-09-10-live-srv2/serve-up.json,2026-09-10-live-srv2-serve-up-restore-live,
decode_tok_s,25.89,tok/s,,,srv1,srv1@hosts.json-decl-2026-09-03,llamacpp,llamacpp:b10644-L3,Qwen3.6-35B-A3B-UD-IQ3_XXS.gguf,qwen35moe,UD-IQ3_XXS,30,2,16384,512,mapped,f16,,n/a,,,,,unrecorded,"cold (first request, discarded warm-up)",,2026-09-08,records/measurements/load-mode-2026-09-08/run.txt,mmap,knobs from 2026-09-08-live-srv1-serve-up-mmap-up envelope
decode_tok_s,32.9667,tok/s,,,srv1,srv1@hosts.json-decl-2026-09-03,llamacpp,llamacpp:b10644-L3,Qwen3.6-35B-A3B-UD-IQ3_XXS.gguf,qwen35moe,UD-IQ3_XXS,30,2,16384,512,mapped,f16,,n/a,,,,,unrecorded,warm (1 discarded + mean of 3),,2026-09-08,records/measurements/load-mode-2026-09-08/run.txt,mmap,"knobs from 2026-09-08-live-srv1-serve-up-mmap-up envelope; samples=[33.0, 32.99, 32.91]"
decode_tok_s,28.95,tok/s,,,srv1,srv1@hosts.json-decl-2026-09-03,llamacpp,llamacpp:b10644-L3,Qwen3.6-35B-A3B-UD-IQ3_XXS.gguf,qwen35moe,UD-IQ3_XXS,30,2,16384,512,none,f16,,n/a,,,,,unrecorded,"cold (first request, discarded warm-up)",,2026-09-08,records/measurements/load-mode-2026-09-08/run.txt,none,knobs from 2026-09-08-live-srv1-serve-up-none-up envelope
decode_tok_s,30.0367,tok/s,,,srv1,srv1@hosts.json-decl-2026-09-03,llamacpp,llamacpp:b10644-L3,Qwen3.6-35B-A3B-UD-IQ3_XXS.gguf,qwen35moe,UD-IQ3_XXS,30,2,16384,512,none,f16,,n/a,,,,,unrecorded,warm (1 discarded + mean of 3),,2026-09-08,records/measurements/load-mode-2026-09-08/run.txt,none,"knobs from 2026-09-08-live-srv1-serve-up-none-up envelope; samples=[33.08, 23.95, 33.08]"
decode_tok_s,22.97,tok/s,,,srv1,srv1@hosts.json-decl-2026-09-03,llamacpp,llamacpp:b10644-L3,Qwen3.6-35B-A3B-UD-IQ3_XXS.gguf,qwen35moe,UD-IQ3_XXS,30,2,16384,512,mapped,f16,,n/a,,,,,unrecorded,"cold (first request, discarded warm-up)",,2026-09-08,records/measurements/load-mode-2026-09-08/run.txt,mmap2,knobs from 2026-09-08-live-srv1-serve-up-mmap-up envelope
decode_tok_s,31.4167,tok/s,,,srv1,srv1@hosts.json-decl-2026-09-03,llamacpp,llamacpp:b10644-L3,Qwen3.6-35B-A3B-UD-IQ3_XXS.gguf,qwen35moe,UD-IQ3_XXS,30,2,16384,512,mapped,f16,,n/a,,,,,unrecorded,warm (1 discarded + mean of 3),,2026-09-08,records/measurements/load-mode-2026-09-08/run.txt,mmap2,"knobs from 2026-09-08-live-srv1-serve-up-mmap-up envelope; samples=[31.41, 31.44, 31.4]"
decode_tok_s,24.13,tok/s,,,srv1,srv1@hosts.json-decl-2026-09-03,llamacpp,llamacpp:b10644-L3,Qwen3.6-35B-A3B-UD-IQ3_XXS.gguf,qwen35moe,UD-IQ3_XXS,30,2,16384,512,none,f16,,n/a,,,,,unrecorded,"cold (first request, discarded warm-up)",,2026-09-08,records/measurements/load-mode-2026-09-08/run.txt,none2,knobs from 2026-09-08-live-srv1-serve-up-none-up envelope
decode_tok_s,31.32,tok/s,,,srv1,srv1@hosts.json-decl-2026-09-03,llamacpp,llamacpp:b10644-L3,Qwen3.6-35B-A3B-UD-IQ3_XXS.gguf,qwen35moe,UD-IQ3_XXS,30,2,16384,512,none,f16,,n/a,,,,,unrecorded,warm (1 discarded + mean of 3),,2026-09-08,records/measurements/load-mode-2026-09-08/run.txt,none2,"knobs from 2026-09-08-live-srv1-serve-up-none-up envelope; samples=[31.31, 31.3, 31.35]"
decode_tok_s,115.8546,tok/s,,,srv2,srv2@hosts.json-decl-2026-09-03,vllm,,Qwen/Qwen2.5-Coder-3B-Instruct-AWQ,,,,bench width 1,,,,,,,,,,,,unstated (tools/serving/concurrency_sweep.py has no warm-up),per_stream_tps,2026-09-06,records/measurements/serving-concurrency-2026-09-06/srv2-vllm-3b.json,srv2-vllm-3b-awq/width1,no compose committed; knobs README:28 vllm v0.26.0 len 4096 seqs 8
decode_tok_s,64.6385,tok/s,,,srv2,srv2@hosts.json-decl-2026-09-03,vllm,,Qwen/Qwen2.5-Coder-7B-Instruct-AWQ,,,,bench width 1,,,,,,,,,,,,unstated (tools/serving/concurrency_sweep.py has no warm-up),per_stream_tps,2026-09-06,records/measurements/serving-concurrency-2026-09-06/srv2-vllm-7b.json,srv2-vllm-7b-awq/width1,no compose committed; knobs README:28 vllm v0.26.0 len 4096 seqs 8
decode_tok_s,27.2326,tok/s,,,srv1,srv1@hosts.json-decl-2026-09-03,llamacpp,,Qwen3.6-35B-A3B-UD-IQ3_XXS,,,,bench width 1,,,,,,,,,,,,unstated (tools/serving/concurrency_sweep.py has no warm-up),per_stream_tps,2026-09-06,records/measurements/serving-concurrency-2026-09-06/srv1-llamacpp-qwen36-35b.json,srv1-llamacpp-qwen36-35b-a3b-iq3xxs/width1,no compose committed; knobs README:27 b10644-L3 -c 32768 --parallel 8
decode_tok_s,8.9684,tok/s,,,srv2,srv2@hosts.json-decl-2026-09-03,llamacpp,,Qwen3.6-35B-A3B-UD-IQ3_XXS,,,,bench width 1,,,,,,,,,,,,unstated (tools/serving/concurrency_sweep.py has no warm-up),per_stream_tps,2026-09-06,records/measurements/serving-concurrency-2026-09-06/srv2-llamacpp-qwen36-35b-cpu-only.json,srv2-llamacpp-qwen36-35b-cpu-only/width1,no compose committed; knobs README:27 cpu-only
decode_tok_s,6.6331,tok/s,,,srv2,srv2@hosts.json-decl-2026-09-03,llamacpp,llamacpp:b10644-L3,Qwen3-Next-80B-A3B-Instruct-Q3_K_M.gguf,qwen3next,Q3_K_M,36,4,16384,512,mapped,f16,,n/a,,,,,,width-1 is a cold first request per README:205,concurrency_sweep per_stream_tps,2026-09-09,records/measurements/flexibility-2026-09-09/results-q12-lambda.json,q12/width1,concurrency width 1
decode_tok_s,14.5621,tok/s,,,srv2,srv2@hosts.json-decl-2026-09-03,llamacpp,llamacpp:b10644-L3,Qwen3-Next-80B-A3B-Instruct-Q3_K_M.gguf,qwen3next,Q3_K_M,36,4,16384,512,mapped,f16,,n/a,,,,,,"concurrent, unstated warm-up",concurrency_sweep per_stream_tps,2026-09-09,records/measurements/flexibility-2026-09-09/results-q12-lambda.json,q12/width2,concurrency width 2
decode_tok_s,8.9642,tok/s,,,srv2,srv2@hosts.json-decl-2026-09-03,llamacpp,llamacpp:b10644-L3,Qwen3-Next-80B-A3B-Instruct-Q3_K_M.gguf,qwen3next,Q3_K_M,36,4,16384,512,mapped,f16,,n/a,,,,,,"concurrent, unstated warm-up",concurrency_sweep per_stream_tps,2026-09-09,records/measurements/flexibility-2026-09-09/results-q12-lambda.json,q12/width4,concurrency width 4
